[2025-07-27 21:19:08,603][src.utils.utils][INFO] - Enforcing tags! <cfg.extras.enforce_tags=True>
[2025-07-27 21:19:08,616][src.utils.utils][INFO] - Printing config tree with Rich! <cfg.extras.print_config=True>
[2025-07-27 21:19:08,687][__main__][INFO] - Instantiating datamodule <src.datamodules.UJIIndoorLoc_datamodule_cos_knn_graph.UJIIndoorLocGraphDataModule>
[2025-07-27 21:19:09,409][src.datamodules.UJIIndoorLoc_datamodule_cos_knn_graph][INFO] - Load data file from C:\Users\Administrator\Desktop\1PAPER\GCOM/data//UJIIndoorLoc\processed\cos_knn_graph_data_23.pt
[2025-07-27 21:19:09,419][src.datamodules.UJIIndoorLoc_datamodule_cos_knn_graph][INFO] - Data loading is done.
[2025-07-27 21:19:09,420][src.datamodules.UJIIndoorLoc_datamodule_cos_knn_graph][INFO] - Data(x=[20982, 520], edge_index=[2, 480815], y=[20982, 2], y_min=[2], y_max=[2], train_mask=[20982], val_mask=[20982], test_mask=[20982], x_dim=520)
[2025-07-27 21:19:09,422][__main__][INFO] - Instantiating model <src.models.gconvloc_localize_module.LocalizationModule>
[2025-07-27 21:19:09,532][__main__][INFO] - Instantiating callbacks...
[2025-07-27 21:19:09,533][src.utils.utils][INFO] - Instantiating callback <pytorch_lightning.callbacks.ModelCheckpoint>
[2025-07-27 21:19:09,538][src.utils.utils][INFO] - Instantiating callback <pytorch_lightning.callbacks.EarlyStopping>
[2025-07-27 21:19:09,539][src.utils.utils][INFO] - Instantiating callback <pytorch_lightning.callbacks.RichModelSummary>
[2025-07-27 21:19:09,539][__main__][INFO] - Instantiating loggers...
[2025-07-27 21:19:09,540][src.utils.utils][INFO] - Instantiating logger <pytorch_lightning.loggers.csv_logs.CSVLogger>
[2025-07-27 21:19:09,541][src.utils.utils][INFO] - Instantiating logger <pytorch_lightning.loggers.tensorboard.TensorBoardLogger>
[2025-07-27 21:19:09,543][src.utils.utils][INFO] - Instantiating logger <pytorch_lightning.loggers.wandb.WandbLogger>
[2025-07-27 21:19:32,986][__main__][INFO] - Instantiating trainer <pytorch_lightning.Trainer>
[2025-07-27 21:19:33,021][__main__][INFO] - Logging hyperparameters!
[2025-07-27 21:19:33,094][__main__][INFO] - Starting training!
[2025-07-27 21:19:33,624][src.utils.utils][ERROR] - 
Traceback (most recent call last):
  File "C:\Users\Administrator\Desktop\1PAPER\GCOM\src\utils\utils.py", line 42, in wrap
    metric_dict, object_dict = task_func(cfg=cfg)
  File "src/train.py", line 61, in train
    trainer.fit(model=model, datamodule=datamodule, ckpt_path=cfg.get("ckpt_path"))
  File "C:\ProgramData\anaconda3\envs\gconvloc\lib\site-packages\pytorch_lightning\trainer\trainer.py", line 696, in fit
    self._call_and_handle_interrupt(
  File "C:\ProgramData\anaconda3\envs\gconvloc\lib\site-packages\pytorch_lightning\trainer\trainer.py", line 650, in _call_and_handle_interrupt
    return trainer_fn(*args, **kwargs)
  File "C:\ProgramData\anaconda3\envs\gconvloc\lib\site-packages\pytorch_lightning\trainer\trainer.py", line 735, in _fit_impl
    results = self._run(model, ckpt_path=self.ckpt_path)
  File "C:\ProgramData\anaconda3\envs\gconvloc\lib\site-packages\pytorch_lightning\trainer\trainer.py", line 1166, in _run
    results = self._run_stage()
  File "C:\ProgramData\anaconda3\envs\gconvloc\lib\site-packages\pytorch_lightning\trainer\trainer.py", line 1252, in _run_stage
    return self._run_train()
  File "C:\ProgramData\anaconda3\envs\gconvloc\lib\site-packages\pytorch_lightning\trainer\trainer.py", line 1283, in _run_train
    self.fit_loop.run()
  File "C:\ProgramData\anaconda3\envs\gconvloc\lib\site-packages\pytorch_lightning\loops\loop.py", line 200, in run
    self.advance(*args, **kwargs)
  File "C:\ProgramData\anaconda3\envs\gconvloc\lib\site-packages\pytorch_lightning\loops\fit_loop.py", line 271, in advance
    self._outputs = self.epoch_loop.run(self._data_fetcher)
  File "C:\ProgramData\anaconda3\envs\gconvloc\lib\site-packages\pytorch_lightning\loops\loop.py", line 200, in run
    self.advance(*args, **kwargs)
  File "C:\ProgramData\anaconda3\envs\gconvloc\lib\site-packages\pytorch_lightning\loops\epoch\training_epoch_loop.py", line 203, in advance
    batch_output = self.batch_loop.run(kwargs)
  File "C:\ProgramData\anaconda3\envs\gconvloc\lib\site-packages\pytorch_lightning\loops\loop.py", line 200, in run
    self.advance(*args, **kwargs)
  File "C:\ProgramData\anaconda3\envs\gconvloc\lib\site-packages\pytorch_lightning\loops\batch\training_batch_loop.py", line 87, in advance
    outputs = self.optimizer_loop.run(optimizers, kwargs)
  File "C:\ProgramData\anaconda3\envs\gconvloc\lib\site-packages\pytorch_lightning\loops\loop.py", line 200, in run
    self.advance(*args, **kwargs)
  File "C:\ProgramData\anaconda3\envs\gconvloc\lib\site-packages\pytorch_lightning\loops\optimization\optimizer_loop.py", line 201, in advance
    result = self._run_optimization(kwargs, self._optimizers[self.optim_progress.optimizer_position])
  File "C:\ProgramData\anaconda3\envs\gconvloc\lib\site-packages\pytorch_lightning\loops\optimization\optimizer_loop.py", line 248, in _run_optimization
    self._optimizer_step(optimizer, opt_idx, kwargs.get("batch_idx", 0), closure)
  File "C:\ProgramData\anaconda3\envs\gconvloc\lib\site-packages\pytorch_lightning\loops\optimization\optimizer_loop.py", line 358, in _optimizer_step
    self.trainer._call_lightning_module_hook(
  File "C:\ProgramData\anaconda3\envs\gconvloc\lib\site-packages\pytorch_lightning\trainer\trainer.py", line 1550, in _call_lightning_module_hook
    output = fn(*args, **kwargs)
  File "C:\ProgramData\anaconda3\envs\gconvloc\lib\site-packages\pytorch_lightning\core\module.py", line 1705, in optimizer_step
    optimizer.step(closure=optimizer_closure)
  File "C:\ProgramData\anaconda3\envs\gconvloc\lib\site-packages\pytorch_lightning\core\optimizer.py", line 168, in step
    step_output = self._strategy.optimizer_step(self._optimizer, self._optimizer_idx, closure, **kwargs)
  File "C:\ProgramData\anaconda3\envs\gconvloc\lib\site-packages\pytorch_lightning\strategies\strategy.py", line 216, in optimizer_step
    return self.precision_plugin.optimizer_step(model, optimizer, opt_idx, closure, **kwargs)
  File "C:\ProgramData\anaconda3\envs\gconvloc\lib\site-packages\pytorch_lightning\plugins\precision\precision_plugin.py", line 153, in optimizer_step
    return optimizer.step(closure=closure, **kwargs)
  File "C:\ProgramData\anaconda3\envs\gconvloc\lib\site-packages\torch\optim\optimizer.py", line 113, in wrapper
    return func(*args, **kwargs)
  File "C:\ProgramData\anaconda3\envs\gconvloc\lib\site-packages\torch\autograd\grad_mode.py", line 27, in decorate_context
    return func(*args, **kwargs)
  File "C:\ProgramData\anaconda3\envs\gconvloc\lib\site-packages\torch\optim\adam.py", line 118, in step
    loss = closure()
  File "C:\ProgramData\anaconda3\envs\gconvloc\lib\site-packages\pytorch_lightning\plugins\precision\precision_plugin.py", line 138, in _wrap_closure
    closure_result = closure()
  File "C:\ProgramData\anaconda3\envs\gconvloc\lib\site-packages\pytorch_lightning\loops\optimization\optimizer_loop.py", line 146, in __call__
    self._result = self.closure(*args, **kwargs)
  File "C:\ProgramData\anaconda3\envs\gconvloc\lib\site-packages\pytorch_lightning\loops\optimization\optimizer_loop.py", line 132, in closure
    step_output = self._step_fn()
  File "C:\ProgramData\anaconda3\envs\gconvloc\lib\site-packages\pytorch_lightning\loops\optimization\optimizer_loop.py", line 407, in _training_step
    training_step_output = self.trainer._call_strategy_hook("training_step", *kwargs.values())
  File "C:\ProgramData\anaconda3\envs\gconvloc\lib\site-packages\pytorch_lightning\trainer\trainer.py", line 1704, in _call_strategy_hook
    output = fn(*args, **kwargs)
  File "C:\ProgramData\anaconda3\envs\gconvloc\lib\site-packages\pytorch_lightning\strategies\strategy.py", line 358, in training_step
    return self.model.training_step(*args, **kwargs)
  File "C:\Users\Administrator\Desktop\1PAPER\GCOM\src\models\gconvloc_localize_module.py", line 97, in training_step
    pred, actual = self.forward(batch, stage="train")
  File "C:\Users\Administrator\Desktop\1PAPER\GCOM\src\models\gconvloc_localize_module.py", line 82, in forward
    out = self.gat(batch.x, batch.edge_index, batch.edge_attr, stage=stage)
  File "C:\ProgramData\anaconda3\envs\gconvloc\lib\site-packages\torch\nn\modules\module.py", line 1130, in _call_impl
    return forward_call(*input, **kwargs)
  File "C:\Users\Administrator\Desktop\1PAPER\GCOM\src\models\components\gat_model.py", line 79, in forward
    x = conv(x, edge_index, edge_attr)
  File "C:\ProgramData\anaconda3\envs\gconvloc\lib\site-packages\torch\nn\modules\module.py", line 1130, in _call_impl
    return forward_call(*input, **kwargs)
  File "C:\ProgramData\anaconda3\envs\gconvloc\lib\site-packages\torch_geometric\nn\conv\gatv2_conv.py", line 236, in forward
    out = self.propagate(edge_index, x=(x_l, x_r), edge_attr=edge_attr,
  File "C:\ProgramData\anaconda3\envs\gconvloc\lib\site-packages\torch_geometric\nn\conv\message_passing.py", line 429, in propagate
    coll_dict = self.__collect__(self.__user_args__, edge_index,
  File "C:\ProgramData\anaconda3\envs\gconvloc\lib\site-packages\torch_geometric\nn\conv\message_passing.py", line 301, in __collect__
    data = self.__lift__(data, edge_index, dim)
  File "C:\ProgramData\anaconda3\envs\gconvloc\lib\site-packages\torch_geometric\nn\conv\message_passing.py", line 266, in __lift__
    raise e
  File "C:\ProgramData\anaconda3\envs\gconvloc\lib\site-packages\torch_geometric\nn\conv\message_passing.py", line 239, in __lift__
    return src.index_select(self.node_dim, index)
RuntimeError: [enforce fail at C:\actions-runner\_work\pytorch\pytorch\builder\windows\pytorch\c10\core\impl\alloc_cpu.cpp:81] data. DefaultCPUAllocator: not enough memory: you tried to allocate 513840128 bytes.
[2025-07-27 21:19:33,655][src.utils.utils][INFO] - Closing loggers...
[2025-07-27 21:19:33,657][src.utils.utils][INFO] - Closing wandb!
[2025-07-27 21:30:39,462][src.utils.utils][INFO] - Enforcing tags! <cfg.extras.enforce_tags=True>
[2025-07-27 21:30:39,476][src.utils.utils][INFO] - Printing config tree with Rich! <cfg.extras.print_config=True>
[2025-07-27 21:30:39,551][__main__][INFO] - Instantiating datamodule <src.datamodules.Spark_datamodule_cos_knn_graph.SparkGraphDataModule>
[2025-07-27 21:30:39,554][src.utils.utils][ERROR] - 
Traceback (most recent call last):
  File "C:\ProgramData\anaconda3\envs\gconvloc\lib\site-packages\hydra\_internal\utils.py", line 644, in _locate
    obj = getattr(obj, part)
AttributeError: module 'src.datamodules' has no attribute 'Spark_datamodule_cos_knn_graph'

During handling of the above exception, another exception occurred:

Traceback (most recent call last):
  File "C:\ProgramData\anaconda3\envs\gconvloc\lib\site-packages\hydra\_internal\utils.py", line 650, in _locate
    obj = import_module(mod)
  File "C:\ProgramData\anaconda3\envs\gconvloc\lib\importlib\__init__.py", line 127, in import_module
    return _bootstrap._gcd_import(name[level:], package, level)
  File "<frozen importlib._bootstrap>", line 1014, in _gcd_import
  File "<frozen importlib._bootstrap>", line 991, in _find_and_load
  File "<frozen importlib._bootstrap>", line 973, in _find_and_load_unlocked
ModuleNotFoundError: No module named 'src.datamodules.Spark_datamodule_cos_knn_graph'

The above exception was the direct cause of the following exception:

Traceback (most recent call last):
  File "C:\ProgramData\anaconda3\envs\gconvloc\lib\site-packages\hydra\_internal\instantiate\_instantiate2.py", line 134, in _resolve_target
    target = _locate(target)
  File "C:\ProgramData\anaconda3\envs\gconvloc\lib\site-packages\hydra\_internal\utils.py", line 653, in _locate
    raise ImportError(
ImportError: Error loading 'src.datamodules.Spark_datamodule_cos_knn_graph.SparkGraphDataModule':
ModuleNotFoundError("No module named 'src.datamodules.Spark_datamodule_cos_knn_graph'")
Are you sure that 'Spark_datamodule_cos_knn_graph' is importable from module 'src.datamodules'?

The above exception was the direct cause of the following exception:

Traceback (most recent call last):
  File "C:\Users\Administrator\Desktop\1PAPER\GCOM\src\utils\utils.py", line 42, in wrap
    metric_dict, object_dict = task_func(cfg=cfg)
  File "src/train.py", line 32, in train
    datamodule: LightningDataModule = hydra.utils.instantiate(cfg.datamodule)
  File "C:\ProgramData\anaconda3\envs\gconvloc\lib\site-packages\hydra\_internal\instantiate\_instantiate2.py", line 226, in instantiate
    return instantiate_node(
  File "C:\ProgramData\anaconda3\envs\gconvloc\lib\site-packages\hydra\_internal\instantiate\_instantiate2.py", line 333, in instantiate_node
    _target_ = _resolve_target(node.get(_Keys.TARGET), full_key)
  File "C:\ProgramData\anaconda3\envs\gconvloc\lib\site-packages\hydra\_internal\instantiate\_instantiate2.py", line 139, in _resolve_target
    raise InstantiationException(msg) from e
hydra.errors.InstantiationException: Error locating target 'src.datamodules.Spark_datamodule_cos_knn_graph.SparkGraphDataModule', set env var HYDRA_FULL_ERROR=1 to see chained exception.
full_key: datamodule
[2025-07-27 21:30:39,566][src.utils.utils][INFO] - Closing loggers...
[2025-07-27 21:34:30,246][src.utils.utils][INFO] - Enforcing tags! <cfg.extras.enforce_tags=True>
[2025-07-27 21:34:30,260][src.utils.utils][INFO] - Printing config tree with Rich! <cfg.extras.print_config=True>
[2025-07-27 21:34:30,329][__main__][INFO] - Instantiating datamodule <src.datamodules.Spark_datamodule_cos_knn_graph.SparkGraphDataModule>
[2025-07-27 21:34:30,331][src.utils.utils][ERROR] - 
Traceback (most recent call last):
  File "C:\ProgramData\anaconda3\envs\gconvloc\lib\site-packages\hydra\_internal\utils.py", line 644, in _locate
    obj = getattr(obj, part)
AttributeError: module 'src.datamodules' has no attribute 'Spark_datamodule_cos_knn_graph'

During handling of the above exception, another exception occurred:

Traceback (most recent call last):
  File "C:\ProgramData\anaconda3\envs\gconvloc\lib\site-packages\hydra\_internal\utils.py", line 650, in _locate
    obj = import_module(mod)
  File "C:\ProgramData\anaconda3\envs\gconvloc\lib\importlib\__init__.py", line 127, in import_module
    return _bootstrap._gcd_import(name[level:], package, level)
  File "<frozen importlib._bootstrap>", line 1014, in _gcd_import
  File "<frozen importlib._bootstrap>", line 991, in _find_and_load
  File "<frozen importlib._bootstrap>", line 973, in _find_and_load_unlocked
ModuleNotFoundError: No module named 'src.datamodules.Spark_datamodule_cos_knn_graph'

The above exception was the direct cause of the following exception:

Traceback (most recent call last):
  File "C:\ProgramData\anaconda3\envs\gconvloc\lib\site-packages\hydra\_internal\instantiate\_instantiate2.py", line 134, in _resolve_target
    target = _locate(target)
  File "C:\ProgramData\anaconda3\envs\gconvloc\lib\site-packages\hydra\_internal\utils.py", line 653, in _locate
    raise ImportError(
ImportError: Error loading 'src.datamodules.Spark_datamodule_cos_knn_graph.SparkGraphDataModule':
ModuleNotFoundError("No module named 'src.datamodules.Spark_datamodule_cos_knn_graph'")
Are you sure that 'Spark_datamodule_cos_knn_graph' is importable from module 'src.datamodules'?

The above exception was the direct cause of the following exception:

Traceback (most recent call last):
  File "C:\Users\Administrator\Desktop\1PAPER\GCOM\src\utils\utils.py", line 42, in wrap
    metric_dict, object_dict = task_func(cfg=cfg)
  File "src/train.py", line 32, in train
    datamodule: LightningDataModule = hydra.utils.instantiate(cfg.datamodule)
  File "C:\ProgramData\anaconda3\envs\gconvloc\lib\site-packages\hydra\_internal\instantiate\_instantiate2.py", line 226, in instantiate
    return instantiate_node(
  File "C:\ProgramData\anaconda3\envs\gconvloc\lib\site-packages\hydra\_internal\instantiate\_instantiate2.py", line 333, in instantiate_node
    _target_ = _resolve_target(node.get(_Keys.TARGET), full_key)
  File "C:\ProgramData\anaconda3\envs\gconvloc\lib\site-packages\hydra\_internal\instantiate\_instantiate2.py", line 139, in _resolve_target
    raise InstantiationException(msg) from e
hydra.errors.InstantiationException: Error locating target 'src.datamodules.Spark_datamodule_cos_knn_graph.SparkGraphDataModule', set env var HYDRA_FULL_ERROR=1 to see chained exception.
full_key: datamodule
[2025-07-27 21:34:30,343][src.utils.utils][INFO] - Closing loggers...
[2025-07-27 21:38:45,172][src.utils.utils][INFO] - Enforcing tags! <cfg.extras.enforce_tags=True>
[2025-07-27 21:38:45,185][src.utils.utils][INFO] - Printing config tree with Rich! <cfg.extras.print_config=True>
[2025-07-27 21:38:45,259][__main__][INFO] - Instantiating datamodule <src.datamodules.Spark_datamodule_cos_knn_graph.SparkGraphDataModule>
[2025-07-27 21:38:45,262][src.utils.utils][ERROR] - 
Traceback (most recent call last):
  File "C:\ProgramData\anaconda3\envs\gconvloc\lib\site-packages\hydra\_internal\utils.py", line 644, in _locate
    obj = getattr(obj, part)
AttributeError: module 'src.datamodules' has no attribute 'Spark_datamodule_cos_knn_graph'

During handling of the above exception, another exception occurred:

Traceback (most recent call last):
  File "C:\ProgramData\anaconda3\envs\gconvloc\lib\site-packages\hydra\_internal\utils.py", line 650, in _locate
    obj = import_module(mod)
  File "C:\ProgramData\anaconda3\envs\gconvloc\lib\importlib\__init__.py", line 127, in import_module
    return _bootstrap._gcd_import(name[level:], package, level)
  File "<frozen importlib._bootstrap>", line 1014, in _gcd_import
  File "<frozen importlib._bootstrap>", line 991, in _find_and_load
  File "<frozen importlib._bootstrap>", line 973, in _find_and_load_unlocked
ModuleNotFoundError: No module named 'src.datamodules.Spark_datamodule_cos_knn_graph'

The above exception was the direct cause of the following exception:

Traceback (most recent call last):
  File "C:\ProgramData\anaconda3\envs\gconvloc\lib\site-packages\hydra\_internal\instantiate\_instantiate2.py", line 134, in _resolve_target
    target = _locate(target)
  File "C:\ProgramData\anaconda3\envs\gconvloc\lib\site-packages\hydra\_internal\utils.py", line 653, in _locate
    raise ImportError(
ImportError: Error loading 'src.datamodules.Spark_datamodule_cos_knn_graph.SparkGraphDataModule':
ModuleNotFoundError("No module named 'src.datamodules.Spark_datamodule_cos_knn_graph'")
Are you sure that 'Spark_datamodule_cos_knn_graph' is importable from module 'src.datamodules'?

The above exception was the direct cause of the following exception:

Traceback (most recent call last):
  File "C:\Users\Administrator\Desktop\1PAPER\GCOM\src\utils\utils.py", line 42, in wrap
    metric_dict, object_dict = task_func(cfg=cfg)
  File "src/train.py", line 32, in train
    datamodule: LightningDataModule = hydra.utils.instantiate(cfg.datamodule)
  File "C:\ProgramData\anaconda3\envs\gconvloc\lib\site-packages\hydra\_internal\instantiate\_instantiate2.py", line 226, in instantiate
    return instantiate_node(
  File "C:\ProgramData\anaconda3\envs\gconvloc\lib\site-packages\hydra\_internal\instantiate\_instantiate2.py", line 333, in instantiate_node
    _target_ = _resolve_target(node.get(_Keys.TARGET), full_key)
  File "C:\ProgramData\anaconda3\envs\gconvloc\lib\site-packages\hydra\_internal\instantiate\_instantiate2.py", line 139, in _resolve_target
    raise InstantiationException(msg) from e
hydra.errors.InstantiationException: Error locating target 'src.datamodules.Spark_datamodule_cos_knn_graph.SparkGraphDataModule', set env var HYDRA_FULL_ERROR=1 to see chained exception.
full_key: datamodule
[2025-07-27 21:38:45,275][src.utils.utils][INFO] - Closing loggers...
[2025-07-27 21:42:10,589][src.utils.utils][INFO] - Enforcing tags! <cfg.extras.enforce_tags=True>
[2025-07-27 21:42:10,603][src.utils.utils][INFO] - Printing config tree with Rich! <cfg.extras.print_config=True>
[2025-07-27 21:42:10,673][__main__][INFO] - Instantiating datamodule <src.datamodules.SLE_datamodule_cos_knn_graph.SLEGraphDataModule>
[2025-07-27 21:42:11,287][src.datamodules.SLE_datamodule_cos_knn_graph][INFO] - Data file C:\Users\Administrator\Desktop\1PAPER\GCOM/data//SLE\processed\cos_knn_graph_data_23.pt does not exists, configure data from raw files
[2025-07-27 21:42:11,295][src.datamodules.SLE_datamodule_cos_knn_graph][INFO] - Data object is created.
[2025-07-27 21:42:11,305][src.datamodules.SLE_datamodule_cos_knn_graph][INFO] - Data file saved at C:\Users\Administrator\Desktop\1PAPER\GCOM/data//SLE\processed\cos_knn_graph_data_23.pt.
[2025-07-27 21:42:11,306][src.datamodules.SLE_datamodule_cos_knn_graph][INFO] - Data loading is done.
[2025-07-27 21:42:11,306][src.datamodules.SLE_datamodule_cos_knn_graph][INFO] - Data(x=[97, 4], edge_index=[2, 2231], y=[97, 2], reference_point=[2], train_mask=[97], test_mask=[97], x_dim=4)
[2025-07-27 21:42:11,308][__main__][INFO] - Instantiating model <src.models.gconvloc_localize_module_sle.LocalizationModule>
[2025-07-27 21:42:11,337][__main__][INFO] - Instantiating callbacks...
[2025-07-27 21:42:11,338][src.utils.utils][INFO] - Instantiating callback <pytorch_lightning.callbacks.ModelCheckpoint>
[2025-07-27 21:42:11,342][src.utils.utils][INFO] - Instantiating callback <pytorch_lightning.callbacks.EarlyStopping>
[2025-07-27 21:42:11,343][src.utils.utils][INFO] - Instantiating callback <pytorch_lightning.callbacks.RichModelSummary>
[2025-07-27 21:42:11,344][__main__][INFO] - Instantiating loggers...
[2025-07-27 21:42:11,344][src.utils.utils][INFO] - Instantiating logger <pytorch_lightning.loggers.csv_logs.CSVLogger>
[2025-07-27 21:42:11,346][src.utils.utils][INFO] - Instantiating logger <pytorch_lightning.loggers.tensorboard.TensorBoardLogger>
[2025-07-27 21:42:11,348][src.utils.utils][INFO] - Instantiating logger <pytorch_lightning.loggers.wandb.WandbLogger>
[2025-07-27 21:42:12,120][__main__][INFO] - Instantiating trainer <pytorch_lightning.Trainer>
[2025-07-27 21:42:12,125][src.utils.utils][ERROR] - 
Traceback (most recent call last):
  File "C:\ProgramData\anaconda3\envs\gconvloc\lib\site-packages\hydra\_internal\instantiate\_instantiate2.py", line 92, in _call_target
    return _target_(*args, **kwargs)
  File "C:\ProgramData\anaconda3\envs\gconvloc\lib\site-packages\pytorch_lightning\utilities\argparse.py", line 345, in insert_env_defaults
    return fn(self, **kwargs)
  File "C:\ProgramData\anaconda3\envs\gconvloc\lib\site-packages\pytorch_lightning\trainer\trainer.py", line 433, in __init__
    self._accelerator_connector = AcceleratorConnector(
  File "C:\ProgramData\anaconda3\envs\gconvloc\lib\site-packages\pytorch_lightning\trainer\connectors\accelerator_connector.py", line 212, in __init__
    self._accelerator_flag = self._choose_gpu_accelerator_backend()
  File "C:\ProgramData\anaconda3\envs\gconvloc\lib\site-packages\pytorch_lightning\trainer\connectors\accelerator_connector.py", line 518, in _choose_gpu_accelerator_backend
    raise MisconfigurationException("No supported gpu backend found!")
pytorch_lightning.utilities.exceptions.MisconfigurationException: No supported gpu backend found!

The above exception was the direct cause of the following exception:

Traceback (most recent call last):
  File "C:\Users\Administrator\Desktop\1PAPER\GCOM\src\utils\utils.py", line 42, in wrap
    metric_dict, object_dict = task_func(cfg=cfg)
  File "src/train.py", line 44, in train
    trainer: Trainer = hydra.utils.instantiate(cfg.trainer, callbacks=callbacks, logger=logger)
  File "C:\ProgramData\anaconda3\envs\gconvloc\lib\site-packages\hydra\_internal\instantiate\_instantiate2.py", line 226, in instantiate
    return instantiate_node(
  File "C:\ProgramData\anaconda3\envs\gconvloc\lib\site-packages\hydra\_internal\instantiate\_instantiate2.py", line 347, in instantiate_node
    return _call_target(_target_, partial, args, kwargs, full_key)
  File "C:\ProgramData\anaconda3\envs\gconvloc\lib\site-packages\hydra\_internal\instantiate\_instantiate2.py", line 97, in _call_target
    raise InstantiationException(msg) from e
hydra.errors.InstantiationException: Error in call to target 'pytorch_lightning.trainer.trainer.Trainer':
MisconfigurationException('No supported gpu backend found!')
full_key: trainer
[2025-07-27 21:42:12,147][src.utils.utils][INFO] - Closing loggers...
[2025-07-27 21:42:12,148][src.utils.utils][INFO] - Closing wandb!
[2025-07-27 21:46:25,868][src.utils.utils][INFO] - Enforcing tags! <cfg.extras.enforce_tags=True>
[2025-07-27 21:46:25,879][src.utils.utils][INFO] - Printing config tree with Rich! <cfg.extras.print_config=True>
[2025-07-27 21:46:25,943][__main__][INFO] - Instantiating datamodule <src.datamodules.SLE_datamodule_cos_knn_graph.SLEGraphDataModule>
[2025-07-27 21:46:26,460][src.datamodules.SLE_datamodule_cos_knn_graph][INFO] - Load data file from C:\Users\Administrator\Desktop\1PAPER\GCOM/data//SLE\processed\cos_knn_graph_data_23.pt
[2025-07-27 21:46:26,461][src.datamodules.SLE_datamodule_cos_knn_graph][INFO] - Data loading is done.
[2025-07-27 21:46:26,461][src.datamodules.SLE_datamodule_cos_knn_graph][INFO] - Data(x=[97, 4], edge_index=[2, 2231], y=[97, 2], reference_point=[2], train_mask=[97], test_mask=[97], x_dim=4)
[2025-07-27 21:46:26,462][__main__][INFO] - Instantiating model <src.models.gconvloc_localize_module_sle.LocalizationModule>
[2025-07-27 21:46:26,472][__main__][INFO] - Instantiating callbacks...
[2025-07-27 21:46:26,473][src.utils.utils][INFO] - Instantiating callback <pytorch_lightning.callbacks.ModelCheckpoint>
[2025-07-27 21:46:26,476][src.utils.utils][INFO] - Instantiating callback <pytorch_lightning.callbacks.EarlyStopping>
[2025-07-27 21:46:26,477][src.utils.utils][INFO] - Instantiating callback <pytorch_lightning.callbacks.RichModelSummary>
[2025-07-27 21:46:26,478][__main__][INFO] - Instantiating loggers...
[2025-07-27 21:46:26,478][src.utils.utils][INFO] - Instantiating logger <pytorch_lightning.loggers.csv_logs.CSVLogger>
[2025-07-27 21:46:26,480][src.utils.utils][INFO] - Instantiating logger <pytorch_lightning.loggers.tensorboard.TensorBoardLogger>
[2025-07-27 21:46:26,481][src.utils.utils][INFO] - Instantiating logger <pytorch_lightning.loggers.wandb.WandbLogger>
[2025-07-27 21:49:57,299][src.utils.utils][INFO] - Enforcing tags! <cfg.extras.enforce_tags=True>
[2025-07-27 21:49:57,309][src.utils.utils][INFO] - Printing config tree with Rich! <cfg.extras.print_config=True>
[2025-07-27 21:49:57,378][__main__][INFO] - Instantiating datamodule <src.datamodules.UJIIndoorLoc_datamodule_cos_knn_graph.UJIIndoorLocGraphDataModule>
[2025-07-27 21:49:57,908][src.datamodules.UJIIndoorLoc_datamodule_cos_knn_graph][INFO] - Load data file from C:\Users\Administrator\Desktop\1PAPER\GCOM/data//UJIIndoorLoc\processed\cos_knn_graph_data_23.pt
[2025-07-27 21:49:57,917][src.datamodules.UJIIndoorLoc_datamodule_cos_knn_graph][INFO] - Data loading is done.
[2025-07-27 21:49:57,917][src.datamodules.UJIIndoorLoc_datamodule_cos_knn_graph][INFO] - Data(x=[20982, 520], edge_index=[2, 480815], y=[20982, 2], y_min=[2], y_max=[2], train_mask=[20982], val_mask=[20982], test_mask=[20982], x_dim=520)
[2025-07-27 21:49:57,919][__main__][INFO] - Instantiating model <src.models.gconvloc_localize_module.LocalizationModule>
[2025-07-27 21:49:57,929][__main__][INFO] - Instantiating callbacks...
[2025-07-27 21:49:57,929][src.utils.utils][INFO] - Instantiating callback <pytorch_lightning.callbacks.ModelCheckpoint>
[2025-07-27 21:49:57,932][src.utils.utils][INFO] - Instantiating callback <pytorch_lightning.callbacks.EarlyStopping>
[2025-07-27 21:49:57,934][src.utils.utils][INFO] - Instantiating callback <pytorch_lightning.callbacks.RichModelSummary>
[2025-07-27 21:49:57,934][__main__][INFO] - Instantiating loggers...
[2025-07-27 21:49:57,935][src.utils.utils][INFO] - Instantiating logger <pytorch_lightning.loggers.csv_logs.CSVLogger>
[2025-07-27 21:49:57,936][src.utils.utils][INFO] - Instantiating logger <pytorch_lightning.loggers.tensorboard.TensorBoardLogger>
[2025-07-27 21:49:57,938][src.utils.utils][INFO] - Instantiating logger <pytorch_lightning.loggers.wandb.WandbLogger>
[2025-07-27 21:50:25,287][__main__][INFO] - Instantiating trainer <pytorch_lightning.Trainer>
[2025-07-27 21:50:25,299][__main__][INFO] - Logging hyperparameters!
[2025-07-27 21:50:25,348][__main__][INFO] - Starting training!
[2025-07-27 21:58:19,149][__main__][INFO] - Starting testing!
[2025-07-27 21:58:20,262][__main__][INFO] - Best ckpt path: C:\Users\Administrator\Desktop\1PAPER\GCOM\logs\train\runs\2025-07-27_21-49-57/checkpoints\epoch_134.ckpt
[2025-07-27 21:58:20,271][src.utils.utils][INFO] - Closing loggers...
[2025-07-27 21:58:20,272][src.utils.utils][INFO] - Closing wandb!
[2025-07-27 21:58:33,623][src.utils.utils][INFO] - Output dir: C:\Users\Administrator\Desktop\1PAPER\GCOM\logs\train\runs\2025-07-27_21-49-57
[2025-07-27 21:58:33,623][src.utils.utils][INFO] - Metric name is None! Skipping metric value retrieval...
[2025-07-27 21:58:57,121][src.utils.utils][INFO] - Enforcing tags! <cfg.extras.enforce_tags=True>
[2025-07-27 21:58:57,132][src.utils.utils][INFO] - Printing config tree with Rich! <cfg.extras.print_config=True>
[2025-07-27 21:58:57,196][__main__][INFO] - Instantiating datamodule <src.datamodules.SLE_datamodule_cos_knn_graph.SLEGraphDataModule>
[2025-07-27 21:58:57,717][src.datamodules.SLE_datamodule_cos_knn_graph][INFO] - Load data file from C:\Users\Administrator\Desktop\1PAPER\GCOM/data//SLE\processed\cos_knn_graph_data_23.pt
[2025-07-27 21:58:57,718][src.datamodules.SLE_datamodule_cos_knn_graph][INFO] - Data loading is done.
[2025-07-27 21:58:57,718][src.datamodules.SLE_datamodule_cos_knn_graph][INFO] - Data(x=[97, 4], edge_index=[2, 2231], y=[97, 2], reference_point=[2], train_mask=[97], test_mask=[97], x_dim=4)
[2025-07-27 21:58:57,719][__main__][INFO] - Instantiating model <src.models.gconvloc_localize_module_sle.LocalizationModule>
[2025-07-27 21:58:57,729][__main__][INFO] - Instantiating callbacks...
[2025-07-27 21:58:57,729][src.utils.utils][INFO] - Instantiating callback <pytorch_lightning.callbacks.ModelCheckpoint>
[2025-07-27 21:58:57,734][src.utils.utils][INFO] - Instantiating callback <pytorch_lightning.callbacks.EarlyStopping>
[2025-07-27 21:58:57,735][src.utils.utils][INFO] - Instantiating callback <pytorch_lightning.callbacks.RichModelSummary>
[2025-07-27 21:58:57,736][__main__][INFO] - Instantiating loggers...
[2025-07-27 21:58:57,737][src.utils.utils][INFO] - Instantiating logger <pytorch_lightning.loggers.csv_logs.CSVLogger>
[2025-07-27 21:58:57,738][src.utils.utils][INFO] - Instantiating logger <pytorch_lightning.loggers.tensorboard.TensorBoardLogger>
[2025-07-27 21:58:57,739][src.utils.utils][INFO] - Instantiating logger <pytorch_lightning.loggers.wandb.WandbLogger>
[2025-07-27 21:59:09,888][__main__][INFO] - Instantiating trainer <pytorch_lightning.Trainer>
[2025-07-27 21:59:09,900][__main__][INFO] - Logging hyperparameters!
[2025-07-27 21:59:09,949][__main__][INFO] - Starting training!
[2025-07-27 21:59:44,602][__main__][INFO] - Starting testing!
[2025-07-27 21:59:44,697][__main__][INFO] - Best ckpt path: C:\Users\Administrator\Desktop\1PAPER\GCOM\logs\train\runs\2025-07-27_21-58-57/checkpoints\epoch_700.ckpt
[2025-07-27 21:59:44,705][src.utils.utils][INFO] - Closing loggers...
[2025-07-27 21:59:44,707][src.utils.utils][INFO] - Closing wandb!
[2025-07-27 21:59:46,576][src.utils.utils][INFO] - Output dir: C:\Users\Administrator\Desktop\1PAPER\GCOM\logs\train\runs\2025-07-27_21-58-57
[2025-07-27 21:59:46,577][src.utils.utils][INFO] - Metric name is None! Skipping metric value retrieval...
[2025-07-27 22:02:24,776][src.utils.utils][INFO] - Enforcing tags! <cfg.extras.enforce_tags=True>
[2025-07-27 22:02:24,788][src.utils.utils][INFO] - Printing config tree with Rich! <cfg.extras.print_config=True>
[2025-07-27 22:02:24,852][__main__][INFO] - Instantiating datamodule <src.datamodules.SLE_datamodule_cos_knn_graph.SLEGraphDataModule>
[2025-07-27 22:02:25,381][src.datamodules.SLE_datamodule_cos_knn_graph][INFO] - Load data file from C:\Users\Administrator\Desktop\1PAPER\GCOM/data//SLE\processed\cos_knn_graph_data_23.pt
[2025-07-27 22:02:25,381][src.datamodules.SLE_datamodule_cos_knn_graph][INFO] - Data loading is done.
[2025-07-27 22:02:25,382][src.datamodules.SLE_datamodule_cos_knn_graph][INFO] - Data(x=[97, 4], edge_index=[2, 2231], y=[97, 2], reference_point=[2], train_mask=[97], test_mask=[97], x_dim=4)
[2025-07-27 22:02:25,383][__main__][INFO] - Instantiating model <src.models.gconvloc_localize_module_sle.LocalizationModule>
[2025-07-27 22:02:25,392][__main__][INFO] - Instantiating callbacks...
[2025-07-27 22:02:25,393][src.utils.utils][INFO] - Instantiating callback <pytorch_lightning.callbacks.ModelCheckpoint>
[2025-07-27 22:02:25,397][src.utils.utils][INFO] - Instantiating callback <pytorch_lightning.callbacks.EarlyStopping>
[2025-07-27 22:02:25,397][src.utils.utils][INFO] - Instantiating callback <pytorch_lightning.callbacks.RichModelSummary>
[2025-07-27 22:02:25,398][__main__][INFO] - Instantiating loggers...
[2025-07-27 22:02:25,398][src.utils.utils][INFO] - Instantiating logger <pytorch_lightning.loggers.csv_logs.CSVLogger>
[2025-07-27 22:02:25,400][src.utils.utils][INFO] - Instantiating logger <pytorch_lightning.loggers.tensorboard.TensorBoardLogger>
[2025-07-27 22:02:25,402][src.utils.utils][INFO] - Instantiating logger <pytorch_lightning.loggers.wandb.WandbLogger>
[2025-07-27 22:02:48,625][__main__][INFO] - Instantiating trainer <pytorch_lightning.Trainer>
[2025-07-27 22:02:48,637][__main__][INFO] - Logging hyperparameters!
[2025-07-27 22:02:48,689][__main__][INFO] - Starting training!
[2025-07-27 22:03:10,038][__main__][INFO] - Starting testing!
[2025-07-27 22:03:10,138][__main__][INFO] - Best ckpt path: C:\Users\Administrator\Desktop\1PAPER\GCOM\logs\train\runs\2025-07-27_22-02-24/checkpoints\epoch_423.ckpt
[2025-07-27 22:03:10,147][src.utils.utils][INFO] - Closing loggers...
[2025-07-27 22:03:10,148][src.utils.utils][INFO] - Closing wandb!
[2025-07-27 22:03:12,188][src.utils.utils][INFO] - Output dir: C:\Users\Administrator\Desktop\1PAPER\GCOM\logs\train\runs\2025-07-27_22-02-24
[2025-07-27 22:03:12,188][src.utils.utils][INFO] - Metric name is None! Skipping metric value retrieval...
[2025-07-27 22:05:38,983][src.utils.utils][INFO] - Enforcing tags! <cfg.extras.enforce_tags=True>
[2025-07-27 22:05:38,995][src.utils.utils][INFO] - Printing config tree with Rich! <cfg.extras.print_config=True>
[2025-07-27 22:05:39,058][__main__][INFO] - Instantiating datamodule <src.datamodules.SLE_datamodule_cos_knn_graph.SLEGraphDataModule>
[2025-07-27 22:05:39,575][src.datamodules.SLE_datamodule_cos_knn_graph][INFO] - Load data file from C:\Users\Administrator\Desktop\1PAPER\GCOM/data//SLE\processed\cos_knn_graph_data_23.pt
[2025-07-27 22:05:39,577][src.datamodules.SLE_datamodule_cos_knn_graph][INFO] - Data loading is done.
[2025-07-27 22:05:39,577][src.datamodules.SLE_datamodule_cos_knn_graph][INFO] - Data(x=[97, 4], edge_index=[2, 2231], y=[97, 2], reference_point=[2], train_mask=[97], test_mask=[97], x_dim=4)
[2025-07-27 22:05:39,579][__main__][INFO] - Instantiating model <src.models.gconvloc_localize_module_sle.LocalizationModule>
[2025-07-27 22:05:39,589][__main__][INFO] - Instantiating callbacks...
[2025-07-27 22:05:39,589][src.utils.utils][INFO] - Instantiating callback <pytorch_lightning.callbacks.ModelCheckpoint>
[2025-07-27 22:05:39,593][src.utils.utils][INFO] - Instantiating callback <pytorch_lightning.callbacks.EarlyStopping>
[2025-07-27 22:05:39,594][src.utils.utils][INFO] - Instantiating callback <pytorch_lightning.callbacks.RichModelSummary>
[2025-07-27 22:05:39,595][__main__][INFO] - Instantiating loggers...
[2025-07-27 22:05:39,595][src.utils.utils][INFO] - Instantiating logger <pytorch_lightning.loggers.csv_logs.CSVLogger>
[2025-07-27 22:05:39,596][src.utils.utils][INFO] - Instantiating logger <pytorch_lightning.loggers.tensorboard.TensorBoardLogger>
[2025-07-27 22:05:39,598][src.utils.utils][INFO] - Instantiating logger <pytorch_lightning.loggers.wandb.WandbLogger>
[2025-07-27 22:05:51,800][__main__][INFO] - Instantiating trainer <pytorch_lightning.Trainer>
[2025-07-27 22:05:51,814][__main__][INFO] - Logging hyperparameters!
[2025-07-27 22:05:51,863][__main__][INFO] - Starting training!
[2025-07-27 22:06:20,951][__main__][INFO] - Starting testing!
[2025-07-27 22:06:21,040][__main__][INFO] - Best ckpt path: C:\Users\Administrator\Desktop\1PAPER\GCOM\logs\train\runs\2025-07-27_22-05-38/checkpoints\epoch_579.ckpt
[2025-07-27 22:06:21,048][src.utils.utils][INFO] - Closing loggers...
[2025-07-27 22:06:21,049][src.utils.utils][INFO] - Closing wandb!
[2025-07-27 22:06:39,197][src.utils.utils][INFO] - Output dir: C:\Users\Administrator\Desktop\1PAPER\GCOM\logs\train\runs\2025-07-27_22-05-38
[2025-07-27 22:06:39,198][src.utils.utils][INFO] - Metric name is None! Skipping metric value retrieval...
[2025-07-27 22:07:07,257][src.utils.utils][INFO] - Enforcing tags! <cfg.extras.enforce_tags=True>
[2025-07-27 22:07:07,270][src.utils.utils][INFO] - Printing config tree with Rich! <cfg.extras.print_config=True>
[2025-07-27 22:07:07,340][__main__][INFO] - Instantiating datamodule <src.datamodules.SLE_datamodule_cos_knn_graph.SLEGraphDataModule>
[2025-07-27 22:07:07,893][src.datamodules.SLE_datamodule_cos_knn_graph][INFO] - Load data file from C:\Users\Administrator\Desktop\1PAPER\GCOM/data//SLE\processed\cos_knn_graph_data_23.pt
[2025-07-27 22:07:07,893][src.datamodules.SLE_datamodule_cos_knn_graph][INFO] - Data loading is done.
[2025-07-27 22:07:07,894][src.datamodules.SLE_datamodule_cos_knn_graph][INFO] - Data(x=[97, 4], edge_index=[2, 2231], y=[97, 2], reference_point=[2], train_mask=[97], test_mask=[97], x_dim=4)
[2025-07-27 22:07:07,895][__main__][INFO] - Instantiating model <src.models.gconvloc_localize_module_sle.LocalizationModule>
[2025-07-27 22:07:07,905][__main__][INFO] - Instantiating callbacks...
[2025-07-27 22:07:07,905][src.utils.utils][INFO] - Instantiating callback <pytorch_lightning.callbacks.ModelCheckpoint>
[2025-07-27 22:07:07,909][src.utils.utils][INFO] - Instantiating callback <pytorch_lightning.callbacks.EarlyStopping>
[2025-07-27 22:07:07,910][src.utils.utils][INFO] - Instantiating callback <pytorch_lightning.callbacks.RichModelSummary>
[2025-07-27 22:07:07,911][__main__][INFO] - Instantiating loggers...
[2025-07-27 22:07:07,911][src.utils.utils][INFO] - Instantiating logger <pytorch_lightning.loggers.csv_logs.CSVLogger>
[2025-07-27 22:07:07,912][src.utils.utils][INFO] - Instantiating logger <pytorch_lightning.loggers.tensorboard.TensorBoardLogger>
[2025-07-27 22:07:07,914][src.utils.utils][INFO] - Instantiating logger <pytorch_lightning.loggers.wandb.WandbLogger>
[2025-07-27 22:07:26,212][__main__][INFO] - Instantiating trainer <pytorch_lightning.Trainer>
[2025-07-27 22:07:26,225][__main__][INFO] - Logging hyperparameters!
[2025-07-27 22:07:26,283][__main__][INFO] - Starting training!
[2025-07-27 22:08:06,940][__main__][INFO] - Starting testing!
[2025-07-27 22:08:07,045][__main__][INFO] - Best ckpt path: C:\Users\Administrator\Desktop\1PAPER\GCOM\logs\train\runs\2025-07-27_22-07-07/checkpoints\epoch_752.ckpt
[2025-07-27 22:08:07,054][src.utils.utils][INFO] - Closing loggers...
[2025-07-27 22:08:07,055][src.utils.utils][INFO] - Closing wandb!
[2025-07-27 22:08:14,688][src.utils.utils][INFO] - Output dir: C:\Users\Administrator\Desktop\1PAPER\GCOM\logs\train\runs\2025-07-27_22-07-07
[2025-07-27 22:08:14,689][src.utils.utils][INFO] - Metric name is None! Skipping metric value retrieval...
[2025-07-27 22:08:31,273][src.utils.utils][INFO] - Enforcing tags! <cfg.extras.enforce_tags=True>
[2025-07-27 22:08:31,283][src.utils.utils][INFO] - Printing config tree with Rich! <cfg.extras.print_config=True>
[2025-07-27 22:08:31,350][__main__][INFO] - Instantiating datamodule <src.datamodules.SLE_datamodule_cos_knn_graph.SLEGraphDataModule>
[2025-07-27 22:08:31,903][src.datamodules.SLE_datamodule_cos_knn_graph][INFO] - Load data file from C:\Users\Administrator\Desktop\1PAPER\GCOM/data//SLE\processed\cos_knn_graph_data_23.pt
[2025-07-27 22:08:31,903][src.datamodules.SLE_datamodule_cos_knn_graph][INFO] - Data loading is done.
[2025-07-27 22:08:31,904][src.datamodules.SLE_datamodule_cos_knn_graph][INFO] - Data(x=[97, 4], edge_index=[2, 2231], y=[97, 2], reference_point=[2], train_mask=[97], test_mask=[97], x_dim=4)
[2025-07-27 22:08:31,905][__main__][INFO] - Instantiating model <src.models.gconvloc_localize_module_sle.LocalizationModule>
[2025-07-27 22:08:31,915][__main__][INFO] - Instantiating callbacks...
[2025-07-27 22:08:31,916][src.utils.utils][INFO] - Instantiating callback <pytorch_lightning.callbacks.ModelCheckpoint>
[2025-07-27 22:08:31,919][src.utils.utils][INFO] - Instantiating callback <pytorch_lightning.callbacks.EarlyStopping>
[2025-07-27 22:08:31,920][src.utils.utils][INFO] - Instantiating callback <pytorch_lightning.callbacks.RichModelSummary>
[2025-07-27 22:08:31,921][__main__][INFO] - Instantiating loggers...
[2025-07-27 22:08:31,921][src.utils.utils][INFO] - Instantiating logger <pytorch_lightning.loggers.csv_logs.CSVLogger>
[2025-07-27 22:08:31,923][src.utils.utils][INFO] - Instantiating logger <pytorch_lightning.loggers.tensorboard.TensorBoardLogger>
[2025-07-27 22:08:31,924][src.utils.utils][INFO] - Instantiating logger <pytorch_lightning.loggers.wandb.WandbLogger>
[2025-07-27 22:08:44,049][__main__][INFO] - Instantiating trainer <pytorch_lightning.Trainer>
[2025-07-27 22:08:44,061][__main__][INFO] - Logging hyperparameters!
[2025-07-27 22:08:44,121][__main__][INFO] - Starting training!
[2025-07-27 22:09:00,785][__main__][INFO] - Starting testing!
[2025-07-27 22:09:00,886][__main__][INFO] - Best ckpt path: C:\Users\Administrator\Desktop\1PAPER\GCOM\logs\train\runs\2025-07-27_22-08-31/checkpoints\epoch_291.ckpt
[2025-07-27 22:09:00,897][src.utils.utils][INFO] - Closing loggers...
[2025-07-27 22:09:00,897][src.utils.utils][INFO] - Closing wandb!
[2025-07-27 22:09:04,817][src.utils.utils][INFO] - Output dir: C:\Users\Administrator\Desktop\1PAPER\GCOM\logs\train\runs\2025-07-27_22-08-31
[2025-07-27 22:09:04,818][src.utils.utils][INFO] - Metric name is None! Skipping metric value retrieval...
[2025-07-27 22:41:49,613][src.utils.utils][INFO] - Enforcing tags! <cfg.extras.enforce_tags=True>
[2025-07-27 22:41:49,623][src.utils.utils][INFO] - Printing config tree with Rich! <cfg.extras.print_config=True>
[2025-07-27 22:41:49,684][__main__][INFO] - Instantiating datamodule <src.datamodules.SLE_datamodule_cos_knn_graph.SLEGraphDataModule>
[2025-07-27 22:41:50,218][src.datamodules.SLE_datamodule_cos_knn_graph][INFO] - Load data file from C:\Users\Administrator\Desktop\1PAPER\GCOM/data//SLE\processed\cos_knn_graph_data_23.pt
[2025-07-27 22:41:50,219][src.datamodules.SLE_datamodule_cos_knn_graph][INFO] - Data loading is done.
[2025-07-27 22:41:50,219][src.datamodules.SLE_datamodule_cos_knn_graph][INFO] - Data(x=[97, 4], edge_index=[2, 2231], y=[97, 2], reference_point=[2], train_mask=[97], test_mask=[97], x_dim=4)
[2025-07-27 22:41:50,220][__main__][INFO] - Instantiating model <src.models.gconvloc_localize_module_sle.LocalizationModule>
[2025-07-27 22:41:50,245][__main__][INFO] - Instantiating callbacks...
[2025-07-27 22:41:50,246][src.utils.utils][INFO] - Instantiating callback <pytorch_lightning.callbacks.ModelCheckpoint>
[2025-07-27 22:41:50,250][src.utils.utils][INFO] - Instantiating callback <pytorch_lightning.callbacks.EarlyStopping>
[2025-07-27 22:41:50,251][src.utils.utils][INFO] - Instantiating callback <pytorch_lightning.callbacks.RichModelSummary>
[2025-07-27 22:41:50,252][__main__][INFO] - Instantiating loggers...
[2025-07-27 22:41:50,252][src.utils.utils][INFO] - Instantiating logger <pytorch_lightning.loggers.csv_logs.CSVLogger>
[2025-07-27 22:41:50,253][src.utils.utils][INFO] - Instantiating logger <pytorch_lightning.loggers.tensorboard.TensorBoardLogger>
[2025-07-27 22:41:50,255][src.utils.utils][INFO] - Instantiating logger <pytorch_lightning.loggers.wandb.WandbLogger>
[2025-07-27 22:42:02,893][__main__][INFO] - Instantiating trainer <pytorch_lightning.Trainer>
[2025-07-27 22:42:02,906][__main__][INFO] - Logging hyperparameters!
[2025-07-27 22:42:02,952][__main__][INFO] - Starting training!
[2025-07-27 22:42:44,336][__main__][INFO] - Starting testing!
[2025-07-27 22:42:44,433][__main__][INFO] - Best ckpt path: C:\Users\Administrator\Desktop\1PAPER\GCOM\logs\train\runs\2025-07-27_22-41-49/checkpoints\epoch_742.ckpt
[2025-07-27 22:42:44,442][src.utils.utils][INFO] - Closing loggers...
[2025-07-27 22:42:44,442][src.utils.utils][INFO] - Closing wandb!
[2025-07-27 22:42:49,652][src.utils.utils][INFO] - Output dir: C:\Users\Administrator\Desktop\1PAPER\GCOM\logs\train\runs\2025-07-27_22-41-49
[2025-07-27 22:42:49,653][src.utils.utils][INFO] - Metric name is None! Skipping metric value retrieval...
[2025-07-27 23:02:20,735][src.utils.utils][INFO] - Enforcing tags! <cfg.extras.enforce_tags=True>
[2025-07-27 23:02:20,745][src.utils.utils][INFO] - Printing config tree with Rich! <cfg.extras.print_config=True>
[2025-07-27 23:02:20,815][__main__][INFO] - Instantiating datamodule <src.datamodules.SLE_datamodule_cos_knn_graph.SLEGraphDataModule>
[2025-07-27 23:02:21,326][src.datamodules.SLE_datamodule_cos_knn_graph][INFO] - Load data file from C:\Users\Administrator\Desktop\1PAPER\GCOM/data//SLE\processed\cos_knn_graph_data_23.pt
[2025-07-27 23:02:21,327][src.datamodules.SLE_datamodule_cos_knn_graph][INFO] - Data loading is done.
[2025-07-27 23:02:21,327][src.datamodules.SLE_datamodule_cos_knn_graph][INFO] - Data(x=[97, 4], edge_index=[2, 2231], y=[97, 2], reference_point=[2], train_mask=[97], test_mask=[97], x_dim=4)
[2025-07-27 23:02:21,328][__main__][INFO] - Instantiating model <src.models.gconvloc_localize_module_sle.LocalizationModule>
[2025-07-27 23:02:21,353][__main__][INFO] - Instantiating callbacks...
[2025-07-27 23:02:21,353][src.utils.utils][INFO] - Instantiating callback <pytorch_lightning.callbacks.ModelCheckpoint>
[2025-07-27 23:02:21,357][src.utils.utils][INFO] - Instantiating callback <pytorch_lightning.callbacks.EarlyStopping>
[2025-07-27 23:02:21,358][src.utils.utils][INFO] - Instantiating callback <pytorch_lightning.callbacks.RichModelSummary>
[2025-07-27 23:02:21,359][__main__][INFO] - Instantiating loggers...
[2025-07-27 23:02:21,359][src.utils.utils][INFO] - Instantiating logger <pytorch_lightning.loggers.csv_logs.CSVLogger>
[2025-07-27 23:02:21,360][src.utils.utils][INFO] - Instantiating logger <pytorch_lightning.loggers.tensorboard.TensorBoardLogger>
[2025-07-27 23:02:21,362][src.utils.utils][INFO] - Instantiating logger <pytorch_lightning.loggers.wandb.WandbLogger>
[2025-07-27 23:02:45,717][__main__][INFO] - Instantiating trainer <pytorch_lightning.Trainer>
[2025-07-27 23:02:45,729][__main__][INFO] - Logging hyperparameters!
[2025-07-27 23:02:45,775][__main__][INFO] - Starting training!
[2025-07-27 23:03:06,787][__main__][INFO] - Starting testing!
[2025-07-27 23:03:06,897][__main__][INFO] - Best ckpt path: C:\Users\Administrator\Desktop\1PAPER\GCOM\logs\train\runs\2025-07-27_23-02-20/checkpoints\epoch_415.ckpt
[2025-07-27 23:03:06,906][src.utils.utils][INFO] - Closing loggers...
[2025-07-27 23:03:06,906][src.utils.utils][INFO] - Closing wandb!
[2025-07-27 23:03:10,164][src.utils.utils][INFO] - Output dir: C:\Users\Administrator\Desktop\1PAPER\GCOM\logs\train\runs\2025-07-27_23-02-20
[2025-07-27 23:03:10,165][src.utils.utils][INFO] - Metric name is None! Skipping metric value retrieval...
[2025-07-28 00:26:29,991][src.utils.utils][INFO] - Enforcing tags! <cfg.extras.enforce_tags=True>
[2025-07-28 00:26:30,003][src.utils.utils][INFO] - Printing config tree with Rich! <cfg.extras.print_config=True>
[2025-07-28 00:26:30,065][__main__][INFO] - Instantiating datamodule <src.datamodules.SLE_datamodule_cos_knn_graph.SLEGraphDataModule>
[2025-07-28 00:26:30,606][src.datamodules.SLE_datamodule_cos_knn_graph][INFO] - Load data file from C:\Users\Administrator\Desktop\1PAPER\GCOM/data//SLE\processed\cos_knn_graph_data_23.pt
[2025-07-28 00:26:30,607][src.datamodules.SLE_datamodule_cos_knn_graph][INFO] - Data loading is done.
[2025-07-28 00:26:30,607][src.datamodules.SLE_datamodule_cos_knn_graph][INFO] - Data(x=[97, 4], edge_index=[2, 2231], y=[97, 2], reference_point=[2], train_mask=[97], test_mask=[97], x_dim=4)
[2025-07-28 00:26:30,608][__main__][INFO] - Instantiating model <src.models.gconvloc_localize_module_sle.LocalizationModule>
[2025-07-28 00:26:30,633][__main__][INFO] - Instantiating callbacks...
[2025-07-28 00:26:30,634][src.utils.utils][INFO] - Instantiating callback <pytorch_lightning.callbacks.ModelCheckpoint>
[2025-07-28 00:26:30,637][src.utils.utils][INFO] - Instantiating callback <pytorch_lightning.callbacks.EarlyStopping>
[2025-07-28 00:26:30,638][src.utils.utils][INFO] - Instantiating callback <pytorch_lightning.callbacks.RichModelSummary>
[2025-07-28 00:26:30,638][__main__][INFO] - Instantiating loggers...
[2025-07-28 00:26:30,639][src.utils.utils][INFO] - Instantiating logger <pytorch_lightning.loggers.csv_logs.CSVLogger>
[2025-07-28 00:26:30,640][src.utils.utils][INFO] - Instantiating logger <pytorch_lightning.loggers.tensorboard.TensorBoardLogger>
[2025-07-28 00:26:30,641][src.utils.utils][INFO] - Instantiating logger <pytorch_lightning.loggers.wandb.WandbLogger>
[2025-07-28 00:26:42,988][__main__][INFO] - Instantiating trainer <pytorch_lightning.Trainer>
[2025-07-28 00:26:43,000][__main__][INFO] - Logging hyperparameters!
[2025-07-28 00:26:43,045][__main__][INFO] - Starting training!
[2025-07-28 00:27:03,532][__main__][INFO] - Starting testing!
[2025-07-28 00:27:03,635][__main__][INFO] - Best ckpt path: C:\Users\Administrator\Desktop\1PAPER\GCOM\logs\train\runs\2025-07-28_00-26-29/checkpoints\epoch_392.ckpt
[2025-07-28 00:27:03,644][src.utils.utils][INFO] - Closing loggers...
[2025-07-28 00:27:03,644][src.utils.utils][INFO] - Closing wandb!
[2025-07-28 00:27:05,819][src.utils.utils][INFO] - Output dir: C:\Users\Administrator\Desktop\1PAPER\GCOM\logs\train\runs\2025-07-28_00-26-29
[2025-07-28 00:27:05,820][src.utils.utils][INFO] - Metric name is None! Skipping metric value retrieval...
[2025-07-28 10:36:53,667][src.utils.utils][INFO] - Enforcing tags! <cfg.extras.enforce_tags=True>
[2025-07-28 10:36:53,683][src.utils.utils][INFO] - Printing config tree with Rich! <cfg.extras.print_config=True>
[2025-07-28 10:36:53,751][__main__][INFO] - Instantiating datamodule <src.datamodules.SLE_datamodule_cos_knn_graph.SLEGraphDataModule>
[2025-07-28 10:36:54,338][src.datamodules.SLE_datamodule_cos_knn_graph][INFO] - Load data file from C:\Users\Administrator\Desktop\1PAPER\GCOM/data//SLE\processed\cos_knn_graph_data_23.pt
[2025-07-28 10:36:54,339][src.datamodules.SLE_datamodule_cos_knn_graph][INFO] - Data loading is done.
[2025-07-28 10:36:54,339][src.datamodules.SLE_datamodule_cos_knn_graph][INFO] - Data(x=[97, 4], edge_index=[2, 2231], y=[97, 2], reference_point=[2], train_mask=[97], test_mask=[97], x_dim=4)
[2025-07-28 10:36:54,341][__main__][INFO] - Instantiating model <src.models.gconvloc_localize_module_sle.LocalizationModule>
[2025-07-28 10:36:54,373][__main__][INFO] - Instantiating callbacks...
[2025-07-28 10:36:54,373][src.utils.utils][INFO] - Instantiating callback <pytorch_lightning.callbacks.ModelCheckpoint>
[2025-07-28 10:36:54,377][src.utils.utils][INFO] - Instantiating callback <pytorch_lightning.callbacks.EarlyStopping>
[2025-07-28 10:36:54,378][src.utils.utils][INFO] - Instantiating callback <pytorch_lightning.callbacks.RichModelSummary>
[2025-07-28 10:36:54,379][__main__][INFO] - Instantiating loggers...
[2025-07-28 10:36:54,379][src.utils.utils][INFO] - Instantiating logger <pytorch_lightning.loggers.csv_logs.CSVLogger>
[2025-07-28 10:36:54,381][src.utils.utils][INFO] - Instantiating logger <pytorch_lightning.loggers.tensorboard.TensorBoardLogger>
[2025-07-28 10:36:54,382][src.utils.utils][INFO] - Instantiating logger <pytorch_lightning.loggers.wandb.WandbLogger>
[2025-07-28 10:37:21,908][__main__][INFO] - Instantiating trainer <pytorch_lightning.Trainer>
[2025-07-28 10:37:21,925][__main__][INFO] - Logging hyperparameters!
[2025-07-28 10:37:21,984][__main__][INFO] - Starting training!
[2025-07-28 10:37:37,679][__main__][INFO] - Starting testing!
[2025-07-28 10:37:37,789][__main__][INFO] - Best ckpt path: C:\Users\Administrator\Desktop\1PAPER\GCOM\logs\train\runs\2025-07-28_10-36-53/checkpoints\epoch_260.ckpt
[2025-07-28 10:37:37,800][src.utils.utils][INFO] - Closing loggers...
[2025-07-28 10:37:37,801][src.utils.utils][INFO] - Closing wandb!
[2025-07-28 10:37:50,177][src.utils.utils][INFO] - Output dir: C:\Users\Administrator\Desktop\1PAPER\GCOM\logs\train\runs\2025-07-28_10-36-53
[2025-07-28 10:37:50,177][src.utils.utils][INFO] - Metric name is None! Skipping metric value retrieval...
[2025-07-28 10:41:57,708][src.utils.utils][INFO] - Enforcing tags! <cfg.extras.enforce_tags=True>
[2025-07-28 10:41:57,722][src.utils.utils][INFO] - Printing config tree with Rich! <cfg.extras.print_config=True>
[2025-07-28 10:41:57,792][__main__][INFO] - Instantiating datamodule <src.datamodules.SLE_datamodule_cos_knn_graph.SLEGraphDataModule>
[2025-07-28 10:41:58,387][src.datamodules.SLE_datamodule_cos_knn_graph][INFO] - Load data file from C:\Users\Administrator\Desktop\1PAPER\GCOM/data//SLE\processed\cos_knn_graph_data_23.pt
[2025-07-28 10:41:58,388][src.datamodules.SLE_datamodule_cos_knn_graph][INFO] - Data loading is done.
[2025-07-28 10:41:58,388][src.datamodules.SLE_datamodule_cos_knn_graph][INFO] - Data(x=[97, 4], edge_index=[2, 2231], y=[97, 2], reference_point=[2], train_mask=[97], test_mask=[97], x_dim=4)
[2025-07-28 10:41:58,389][__main__][INFO] - Instantiating model <src.models.gconvloc_localize_module_sle.LocalizationModule>
[2025-07-28 10:41:58,400][__main__][INFO] - Instantiating callbacks...
[2025-07-28 10:41:58,401][src.utils.utils][INFO] - Instantiating callback <pytorch_lightning.callbacks.ModelCheckpoint>
[2025-07-28 10:41:58,406][src.utils.utils][INFO] - Instantiating callback <pytorch_lightning.callbacks.EarlyStopping>
[2025-07-28 10:41:58,407][src.utils.utils][INFO] - Instantiating callback <pytorch_lightning.callbacks.RichModelSummary>
[2025-07-28 10:41:58,408][__main__][INFO] - Instantiating loggers...
[2025-07-28 10:41:58,408][src.utils.utils][INFO] - Instantiating logger <pytorch_lightning.loggers.csv_logs.CSVLogger>
[2025-07-28 10:41:58,409][src.utils.utils][INFO] - Instantiating logger <pytorch_lightning.loggers.tensorboard.TensorBoardLogger>
[2025-07-28 10:41:58,411][src.utils.utils][INFO] - Instantiating logger <pytorch_lightning.loggers.wandb.WandbLogger>
[2025-07-28 10:42:13,618][__main__][INFO] - Instantiating trainer <pytorch_lightning.Trainer>
[2025-07-28 10:42:13,631][__main__][INFO] - Logging hyperparameters!
[2025-07-28 10:42:13,691][__main__][INFO] - Starting training!
[2025-07-28 10:42:29,692][__main__][INFO] - Starting testing!
[2025-07-28 10:42:29,796][__main__][INFO] - Best ckpt path: C:\Users\Administrator\Desktop\1PAPER\GCOM\logs\train\runs\2025-07-28_10-41-57/checkpoints\epoch_267.ckpt
[2025-07-28 10:42:29,808][src.utils.utils][INFO] - Closing loggers...
[2025-07-28 10:42:29,808][src.utils.utils][INFO] - Closing wandb!
[2025-07-28 10:43:20,747][src.utils.utils][INFO] - Output dir: C:\Users\Administrator\Desktop\1PAPER\GCOM\logs\train\runs\2025-07-28_10-41-57
[2025-07-28 10:43:20,748][src.utils.utils][INFO] - Metric name is None! Skipping metric value retrieval...
[2025-07-28 10:44:02,966][src.utils.utils][INFO] - Enforcing tags! <cfg.extras.enforce_tags=True>
[2025-07-28 10:44:02,977][src.utils.utils][INFO] - Printing config tree with Rich! <cfg.extras.print_config=True>
[2025-07-28 10:44:03,047][__main__][INFO] - Instantiating datamodule <src.datamodules.SLE_datamodule_cos_knn_graph.SLEGraphDataModule>
[2025-07-28 10:44:03,593][src.datamodules.SLE_datamodule_cos_knn_graph][INFO] - Load data file from C:\Users\Administrator\Desktop\1PAPER\GCOM/data//SLE\processed\cos_knn_graph_data_23.pt
[2025-07-28 10:44:03,594][src.datamodules.SLE_datamodule_cos_knn_graph][INFO] - Data loading is done.
[2025-07-28 10:44:03,594][src.datamodules.SLE_datamodule_cos_knn_graph][INFO] - Data(x=[97, 4], edge_index=[2, 2231], y=[97, 2], reference_point=[2], train_mask=[97], test_mask=[97], x_dim=4)
[2025-07-28 10:44:03,595][__main__][INFO] - Instantiating model <src.models.gconvloc_localize_module_sle.LocalizationModule>
[2025-07-28 10:44:03,606][__main__][INFO] - Instantiating callbacks...
[2025-07-28 10:44:03,607][src.utils.utils][INFO] - Instantiating callback <pytorch_lightning.callbacks.ModelCheckpoint>
[2025-07-28 10:44:03,611][src.utils.utils][INFO] - Instantiating callback <pytorch_lightning.callbacks.EarlyStopping>
[2025-07-28 10:44:03,612][src.utils.utils][INFO] - Instantiating callback <pytorch_lightning.callbacks.RichModelSummary>
[2025-07-28 10:44:03,612][__main__][INFO] - Instantiating loggers...
[2025-07-28 10:44:03,613][src.utils.utils][INFO] - Instantiating logger <pytorch_lightning.loggers.csv_logs.CSVLogger>
[2025-07-28 10:44:03,614][src.utils.utils][INFO] - Instantiating logger <pytorch_lightning.loggers.tensorboard.TensorBoardLogger>
[2025-07-28 10:44:03,615][src.utils.utils][INFO] - Instantiating logger <pytorch_lightning.loggers.wandb.WandbLogger>
[2025-07-28 10:44:15,813][__main__][INFO] - Instantiating trainer <pytorch_lightning.Trainer>
[2025-07-28 10:44:15,827][__main__][INFO] - Logging hyperparameters!
[2025-07-28 10:44:15,883][__main__][INFO] - Starting training!
[2025-07-28 10:44:53,567][__main__][INFO] - Starting testing!
[2025-07-28 10:44:53,678][__main__][INFO] - Best ckpt path: C:\Users\Administrator\Desktop\1PAPER\GCOM\logs\train\runs\2025-07-28_10-44-02/checkpoints\epoch_673.ckpt
[2025-07-28 10:44:53,688][src.utils.utils][INFO] - Closing loggers...
[2025-07-28 10:44:53,689][src.utils.utils][INFO] - Closing wandb!
[2025-07-28 10:45:07,187][src.utils.utils][INFO] - Output dir: C:\Users\Administrator\Desktop\1PAPER\GCOM\logs\train\runs\2025-07-28_10-44-02
[2025-07-28 10:45:07,188][src.utils.utils][INFO] - Metric name is None! Skipping metric value retrieval...
[2025-07-28 10:45:46,046][src.utils.utils][INFO] - Enforcing tags! <cfg.extras.enforce_tags=True>
[2025-07-28 10:45:46,058][src.utils.utils][INFO] - Printing config tree with Rich! <cfg.extras.print_config=True>
[2025-07-28 10:45:46,122][__main__][INFO] - Instantiating datamodule <src.datamodules.SLE_datamodule_cos_knn_graph.SLEGraphDataModule>
[2025-07-28 10:45:46,652][src.datamodules.SLE_datamodule_cos_knn_graph][INFO] - Load data file from C:\Users\Administrator\Desktop\1PAPER\GCOM/data//SLE\processed\cos_knn_graph_data_23.pt
[2025-07-28 10:45:46,653][src.datamodules.SLE_datamodule_cos_knn_graph][INFO] - Data loading is done.
[2025-07-28 10:45:46,653][src.datamodules.SLE_datamodule_cos_knn_graph][INFO] - Data(x=[97, 4], edge_index=[2, 2231], y=[97, 2], reference_point=[2], train_mask=[97], test_mask=[97], x_dim=4)
[2025-07-28 10:45:46,655][__main__][INFO] - Instantiating model <src.models.gconvloc_localize_module_sle.LocalizationModule>
[2025-07-28 10:45:46,665][__main__][INFO] - Instantiating callbacks...
[2025-07-28 10:45:46,666][src.utils.utils][INFO] - Instantiating callback <pytorch_lightning.callbacks.ModelCheckpoint>
[2025-07-28 10:45:46,670][src.utils.utils][INFO] - Instantiating callback <pytorch_lightning.callbacks.EarlyStopping>
[2025-07-28 10:45:46,671][src.utils.utils][INFO] - Instantiating callback <pytorch_lightning.callbacks.RichModelSummary>
[2025-07-28 10:45:46,672][__main__][INFO] - Instantiating loggers...
[2025-07-28 10:45:46,672][src.utils.utils][INFO] - Instantiating logger <pytorch_lightning.loggers.csv_logs.CSVLogger>
[2025-07-28 10:45:46,674][src.utils.utils][INFO] - Instantiating logger <pytorch_lightning.loggers.tensorboard.TensorBoardLogger>
[2025-07-28 10:45:46,675][src.utils.utils][INFO] - Instantiating logger <pytorch_lightning.loggers.wandb.WandbLogger>
[2025-07-28 10:45:58,788][__main__][INFO] - Instantiating trainer <pytorch_lightning.Trainer>
[2025-07-28 10:45:58,800][__main__][INFO] - Logging hyperparameters!
[2025-07-28 10:45:58,846][__main__][INFO] - Starting training!
[2025-07-28 10:46:33,293][__main__][INFO] - Starting testing!
[2025-07-28 10:46:33,392][__main__][INFO] - Best ckpt path: C:\Users\Administrator\Desktop\1PAPER\GCOM\logs\train\runs\2025-07-28_10-45-45/checkpoints\epoch_669.ckpt
[2025-07-28 10:46:33,399][src.utils.utils][INFO] - Closing loggers...
[2025-07-28 10:46:33,400][src.utils.utils][INFO] - Closing wandb!
[2025-07-28 10:46:37,177][src.utils.utils][INFO] - Output dir: C:\Users\Administrator\Desktop\1PAPER\GCOM\logs\train\runs\2025-07-28_10-45-45
[2025-07-28 10:46:37,178][src.utils.utils][INFO] - Metric name is None! Skipping metric value retrieval...
[2025-07-28 10:47:04,822][src.utils.utils][INFO] - Enforcing tags! <cfg.extras.enforce_tags=True>
[2025-07-28 10:47:04,832][src.utils.utils][INFO] - Printing config tree with Rich! <cfg.extras.print_config=True>
[2025-07-28 10:47:04,894][__main__][INFO] - Instantiating datamodule <src.datamodules.SLE_datamodule_cos_knn_graph.SLEGraphDataModule>
[2025-07-28 10:47:05,430][src.datamodules.SLE_datamodule_cos_knn_graph][INFO] - Load data file from C:\Users\Administrator\Desktop\1PAPER\GCOM/data//SLE\processed\cos_knn_graph_data_23.pt
[2025-07-28 10:47:05,431][src.datamodules.SLE_datamodule_cos_knn_graph][INFO] - Data loading is done.
[2025-07-28 10:47:05,431][src.datamodules.SLE_datamodule_cos_knn_graph][INFO] - Data(x=[97, 4], edge_index=[2, 2231], y=[97, 2], reference_point=[2], train_mask=[97], test_mask=[97], x_dim=4)
[2025-07-28 10:47:05,432][__main__][INFO] - Instantiating model <src.models.gconvloc_localize_module_sle.LocalizationModule>
[2025-07-28 10:47:05,441][__main__][INFO] - Instantiating callbacks...
[2025-07-28 10:47:05,442][src.utils.utils][INFO] - Instantiating callback <pytorch_lightning.callbacks.ModelCheckpoint>
[2025-07-28 10:47:05,446][src.utils.utils][INFO] - Instantiating callback <pytorch_lightning.callbacks.EarlyStopping>
[2025-07-28 10:47:05,448][src.utils.utils][INFO] - Instantiating callback <pytorch_lightning.callbacks.RichModelSummary>
[2025-07-28 10:47:05,448][__main__][INFO] - Instantiating loggers...
[2025-07-28 10:47:05,449][src.utils.utils][INFO] - Instantiating logger <pytorch_lightning.loggers.csv_logs.CSVLogger>
[2025-07-28 10:47:05,450][src.utils.utils][INFO] - Instantiating logger <pytorch_lightning.loggers.tensorboard.TensorBoardLogger>
[2025-07-28 10:47:05,454][src.utils.utils][INFO] - Instantiating logger <pytorch_lightning.loggers.wandb.WandbLogger>
[2025-07-28 10:47:28,664][__main__][INFO] - Instantiating trainer <pytorch_lightning.Trainer>
[2025-07-28 10:47:28,676][__main__][INFO] - Logging hyperparameters!
[2025-07-28 10:47:28,724][__main__][INFO] - Starting training!
[2025-07-28 10:47:48,397][__main__][INFO] - Starting testing!
[2025-07-28 10:47:48,490][__main__][INFO] - Best ckpt path: C:\Users\Administrator\Desktop\1PAPER\GCOM\logs\train\runs\2025-07-28_10-47-04/checkpoints\epoch_375.ckpt
[2025-07-28 10:47:48,497][src.utils.utils][INFO] - Closing loggers...
[2025-07-28 10:47:48,498][src.utils.utils][INFO] - Closing wandb!
[2025-07-28 10:48:06,438][src.utils.utils][INFO] - Output dir: C:\Users\Administrator\Desktop\1PAPER\GCOM\logs\train\runs\2025-07-28_10-47-04
[2025-07-28 10:48:06,439][src.utils.utils][INFO] - Metric name is None! Skipping metric value retrieval...
[2025-07-28 19:41:23,531][src.utils.utils][INFO] - Enforcing tags! <cfg.extras.enforce_tags=True>
[2025-07-28 19:41:23,540][src.utils.utils][INFO] - Printing config tree with Rich! <cfg.extras.print_config=True>
[2025-07-28 19:41:23,605][__main__][INFO] - Instantiating datamodule <src.datamodules.SLE_datamodule_cos_knn_graph.SLEGraphDataModule>
[2025-07-28 19:41:24,136][src.datamodules.SLE_datamodule_cos_knn_graph][INFO] - Load data file from C:\Users\Administrator\Desktop\1PAPER\GCOM/data//SLE\processed\cos_knn_graph_data_23.pt
[2025-07-28 19:41:24,137][src.datamodules.SLE_datamodule_cos_knn_graph][INFO] - Data loading is done.
[2025-07-28 19:41:24,137][src.datamodules.SLE_datamodule_cos_knn_graph][INFO] - Data(x=[97, 4], edge_index=[2, 2231], y=[97, 2], reference_point=[2], train_mask=[97], test_mask=[97], x_dim=4)
[2025-07-28 19:41:24,138][__main__][INFO] - Instantiating model <src.models.gconvloc_localize_module_sle.LocalizationModule>
[2025-07-28 19:41:24,163][__main__][INFO] - Instantiating callbacks...
[2025-07-28 19:41:24,163][src.utils.utils][INFO] - Instantiating callback <pytorch_lightning.callbacks.ModelCheckpoint>
[2025-07-28 19:41:24,167][src.utils.utils][INFO] - Instantiating callback <pytorch_lightning.callbacks.EarlyStopping>
[2025-07-28 19:41:24,168][src.utils.utils][INFO] - Instantiating callback <pytorch_lightning.callbacks.RichModelSummary>
[2025-07-28 19:41:24,169][__main__][INFO] - Instantiating loggers...
[2025-07-28 19:41:24,169][src.utils.utils][INFO] - Instantiating logger <pytorch_lightning.loggers.csv_logs.CSVLogger>
[2025-07-28 19:41:24,170][src.utils.utils][INFO] - Instantiating logger <pytorch_lightning.loggers.tensorboard.TensorBoardLogger>
[2025-07-28 19:41:24,172][src.utils.utils][INFO] - Instantiating logger <pytorch_lightning.loggers.wandb.WandbLogger>
[2025-07-28 19:43:04,625][src.utils.utils][ERROR] - 
Traceback (most recent call last):
  File "C:\ProgramData\anaconda3\envs\gconvloc\lib\site-packages\wandb\sdk\mailbox\response_handle.py", line 105, in wait_async
    await asyncio.wait_for(evt.wait(), timeout=timeout)
  File "C:\ProgramData\anaconda3\envs\gconvloc\lib\asyncio\tasks.py", line 501, in wait_for
    raise exceptions.TimeoutError()
asyncio.exceptions.TimeoutError

The above exception was the direct cause of the following exception:

Traceback (most recent call last):
  File "C:\ProgramData\anaconda3\envs\gconvloc\lib\site-packages\wandb\sdk\wandb_init.py", line 996, in init
    result = wait_with_progress(
  File "C:\ProgramData\anaconda3\envs\gconvloc\lib\site-packages\wandb\sdk\mailbox\wait_with_progress.py", line 24, in wait_with_progress
    return wait_all_with_progress(
  File "C:\ProgramData\anaconda3\envs\gconvloc\lib\site-packages\wandb\sdk\mailbox\wait_with_progress.py", line 87, in wait_all_with_progress
    return asyncio_compat.run(progress_loop_with_timeout)
  File "C:\ProgramData\anaconda3\envs\gconvloc\lib\site-packages\wandb\sdk\lib\asyncio_compat.py", line 30, in run
    return future.result()
  File "C:\ProgramData\anaconda3\envs\gconvloc\lib\concurrent\futures\_base.py", line 444, in result
    return self.__get_result()
  File "C:\ProgramData\anaconda3\envs\gconvloc\lib\concurrent\futures\_base.py", line 389, in __get_result
    raise self._exception
  File "C:\ProgramData\anaconda3\envs\gconvloc\lib\concurrent\futures\thread.py", line 57, in run
    result = self.fn(*self.args, **self.kwargs)
  File "C:\ProgramData\anaconda3\envs\gconvloc\lib\site-packages\wandb\sdk\lib\asyncio_compat.py", line 74, in run
    return asyncio.run(self._run_or_cancel(fn))
  File "C:\ProgramData\anaconda3\envs\gconvloc\lib\asyncio\runners.py", line 44, in run
    return loop.run_until_complete(main)
  File "C:\ProgramData\anaconda3\envs\gconvloc\lib\asyncio\base_events.py", line 616, in run_until_complete
    return future.result()
  File "C:\ProgramData\anaconda3\envs\gconvloc\lib\site-packages\wandb\sdk\lib\asyncio_compat.py", line 98, in _run_or_cancel
    return fn_task.result()
  File "C:\ProgramData\anaconda3\envs\gconvloc\lib\site-packages\wandb\sdk\mailbox\wait_with_progress.py", line 82, in progress_loop_with_timeout
    return await _wait_handles_async(
  File "C:\ProgramData\anaconda3\envs\gconvloc\lib\site-packages\wandb\sdk\mailbox\wait_with_progress.py", line 132, in _wait_handles_async
    task_group.start_soon(wait_single(index))
  File "C:\ProgramData\anaconda3\envs\gconvloc\lib\contextlib.py", line 178, in __aexit__
    await self.gen.__anext__()
  File "C:\ProgramData\anaconda3\envs\gconvloc\lib\site-packages\wandb\sdk\lib\asyncio_compat.py", line 190, in open_task_group
    await task_group._wait_all()
  File "C:\ProgramData\anaconda3\envs\gconvloc\lib\site-packages\wandb\sdk\lib\asyncio_compat.py", line 159, in _wait_all
    raise exc
  File "C:\ProgramData\anaconda3\envs\gconvloc\lib\site-packages\wandb\sdk\mailbox\wait_with_progress.py", line 128, in wait_single
    results[index] = await handle.wait_async(timeout=timeout)
  File "C:\ProgramData\anaconda3\envs\gconvloc\lib\site-packages\wandb\sdk\mailbox\mailbox_handle.py", line 122, in wait_async
    response = await self._handle.wait_async(timeout=timeout)
  File "C:\ProgramData\anaconda3\envs\gconvloc\lib\site-packages\wandb\sdk\mailbox\response_handle.py", line 114, in wait_async
    raise TimeoutError(
TimeoutError: Timed out waiting for response on 765i6rfumxdg

During handling of the above exception, another exception occurred:

Traceback (most recent call last):
  File "C:\ProgramData\anaconda3\envs\gconvloc\lib\site-packages\hydra\_internal\instantiate\_instantiate2.py", line 92, in _call_target
    return _target_(*args, **kwargs)
  File "C:\ProgramData\anaconda3\envs\gconvloc\lib\site-packages\pytorch_lightning\loggers\wandb.py", line 316, in __init__
    _ = self.experiment
  File "C:\ProgramData\anaconda3\envs\gconvloc\lib\site-packages\pytorch_lightning\loggers\logger.py", line 54, in experiment
    return get_experiment() or DummyExperiment()
  File "C:\ProgramData\anaconda3\envs\gconvloc\lib\site-packages\pytorch_lightning\utilities\rank_zero.py", line 32, in wrapped_fn
    return fn(*args, **kwargs)
  File "C:\ProgramData\anaconda3\envs\gconvloc\lib\site-packages\pytorch_lightning\loggers\logger.py", line 52, in get_experiment
    return fn(self)
  File "C:\ProgramData\anaconda3\envs\gconvloc\lib\site-packages\pytorch_lightning\loggers\wandb.py", line 362, in experiment
    self._experiment = wandb.init(**self._wandb_init)
  File "C:\ProgramData\anaconda3\envs\gconvloc\lib\site-packages\wandb\sdk\wandb_init.py", line 1620, in init
    wandb._sentry.reraise(e)
  File "C:\ProgramData\anaconda3\envs\gconvloc\lib\site-packages\wandb\analytics\sentry.py", line 157, in reraise
    raise exc.with_traceback(sys.exc_info()[2])
  File "C:\ProgramData\anaconda3\envs\gconvloc\lib\site-packages\wandb\sdk\wandb_init.py", line 1606, in init
    return wi.init(run_settings, run_config, run_printer)
  File "C:\ProgramData\anaconda3\envs\gconvloc\lib\site-packages\wandb\sdk\wandb_init.py", line 1009, in init
    raise CommError(
wandb.errors.errors.CommError: Run initialization has timed out after 90.0 sec. Please try increasing the timeout with the `init_timeout` setting: `wandb.init(settings=wandb.Settings(init_timeout=120))`.

The above exception was the direct cause of the following exception:

Traceback (most recent call last):
  File "C:\Users\Administrator\Desktop\1PAPER\GCOM\src\utils\utils.py", line 42, in wrap
    metric_dict, object_dict = task_func(cfg=cfg)
  File "src/train.py", line 41, in train
    logger: List[LightningLoggerBase] = utils.instantiate_loggers(cfg.get("logger"))
  File "C:\Users\Administrator\Desktop\1PAPER\GCOM\src\utils\utils.py", line 128, in instantiate_loggers
    logger.append(hydra.utils.instantiate(lg_conf))
  File "C:\ProgramData\anaconda3\envs\gconvloc\lib\site-packages\hydra\_internal\instantiate\_instantiate2.py", line 226, in instantiate
    return instantiate_node(
  File "C:\ProgramData\anaconda3\envs\gconvloc\lib\site-packages\hydra\_internal\instantiate\_instantiate2.py", line 347, in instantiate_node
    return _call_target(_target_, partial, args, kwargs, full_key)
  File "C:\ProgramData\anaconda3\envs\gconvloc\lib\site-packages\hydra\_internal\instantiate\_instantiate2.py", line 97, in _call_target
    raise InstantiationException(msg) from e
hydra.errors.InstantiationException: Error in call to target 'pytorch_lightning.loggers.wandb.WandbLogger':
CommError('Run initialization has timed out after 90.0 sec. Please try increasing the timeout with the `init_timeout` setting: `wandb.init(settings=wandb.Settings(init_timeout=120))`.')
full_key: logger.wandb
[2025-07-28 19:43:04,646][src.utils.utils][INFO] - Closing loggers...
[2025-07-28 19:43:04,767][urllib3.connectionpool][WARNING] - Retrying (Retry(total=2, connect=None, read=None, redirect=None, status=None)) after connection broken by 'SSLError(SSLZeroReturnError(6, 'TLS/SSL connection has been closed (EOF) (_ssl.c:1149)'))': /api/4504800232407040/envelope/
[2025-07-28 19:43:04,913][urllib3.connectionpool][WARNING] - Retrying (Retry(total=1, connect=None, read=None, redirect=None, status=None)) after connection broken by 'SSLError(SSLZeroReturnError(6, 'TLS/SSL connection has been closed (EOF) (_ssl.c:1149)'))': /api/4504800232407040/envelope/
[2025-07-28 19:43:05,069][urllib3.connectionpool][WARNING] - Retrying (Retry(total=0, connect=None, read=None, redirect=None, status=None)) after connection broken by 'SSLError(SSLZeroReturnError(6, 'TLS/SSL connection has been closed (EOF) (_ssl.c:1149)'))': /api/4504800232407040/envelope/
[2025-07-28 19:44:26,198][src.utils.utils][INFO] - Enforcing tags! <cfg.extras.enforce_tags=True>
[2025-07-28 19:44:26,210][src.utils.utils][INFO] - Printing config tree with Rich! <cfg.extras.print_config=True>
[2025-07-28 19:44:26,276][__main__][INFO] - Instantiating datamodule <src.datamodules.SLE_datamodule_cos_knn_graph.SLEGraphDataModule>
[2025-07-28 19:44:26,824][src.datamodules.SLE_datamodule_cos_knn_graph][INFO] - Load data file from C:\Users\Administrator\Desktop\1PAPER\GCOM/data//SLE\processed\cos_knn_graph_data_23.pt
[2025-07-28 19:44:26,825][src.datamodules.SLE_datamodule_cos_knn_graph][INFO] - Data loading is done.
[2025-07-28 19:44:26,825][src.datamodules.SLE_datamodule_cos_knn_graph][INFO] - Data(x=[97, 4], edge_index=[2, 2231], y=[97, 2], reference_point=[2], train_mask=[97], test_mask=[97], x_dim=4)
[2025-07-28 19:44:26,826][__main__][INFO] - Instantiating model <src.models.gconvloc_localize_module_sle.LocalizationModule>
[2025-07-28 19:44:26,837][__main__][INFO] - Instantiating callbacks...
[2025-07-28 19:44:26,838][src.utils.utils][INFO] - Instantiating callback <pytorch_lightning.callbacks.ModelCheckpoint>
[2025-07-28 19:44:26,841][src.utils.utils][INFO] - Instantiating callback <pytorch_lightning.callbacks.EarlyStopping>
[2025-07-28 19:44:26,842][src.utils.utils][INFO] - Instantiating callback <pytorch_lightning.callbacks.RichModelSummary>
[2025-07-28 19:44:26,842][__main__][INFO] - Instantiating loggers...
[2025-07-28 19:44:26,843][src.utils.utils][INFO] - Instantiating logger <pytorch_lightning.loggers.csv_logs.CSVLogger>
[2025-07-28 19:44:26,844][src.utils.utils][INFO] - Instantiating logger <pytorch_lightning.loggers.tensorboard.TensorBoardLogger>
[2025-07-28 19:44:26,846][src.utils.utils][INFO] - Instantiating logger <pytorch_lightning.loggers.wandb.WandbLogger>
[2025-07-28 19:44:39,023][__main__][INFO] - Instantiating trainer <pytorch_lightning.Trainer>
[2025-07-28 19:44:39,034][__main__][INFO] - Logging hyperparameters!
[2025-07-28 19:44:39,082][__main__][INFO] - Starting training!
[2025-07-28 19:45:02,430][__main__][INFO] - Starting testing!
[2025-07-28 19:45:02,531][__main__][INFO] - Best ckpt path: C:\Users\Administrator\Desktop\1PAPER\GCOM\logs\train\runs\2025-07-28_19-44-26/checkpoints\epoch_460.ckpt
[2025-07-28 19:45:02,540][src.utils.utils][INFO] - Closing loggers...
[2025-07-28 19:45:02,541][src.utils.utils][INFO] - Closing wandb!
[2025-07-28 19:45:12,710][src.utils.utils][INFO] - Output dir: C:\Users\Administrator\Desktop\1PAPER\GCOM\logs\train\runs\2025-07-28_19-44-26
[2025-07-28 19:45:12,710][src.utils.utils][INFO] - Metric name is None! Skipping metric value retrieval...
[2025-07-28 22:20:34,107][src.utils.utils][INFO] - Enforcing tags! <cfg.extras.enforce_tags=True>
[2025-07-28 22:20:34,119][src.utils.utils][INFO] - Printing config tree with Rich! <cfg.extras.print_config=True>
[2025-07-28 22:20:34,185][__main__][INFO] - Instantiating datamodule <src.datamodules.SLE_datamodule_cos_knn_graph.SLEGraphDataModule>
[2025-07-28 22:20:34,734][src.datamodules.SLE_datamodule_cos_knn_graph][INFO] - Load data file from C:\Users\Administrator\Desktop\1PAPER\GCOM/data//SLE\processed\cos_knn_graph_data_23.pt
[2025-07-28 22:20:34,735][src.datamodules.SLE_datamodule_cos_knn_graph][INFO] - Data loading is done.
[2025-07-28 22:20:34,735][src.datamodules.SLE_datamodule_cos_knn_graph][INFO] - Data(x=[97, 4], edge_index=[2, 2231], y=[97, 2], reference_point=[2], train_mask=[97], test_mask=[97], x_dim=4)
[2025-07-28 22:20:34,736][__main__][INFO] - Instantiating model <src.models.gconvloc_localize_module_sle.LocalizationModule>
[2025-07-28 22:20:35,359][src.utils.utils][ERROR] - 
Traceback (most recent call last):
  File "C:\ProgramData\anaconda3\envs\gconvloc\lib\site-packages\hydra\_internal\utils.py", line 644, in _locate
    obj = getattr(obj, part)
AttributeError: module 'src.models' has no attribute 'gconvloc_localize_module_sle'

During handling of the above exception, another exception occurred:

Traceback (most recent call last):
  File "C:\ProgramData\anaconda3\envs\gconvloc\lib\site-packages\hydra\_internal\utils.py", line 650, in _locate
    obj = import_module(mod)
  File "C:\ProgramData\anaconda3\envs\gconvloc\lib\importlib\__init__.py", line 127, in import_module
    return _bootstrap._gcd_import(name[level:], package, level)
  File "<frozen importlib._bootstrap>", line 1014, in _gcd_import
  File "<frozen importlib._bootstrap>", line 991, in _find_and_load
  File "<frozen importlib._bootstrap>", line 975, in _find_and_load_unlocked
  File "<frozen importlib._bootstrap>", line 671, in _load_unlocked
  File "<frozen importlib._bootstrap_external>", line 843, in exec_module
  File "<frozen importlib._bootstrap>", line 219, in _call_with_frames_removed
  File "C:\Users\Administrator\Desktop\1PAPER\GCOM\src\models\gconvloc_localize_module_sle.py", line 10, in <module>
    from scipy.stats import ecdf
ImportError: cannot import name 'ecdf' from 'scipy.stats' (C:\ProgramData\anaconda3\envs\gconvloc\lib\site-packages\scipy\stats\__init__.py)

The above exception was the direct cause of the following exception:

Traceback (most recent call last):
  File "C:\ProgramData\anaconda3\envs\gconvloc\lib\site-packages\hydra\_internal\instantiate\_instantiate2.py", line 134, in _resolve_target
    target = _locate(target)
  File "C:\ProgramData\anaconda3\envs\gconvloc\lib\site-packages\hydra\_internal\utils.py", line 658, in _locate
    raise ImportError(
ImportError: Error loading 'src.models.gconvloc_localize_module_sle.LocalizationModule':
ImportError("cannot import name 'ecdf' from 'scipy.stats' (C:\\ProgramData\\anaconda3\\envs\\gconvloc\\lib\\site-packages\\scipy\\stats\\__init__.py)")

The above exception was the direct cause of the following exception:

Traceback (most recent call last):
  File "C:\Users\Administrator\Desktop\1PAPER\GCOM\src\utils\utils.py", line 42, in wrap
    metric_dict, object_dict = task_func(cfg=cfg)
  File "src/train.py", line 35, in train
    model: LightningModule = hydra.utils.instantiate(cfg.model, datamodule=datamodule)
  File "C:\ProgramData\anaconda3\envs\gconvloc\lib\site-packages\hydra\_internal\instantiate\_instantiate2.py", line 226, in instantiate
    return instantiate_node(
  File "C:\ProgramData\anaconda3\envs\gconvloc\lib\site-packages\hydra\_internal\instantiate\_instantiate2.py", line 333, in instantiate_node
    _target_ = _resolve_target(node.get(_Keys.TARGET), full_key)
  File "C:\ProgramData\anaconda3\envs\gconvloc\lib\site-packages\hydra\_internal\instantiate\_instantiate2.py", line 139, in _resolve_target
    raise InstantiationException(msg) from e
hydra.errors.InstantiationException: Error locating target 'src.models.gconvloc_localize_module_sle.LocalizationModule', set env var HYDRA_FULL_ERROR=1 to see chained exception.
full_key: model
[2025-07-28 22:20:35,371][src.utils.utils][INFO] - Closing loggers...
[2025-07-28 22:21:14,717][src.utils.utils][INFO] - Enforcing tags! <cfg.extras.enforce_tags=True>
[2025-07-28 22:21:14,732][src.utils.utils][INFO] - Printing config tree with Rich! <cfg.extras.print_config=True>
[2025-07-28 22:21:14,797][__main__][INFO] - Instantiating datamodule <src.datamodules.SLE_datamodule_cos_knn_graph.SLEGraphDataModule>
[2025-07-28 22:21:15,311][src.datamodules.SLE_datamodule_cos_knn_graph][INFO] - Load data file from C:\Users\Administrator\Desktop\1PAPER\GCOM/data//SLE\processed\cos_knn_graph_data_23.pt
[2025-07-28 22:21:15,312][src.datamodules.SLE_datamodule_cos_knn_graph][INFO] - Data loading is done.
[2025-07-28 22:21:15,312][src.datamodules.SLE_datamodule_cos_knn_graph][INFO] - Data(x=[97, 4], edge_index=[2, 2231], y=[97, 2], reference_point=[2], train_mask=[97], test_mask=[97], x_dim=4)
[2025-07-28 22:21:15,314][__main__][INFO] - Instantiating model <src.models.gconvloc_localize_module_sle.LocalizationModule>
[2025-07-28 22:21:15,692][src.utils.utils][ERROR] - 
Traceback (most recent call last):
  File "C:\ProgramData\anaconda3\envs\gconvloc\lib\site-packages\hydra\_internal\utils.py", line 644, in _locate
    obj = getattr(obj, part)
AttributeError: module 'src.models' has no attribute 'gconvloc_localize_module_sle'

During handling of the above exception, another exception occurred:

Traceback (most recent call last):
  File "C:\ProgramData\anaconda3\envs\gconvloc\lib\site-packages\hydra\_internal\utils.py", line 650, in _locate
    obj = import_module(mod)
  File "C:\ProgramData\anaconda3\envs\gconvloc\lib\importlib\__init__.py", line 127, in import_module
    return _bootstrap._gcd_import(name[level:], package, level)
  File "<frozen importlib._bootstrap>", line 1014, in _gcd_import
  File "<frozen importlib._bootstrap>", line 991, in _find_and_load
  File "<frozen importlib._bootstrap>", line 975, in _find_and_load_unlocked
  File "<frozen importlib._bootstrap>", line 671, in _load_unlocked
  File "<frozen importlib._bootstrap_external>", line 843, in exec_module
  File "<frozen importlib._bootstrap>", line 219, in _call_with_frames_removed
  File "C:\Users\Administrator\Desktop\1PAPER\GCOM\src\models\gconvloc_localize_module_sle.py", line 10, in <module>
    from scipy.stats import ecdf
ImportError: cannot import name 'ecdf' from 'scipy.stats' (C:\ProgramData\anaconda3\envs\gconvloc\lib\site-packages\scipy\stats\__init__.py)

The above exception was the direct cause of the following exception:

Traceback (most recent call last):
  File "C:\ProgramData\anaconda3\envs\gconvloc\lib\site-packages\hydra\_internal\instantiate\_instantiate2.py", line 134, in _resolve_target
    target = _locate(target)
  File "C:\ProgramData\anaconda3\envs\gconvloc\lib\site-packages\hydra\_internal\utils.py", line 658, in _locate
    raise ImportError(
ImportError: Error loading 'src.models.gconvloc_localize_module_sle.LocalizationModule':
ImportError("cannot import name 'ecdf' from 'scipy.stats' (C:\\ProgramData\\anaconda3\\envs\\gconvloc\\lib\\site-packages\\scipy\\stats\\__init__.py)")

The above exception was the direct cause of the following exception:

Traceback (most recent call last):
  File "C:\Users\Administrator\Desktop\1PAPER\GCOM\src\utils\utils.py", line 42, in wrap
    metric_dict, object_dict = task_func(cfg=cfg)
  File "src/train.py", line 35, in train
    model: LightningModule = hydra.utils.instantiate(cfg.model, datamodule=datamodule)
  File "C:\ProgramData\anaconda3\envs\gconvloc\lib\site-packages\hydra\_internal\instantiate\_instantiate2.py", line 226, in instantiate
    return instantiate_node(
  File "C:\ProgramData\anaconda3\envs\gconvloc\lib\site-packages\hydra\_internal\instantiate\_instantiate2.py", line 333, in instantiate_node
    _target_ = _resolve_target(node.get(_Keys.TARGET), full_key)
  File "C:\ProgramData\anaconda3\envs\gconvloc\lib\site-packages\hydra\_internal\instantiate\_instantiate2.py", line 139, in _resolve_target
    raise InstantiationException(msg) from e
hydra.errors.InstantiationException: Error locating target 'src.models.gconvloc_localize_module_sle.LocalizationModule', set env var HYDRA_FULL_ERROR=1 to see chained exception.
full_key: model
[2025-07-28 22:21:15,706][src.utils.utils][INFO] - Closing loggers...
[2025-07-28 22:21:46,735][src.utils.utils][INFO] - Enforcing tags! <cfg.extras.enforce_tags=True>
[2025-07-28 22:21:46,746][src.utils.utils][INFO] - Printing config tree with Rich! <cfg.extras.print_config=True>
[2025-07-28 22:21:46,813][__main__][INFO] - Instantiating datamodule <src.datamodules.SLE_datamodule_cos_knn_graph.SLEGraphDataModule>
[2025-07-28 22:21:47,321][src.datamodules.SLE_datamodule_cos_knn_graph][INFO] - Load data file from C:\Users\Administrator\Desktop\1PAPER\GCOM/data//SLE\processed\cos_knn_graph_data_23.pt
[2025-07-28 22:21:47,321][src.datamodules.SLE_datamodule_cos_knn_graph][INFO] - Data loading is done.
[2025-07-28 22:21:47,322][src.datamodules.SLE_datamodule_cos_knn_graph][INFO] - Data(x=[97, 4], edge_index=[2, 2231], y=[97, 2], reference_point=[2], train_mask=[97], test_mask=[97], x_dim=4)
[2025-07-28 22:21:47,323][__main__][INFO] - Instantiating model <src.models.gconvloc_localize_module_sle.LocalizationModule>
[2025-07-28 22:21:47,349][__main__][INFO] - Instantiating callbacks...
[2025-07-28 22:21:47,349][src.utils.utils][INFO] - Instantiating callback <pytorch_lightning.callbacks.ModelCheckpoint>
[2025-07-28 22:21:47,353][src.utils.utils][INFO] - Instantiating callback <pytorch_lightning.callbacks.EarlyStopping>
[2025-07-28 22:21:47,354][src.utils.utils][INFO] - Instantiating callback <pytorch_lightning.callbacks.RichModelSummary>
[2025-07-28 22:21:47,355][__main__][INFO] - Instantiating loggers...
[2025-07-28 22:21:47,355][src.utils.utils][INFO] - Instantiating logger <pytorch_lightning.loggers.csv_logs.CSVLogger>
[2025-07-28 22:21:47,357][src.utils.utils][INFO] - Instantiating logger <pytorch_lightning.loggers.tensorboard.TensorBoardLogger>
[2025-07-28 22:21:47,360][src.utils.utils][INFO] - Instantiating logger <pytorch_lightning.loggers.wandb.WandbLogger>
[2025-07-28 22:23:27,795][src.utils.utils][ERROR] - 
Traceback (most recent call last):
  File "C:\ProgramData\anaconda3\envs\gconvloc\lib\site-packages\wandb\sdk\mailbox\response_handle.py", line 105, in wait_async
    await asyncio.wait_for(evt.wait(), timeout=timeout)
  File "C:\ProgramData\anaconda3\envs\gconvloc\lib\asyncio\tasks.py", line 501, in wait_for
    raise exceptions.TimeoutError()
asyncio.exceptions.TimeoutError

The above exception was the direct cause of the following exception:

Traceback (most recent call last):
  File "C:\ProgramData\anaconda3\envs\gconvloc\lib\site-packages\wandb\sdk\wandb_init.py", line 996, in init
    result = wait_with_progress(
  File "C:\ProgramData\anaconda3\envs\gconvloc\lib\site-packages\wandb\sdk\mailbox\wait_with_progress.py", line 24, in wait_with_progress
    return wait_all_with_progress(
  File "C:\ProgramData\anaconda3\envs\gconvloc\lib\site-packages\wandb\sdk\mailbox\wait_with_progress.py", line 87, in wait_all_with_progress
    return asyncio_compat.run(progress_loop_with_timeout)
  File "C:\ProgramData\anaconda3\envs\gconvloc\lib\site-packages\wandb\sdk\lib\asyncio_compat.py", line 30, in run
    return future.result()
  File "C:\ProgramData\anaconda3\envs\gconvloc\lib\concurrent\futures\_base.py", line 444, in result
    return self.__get_result()
  File "C:\ProgramData\anaconda3\envs\gconvloc\lib\concurrent\futures\_base.py", line 389, in __get_result
    raise self._exception
  File "C:\ProgramData\anaconda3\envs\gconvloc\lib\concurrent\futures\thread.py", line 57, in run
    result = self.fn(*self.args, **self.kwargs)
  File "C:\ProgramData\anaconda3\envs\gconvloc\lib\site-packages\wandb\sdk\lib\asyncio_compat.py", line 74, in run
    return asyncio.run(self._run_or_cancel(fn))
  File "C:\ProgramData\anaconda3\envs\gconvloc\lib\asyncio\runners.py", line 44, in run
    return loop.run_until_complete(main)
  File "C:\ProgramData\anaconda3\envs\gconvloc\lib\asyncio\base_events.py", line 616, in run_until_complete
    return future.result()
  File "C:\ProgramData\anaconda3\envs\gconvloc\lib\site-packages\wandb\sdk\lib\asyncio_compat.py", line 98, in _run_or_cancel
    return fn_task.result()
  File "C:\ProgramData\anaconda3\envs\gconvloc\lib\site-packages\wandb\sdk\mailbox\wait_with_progress.py", line 82, in progress_loop_with_timeout
    return await _wait_handles_async(
  File "C:\ProgramData\anaconda3\envs\gconvloc\lib\site-packages\wandb\sdk\mailbox\wait_with_progress.py", line 132, in _wait_handles_async
    task_group.start_soon(wait_single(index))
  File "C:\ProgramData\anaconda3\envs\gconvloc\lib\contextlib.py", line 178, in __aexit__
    await self.gen.__anext__()
  File "C:\ProgramData\anaconda3\envs\gconvloc\lib\site-packages\wandb\sdk\lib\asyncio_compat.py", line 190, in open_task_group
    await task_group._wait_all()
  File "C:\ProgramData\anaconda3\envs\gconvloc\lib\site-packages\wandb\sdk\lib\asyncio_compat.py", line 159, in _wait_all
    raise exc
  File "C:\ProgramData\anaconda3\envs\gconvloc\lib\site-packages\wandb\sdk\mailbox\wait_with_progress.py", line 128, in wait_single
    results[index] = await handle.wait_async(timeout=timeout)
  File "C:\ProgramData\anaconda3\envs\gconvloc\lib\site-packages\wandb\sdk\mailbox\mailbox_handle.py", line 122, in wait_async
    response = await self._handle.wait_async(timeout=timeout)
  File "C:\ProgramData\anaconda3\envs\gconvloc\lib\site-packages\wandb\sdk\mailbox\response_handle.py", line 114, in wait_async
    raise TimeoutError(
TimeoutError: Timed out waiting for response on cx823ztw2fu7

During handling of the above exception, another exception occurred:

Traceback (most recent call last):
  File "C:\ProgramData\anaconda3\envs\gconvloc\lib\site-packages\hydra\_internal\instantiate\_instantiate2.py", line 92, in _call_target
    return _target_(*args, **kwargs)
  File "C:\ProgramData\anaconda3\envs\gconvloc\lib\site-packages\pytorch_lightning\loggers\wandb.py", line 316, in __init__
    _ = self.experiment
  File "C:\ProgramData\anaconda3\envs\gconvloc\lib\site-packages\pytorch_lightning\loggers\logger.py", line 54, in experiment
    return get_experiment() or DummyExperiment()
  File "C:\ProgramData\anaconda3\envs\gconvloc\lib\site-packages\pytorch_lightning\utilities\rank_zero.py", line 32, in wrapped_fn
    return fn(*args, **kwargs)
  File "C:\ProgramData\anaconda3\envs\gconvloc\lib\site-packages\pytorch_lightning\loggers\logger.py", line 52, in get_experiment
    return fn(self)
  File "C:\ProgramData\anaconda3\envs\gconvloc\lib\site-packages\pytorch_lightning\loggers\wandb.py", line 362, in experiment
    self._experiment = wandb.init(**self._wandb_init)
  File "C:\ProgramData\anaconda3\envs\gconvloc\lib\site-packages\wandb\sdk\wandb_init.py", line 1620, in init
    wandb._sentry.reraise(e)
  File "C:\ProgramData\anaconda3\envs\gconvloc\lib\site-packages\wandb\analytics\sentry.py", line 157, in reraise
    raise exc.with_traceback(sys.exc_info()[2])
  File "C:\ProgramData\anaconda3\envs\gconvloc\lib\site-packages\wandb\sdk\wandb_init.py", line 1606, in init
    return wi.init(run_settings, run_config, run_printer)
  File "C:\ProgramData\anaconda3\envs\gconvloc\lib\site-packages\wandb\sdk\wandb_init.py", line 1009, in init
    raise CommError(
wandb.errors.errors.CommError: Run initialization has timed out after 90.0 sec. Please try increasing the timeout with the `init_timeout` setting: `wandb.init(settings=wandb.Settings(init_timeout=120))`.

The above exception was the direct cause of the following exception:

Traceback (most recent call last):
  File "C:\Users\Administrator\Desktop\1PAPER\GCOM\src\utils\utils.py", line 42, in wrap
    metric_dict, object_dict = task_func(cfg=cfg)
  File "src/train.py", line 41, in train
    logger: List[LightningLoggerBase] = utils.instantiate_loggers(cfg.get("logger"))
  File "C:\Users\Administrator\Desktop\1PAPER\GCOM\src\utils\utils.py", line 128, in instantiate_loggers
    logger.append(hydra.utils.instantiate(lg_conf))
  File "C:\ProgramData\anaconda3\envs\gconvloc\lib\site-packages\hydra\_internal\instantiate\_instantiate2.py", line 226, in instantiate
    return instantiate_node(
  File "C:\ProgramData\anaconda3\envs\gconvloc\lib\site-packages\hydra\_internal\instantiate\_instantiate2.py", line 347, in instantiate_node
    return _call_target(_target_, partial, args, kwargs, full_key)
  File "C:\ProgramData\anaconda3\envs\gconvloc\lib\site-packages\hydra\_internal\instantiate\_instantiate2.py", line 97, in _call_target
    raise InstantiationException(msg) from e
hydra.errors.InstantiationException: Error in call to target 'pytorch_lightning.loggers.wandb.WandbLogger':
CommError('Run initialization has timed out after 90.0 sec. Please try increasing the timeout with the `init_timeout` setting: `wandb.init(settings=wandb.Settings(init_timeout=120))`.')
full_key: logger.wandb
[2025-07-28 22:23:27,815][src.utils.utils][INFO] - Closing loggers...
[2025-07-28 22:23:27,937][urllib3.connectionpool][WARNING] - Retrying (Retry(total=2, connect=None, read=None, redirect=None, status=None)) after connection broken by 'SSLError(SSLZeroReturnError(6, 'TLS/SSL connection has been closed (EOF) (_ssl.c:1149)'))': /api/4504800232407040/envelope/
[2025-07-28 22:23:28,071][urllib3.connectionpool][WARNING] - Retrying (Retry(total=1, connect=None, read=None, redirect=None, status=None)) after connection broken by 'SSLError(SSLZeroReturnError(6, 'TLS/SSL connection has been closed (EOF) (_ssl.c:1149)'))': /api/4504800232407040/envelope/
[2025-07-28 22:23:28,207][urllib3.connectionpool][WARNING] - Retrying (Retry(total=0, connect=None, read=None, redirect=None, status=None)) after connection broken by 'SSLError(SSLZeroReturnError(6, 'TLS/SSL connection has been closed (EOF) (_ssl.c:1149)'))': /api/4504800232407040/envelope/
[2025-07-28 22:24:51,422][src.utils.utils][INFO] - Enforcing tags! <cfg.extras.enforce_tags=True>
[2025-07-28 22:24:51,432][src.utils.utils][INFO] - Printing config tree with Rich! <cfg.extras.print_config=True>
[2025-07-28 22:24:51,511][__main__][INFO] - Instantiating datamodule <src.datamodules.SLE_datamodule_cos_knn_graph.SLEGraphDataModule>
[2025-07-28 22:24:52,038][src.datamodules.SLE_datamodule_cos_knn_graph][INFO] - Load data file from C:\Users\Administrator\Desktop\1PAPER\GCOM/data//SLE\processed\cos_knn_graph_data_23.pt
[2025-07-28 22:24:52,039][src.datamodules.SLE_datamodule_cos_knn_graph][INFO] - Data loading is done.
[2025-07-28 22:24:52,039][src.datamodules.SLE_datamodule_cos_knn_graph][INFO] - Data(x=[97, 4], edge_index=[2, 2231], y=[97, 2], reference_point=[2], train_mask=[97], test_mask=[97], x_dim=4)
[2025-07-28 22:24:52,040][__main__][INFO] - Instantiating model <src.models.gconvloc_localize_module_sle.LocalizationModule>
[2025-07-28 22:24:52,432][src.utils.utils][ERROR] - 
Traceback (most recent call last):
  File "C:\ProgramData\anaconda3\envs\gconvloc\lib\site-packages\hydra\_internal\utils.py", line 644, in _locate
    obj = getattr(obj, part)
AttributeError: module 'src.models' has no attribute 'gconvloc_localize_module_sle'

During handling of the above exception, another exception occurred:

Traceback (most recent call last):
  File "C:\ProgramData\anaconda3\envs\gconvloc\lib\site-packages\hydra\_internal\utils.py", line 650, in _locate
    obj = import_module(mod)
  File "C:\ProgramData\anaconda3\envs\gconvloc\lib\importlib\__init__.py", line 127, in import_module
    return _bootstrap._gcd_import(name[level:], package, level)
  File "<frozen importlib._bootstrap>", line 1014, in _gcd_import
  File "<frozen importlib._bootstrap>", line 991, in _find_and_load
  File "<frozen importlib._bootstrap>", line 975, in _find_and_load_unlocked
  File "<frozen importlib._bootstrap>", line 671, in _load_unlocked
  File "<frozen importlib._bootstrap_external>", line 843, in exec_module
  File "<frozen importlib._bootstrap>", line 219, in _call_with_frames_removed
  File "C:\Users\Administrator\Desktop\1PAPER\GCOM\src\models\gconvloc_localize_module_sle.py", line 10, in <module>
    from scipy.stats import ecdf
ImportError: cannot import name 'ecdf' from 'scipy.stats' (C:\ProgramData\anaconda3\envs\gconvloc\lib\site-packages\scipy\stats\__init__.py)

The above exception was the direct cause of the following exception:

Traceback (most recent call last):
  File "C:\ProgramData\anaconda3\envs\gconvloc\lib\site-packages\hydra\_internal\instantiate\_instantiate2.py", line 134, in _resolve_target
    target = _locate(target)
  File "C:\ProgramData\anaconda3\envs\gconvloc\lib\site-packages\hydra\_internal\utils.py", line 658, in _locate
    raise ImportError(
ImportError: Error loading 'src.models.gconvloc_localize_module_sle.LocalizationModule':
ImportError("cannot import name 'ecdf' from 'scipy.stats' (C:\\ProgramData\\anaconda3\\envs\\gconvloc\\lib\\site-packages\\scipy\\stats\\__init__.py)")

The above exception was the direct cause of the following exception:

Traceback (most recent call last):
  File "C:\Users\Administrator\Desktop\1PAPER\GCOM\src\utils\utils.py", line 42, in wrap
    metric_dict, object_dict = task_func(cfg=cfg)
  File "src/train.py", line 35, in train
    model: LightningModule = hydra.utils.instantiate(cfg.model, datamodule=datamodule)
  File "C:\ProgramData\anaconda3\envs\gconvloc\lib\site-packages\hydra\_internal\instantiate\_instantiate2.py", line 226, in instantiate
    return instantiate_node(
  File "C:\ProgramData\anaconda3\envs\gconvloc\lib\site-packages\hydra\_internal\instantiate\_instantiate2.py", line 333, in instantiate_node
    _target_ = _resolve_target(node.get(_Keys.TARGET), full_key)
  File "C:\ProgramData\anaconda3\envs\gconvloc\lib\site-packages\hydra\_internal\instantiate\_instantiate2.py", line 139, in _resolve_target
    raise InstantiationException(msg) from e
hydra.errors.InstantiationException: Error locating target 'src.models.gconvloc_localize_module_sle.LocalizationModule', set env var HYDRA_FULL_ERROR=1 to see chained exception.
full_key: model
[2025-07-28 22:24:52,445][src.utils.utils][INFO] - Closing loggers...
[2025-07-28 22:25:38,505][src.utils.utils][INFO] - Enforcing tags! <cfg.extras.enforce_tags=True>
[2025-07-28 22:25:38,516][src.utils.utils][INFO] - Printing config tree with Rich! <cfg.extras.print_config=True>
[2025-07-28 22:25:38,596][__main__][INFO] - Instantiating datamodule <src.datamodules.SLE_datamodule_cos_knn_graph.SLEGraphDataModule>
[2025-07-28 22:25:39,132][src.datamodules.SLE_datamodule_cos_knn_graph][INFO] - Load data file from C:\Users\Administrator\Desktop\1PAPER\GCOM/data//SLE\processed\cos_knn_graph_data_23.pt
[2025-07-28 22:25:39,132][src.datamodules.SLE_datamodule_cos_knn_graph][INFO] - Data loading is done.
[2025-07-28 22:25:39,133][src.datamodules.SLE_datamodule_cos_knn_graph][INFO] - Data(x=[97, 4], edge_index=[2, 2231], y=[97, 2], reference_point=[2], train_mask=[97], test_mask=[97], x_dim=4)
[2025-07-28 22:25:39,134][__main__][INFO] - Instantiating model <src.models.gconvloc_localize_module_sle.LocalizationModule>
[2025-07-28 22:25:39,159][__main__][INFO] - Instantiating callbacks...
[2025-07-28 22:25:39,160][src.utils.utils][INFO] - Instantiating callback <pytorch_lightning.callbacks.ModelCheckpoint>
[2025-07-28 22:25:39,164][src.utils.utils][INFO] - Instantiating callback <pytorch_lightning.callbacks.EarlyStopping>
[2025-07-28 22:25:39,165][src.utils.utils][INFO] - Instantiating callback <pytorch_lightning.callbacks.RichModelSummary>
[2025-07-28 22:25:39,166][__main__][INFO] - Instantiating loggers...
[2025-07-28 22:25:39,166][src.utils.utils][INFO] - Instantiating logger <pytorch_lightning.loggers.csv_logs.CSVLogger>
[2025-07-28 22:25:39,168][src.utils.utils][INFO] - Instantiating logger <pytorch_lightning.loggers.tensorboard.TensorBoardLogger>
[2025-07-28 22:25:39,170][src.utils.utils][INFO] - Instantiating logger <pytorch_lightning.loggers.wandb.WandbLogger>
[2025-07-28 22:26:07,701][__main__][INFO] - Instantiating trainer <pytorch_lightning.Trainer>
[2025-07-28 22:26:07,715][__main__][INFO] - Logging hyperparameters!
[2025-07-28 22:26:07,765][__main__][INFO] - Starting training!
[2025-07-28 22:26:44,119][__main__][INFO] - Starting testing!
[2025-07-28 22:26:44,246][__main__][INFO] - Best ckpt path: C:\Users\Administrator\Desktop\1PAPER\GCOM\logs\train\runs\2025-07-28_22-25-38/checkpoints\epoch_713.ckpt
[2025-07-28 22:26:44,256][src.utils.utils][INFO] - Closing loggers...
[2025-07-28 22:26:44,257][src.utils.utils][INFO] - Closing wandb!
[2025-07-28 22:26:46,874][src.utils.utils][INFO] - Output dir: C:\Users\Administrator\Desktop\1PAPER\GCOM\logs\train\runs\2025-07-28_22-25-38
[2025-07-28 22:26:46,874][src.utils.utils][INFO] - Metric name is None! Skipping metric value retrieval...
[2025-07-28 22:42:43,996][src.utils.utils][INFO] - Enforcing tags! <cfg.extras.enforce_tags=True>
[2025-07-28 22:42:44,006][src.utils.utils][INFO] - Printing config tree with Rich! <cfg.extras.print_config=True>
[2025-07-28 22:42:44,071][__main__][INFO] - Instantiating datamodule <src.datamodules.SLE_datamodule_cos_knn_graph.SLEGraphDataModule>
[2025-07-28 22:42:44,588][src.datamodules.SLE_datamodule_cos_knn_graph][INFO] - Load data file from C:\Users\Administrator\Desktop\1PAPER\GCOM/data//SLE\processed\cos_knn_graph_data_23.pt
[2025-07-28 22:42:44,588][src.datamodules.SLE_datamodule_cos_knn_graph][INFO] - Data loading is done.
[2025-07-28 22:42:44,589][src.datamodules.SLE_datamodule_cos_knn_graph][INFO] - Data(x=[97, 4], edge_index=[2, 2231], y=[97, 2], reference_point=[2], train_mask=[97], test_mask=[97], x_dim=4)
[2025-07-28 22:42:44,590][__main__][INFO] - Instantiating model <src.models.gconvloc_localize_module_sle.LocalizationModule>
[2025-07-28 22:42:44,616][__main__][INFO] - Instantiating callbacks...
[2025-07-28 22:42:44,616][src.utils.utils][INFO] - Instantiating callback <pytorch_lightning.callbacks.ModelCheckpoint>
[2025-07-28 22:42:44,620][src.utils.utils][INFO] - Instantiating callback <pytorch_lightning.callbacks.EarlyStopping>
[2025-07-28 22:42:44,621][src.utils.utils][INFO] - Instantiating callback <pytorch_lightning.callbacks.RichModelSummary>
[2025-07-28 22:42:44,621][__main__][INFO] - Instantiating loggers...
[2025-07-28 22:42:44,621][src.utils.utils][INFO] - Instantiating logger <pytorch_lightning.loggers.csv_logs.CSVLogger>
[2025-07-28 22:42:44,623][src.utils.utils][INFO] - Instantiating logger <pytorch_lightning.loggers.tensorboard.TensorBoardLogger>
[2025-07-28 22:42:44,625][src.utils.utils][INFO] - Instantiating logger <pytorch_lightning.loggers.wandb.WandbLogger>
[2025-07-28 22:43:23,420][__main__][INFO] - Instantiating trainer <pytorch_lightning.Trainer>
[2025-07-28 22:43:23,431][__main__][INFO] - Logging hyperparameters!
[2025-07-28 22:43:23,479][__main__][INFO] - Starting training!
[2025-07-28 22:43:55,424][__main__][INFO] - Starting testing!
[2025-07-28 22:43:55,526][__main__][INFO] - Best ckpt path: C:\Users\Administrator\Desktop\1PAPER\GCOM\logs\train\runs\2025-07-28_22-42-43/checkpoints\epoch_631.ckpt
[2025-07-28 22:43:55,535][src.utils.utils][INFO] - Closing loggers...
[2025-07-28 22:43:55,536][src.utils.utils][INFO] - Closing wandb!
[2025-07-28 22:44:20,096][src.utils.utils][INFO] - Output dir: C:\Users\Administrator\Desktop\1PAPER\GCOM\logs\train\runs\2025-07-28_22-42-43
[2025-07-28 22:44:20,096][src.utils.utils][INFO] - Metric name is None! Skipping metric value retrieval...
[2025-07-28 22:51:23,068][src.utils.utils][INFO] - Enforcing tags! <cfg.extras.enforce_tags=True>
[2025-07-28 22:51:23,077][src.utils.utils][INFO] - Printing config tree with Rich! <cfg.extras.print_config=True>
[2025-07-28 22:51:23,141][__main__][INFO] - Instantiating datamodule <src.datamodules.SLE_datamodule_cos_knn_graph.SLEGraphDataModule>
[2025-07-28 22:51:23,660][src.datamodules.SLE_datamodule_cos_knn_graph][INFO] - Load data file from C:\Users\Administrator\Desktop\1PAPER\GCOM/data//SLE\processed\cos_knn_graph_data_23.pt
[2025-07-28 22:51:23,661][src.datamodules.SLE_datamodule_cos_knn_graph][INFO] - Data loading is done.
[2025-07-28 22:51:23,661][src.datamodules.SLE_datamodule_cos_knn_graph][INFO] - Data(x=[97, 4], edge_index=[2, 2231], y=[97, 2], reference_point=[2], train_mask=[97], test_mask=[97], x_dim=4)
[2025-07-28 22:51:23,662][__main__][INFO] - Instantiating model <src.models.gconvloc_localize_module_sle.LocalizationModule>
[2025-07-28 22:51:24,055][src.utils.utils][ERROR] - 
Traceback (most recent call last):
  File "C:\ProgramData\anaconda3\envs\gconvloc\lib\site-packages\hydra\_internal\utils.py", line 644, in _locate
    obj = getattr(obj, part)
AttributeError: module 'src.models' has no attribute 'gconvloc_localize_module_sle'

During handling of the above exception, another exception occurred:

Traceback (most recent call last):
  File "C:\ProgramData\anaconda3\envs\gconvloc\lib\site-packages\hydra\_internal\utils.py", line 650, in _locate
    obj = import_module(mod)
  File "C:\ProgramData\anaconda3\envs\gconvloc\lib\importlib\__init__.py", line 127, in import_module
    return _bootstrap._gcd_import(name[level:], package, level)
  File "<frozen importlib._bootstrap>", line 1014, in _gcd_import
  File "<frozen importlib._bootstrap>", line 991, in _find_and_load
  File "<frozen importlib._bootstrap>", line 975, in _find_and_load_unlocked
  File "<frozen importlib._bootstrap>", line 671, in _load_unlocked
  File "<frozen importlib._bootstrap_external>", line 843, in exec_module
  File "<frozen importlib._bootstrap>", line 219, in _call_with_frames_removed
  File "C:\Users\Administrator\Desktop\1PAPER\GCOM\src\models\gconvloc_localize_module_sle.py", line 10, in <module>
    from scipy.stats import ecdf
ImportError: cannot import name 'ecdf' from 'scipy.stats' (C:\ProgramData\anaconda3\envs\gconvloc\lib\site-packages\scipy\stats\__init__.py)

The above exception was the direct cause of the following exception:

Traceback (most recent call last):
  File "C:\ProgramData\anaconda3\envs\gconvloc\lib\site-packages\hydra\_internal\instantiate\_instantiate2.py", line 134, in _resolve_target
    target = _locate(target)
  File "C:\ProgramData\anaconda3\envs\gconvloc\lib\site-packages\hydra\_internal\utils.py", line 658, in _locate
    raise ImportError(
ImportError: Error loading 'src.models.gconvloc_localize_module_sle.LocalizationModule':
ImportError("cannot import name 'ecdf' from 'scipy.stats' (C:\\ProgramData\\anaconda3\\envs\\gconvloc\\lib\\site-packages\\scipy\\stats\\__init__.py)")

The above exception was the direct cause of the following exception:

Traceback (most recent call last):
  File "C:\Users\Administrator\Desktop\1PAPER\GCOM\src\utils\utils.py", line 42, in wrap
    metric_dict, object_dict = task_func(cfg=cfg)
  File "src/train.py", line 35, in train
    model: LightningModule = hydra.utils.instantiate(cfg.model, datamodule=datamodule)
  File "C:\ProgramData\anaconda3\envs\gconvloc\lib\site-packages\hydra\_internal\instantiate\_instantiate2.py", line 226, in instantiate
    return instantiate_node(
  File "C:\ProgramData\anaconda3\envs\gconvloc\lib\site-packages\hydra\_internal\instantiate\_instantiate2.py", line 333, in instantiate_node
    _target_ = _resolve_target(node.get(_Keys.TARGET), full_key)
  File "C:\ProgramData\anaconda3\envs\gconvloc\lib\site-packages\hydra\_internal\instantiate\_instantiate2.py", line 139, in _resolve_target
    raise InstantiationException(msg) from e
hydra.errors.InstantiationException: Error locating target 'src.models.gconvloc_localize_module_sle.LocalizationModule', set env var HYDRA_FULL_ERROR=1 to see chained exception.
full_key: model
[2025-07-28 22:51:24,067][src.utils.utils][INFO] - Closing loggers...
[2025-07-28 23:09:04,269][src.utils.utils][INFO] - Enforcing tags! <cfg.extras.enforce_tags=True>
[2025-07-28 23:09:04,280][src.utils.utils][INFO] - Printing config tree with Rich! <cfg.extras.print_config=True>
[2025-07-28 23:09:04,344][__main__][INFO] - Instantiating datamodule <src.datamodules.SLE_datamodule_cos_knn_graph.SLEGraphDataModule>
[2025-07-28 23:09:04,892][src.datamodules.SLE_datamodule_cos_knn_graph][INFO] - Load data file from C:\Users\Administrator\Desktop\1PAPER\GCOM/data//SLE\processed\cos_knn_graph_data_23.pt
[2025-07-28 23:09:04,892][src.datamodules.SLE_datamodule_cos_knn_graph][INFO] - Data loading is done.
[2025-07-28 23:09:04,892][src.datamodules.SLE_datamodule_cos_knn_graph][INFO] - Data(x=[97, 4], edge_index=[2, 2231], y=[97, 2], reference_point=[2], train_mask=[97], test_mask=[97], x_dim=4)
[2025-07-28 23:09:04,893][__main__][INFO] - Instantiating model <src.models.gconvloc_localize_module_sle.LocalizationModule>
[2025-07-28 23:09:05,152][__main__][INFO] - Instantiating callbacks...
[2025-07-28 23:09:05,152][src.utils.utils][INFO] - Instantiating callback <pytorch_lightning.callbacks.ModelCheckpoint>
[2025-07-28 23:09:05,157][src.utils.utils][INFO] - Instantiating callback <pytorch_lightning.callbacks.EarlyStopping>
[2025-07-28 23:09:05,158][src.utils.utils][INFO] - Instantiating callback <pytorch_lightning.callbacks.RichModelSummary>
[2025-07-28 23:09:05,159][__main__][INFO] - Instantiating loggers...
[2025-07-28 23:09:05,160][src.utils.utils][INFO] - Instantiating logger <pytorch_lightning.loggers.csv_logs.CSVLogger>
[2025-07-28 23:09:05,163][src.utils.utils][INFO] - Instantiating logger <pytorch_lightning.loggers.tensorboard.TensorBoardLogger>
[2025-07-28 23:09:05,165][src.utils.utils][INFO] - Instantiating logger <pytorch_lightning.loggers.wandb.WandbLogger>
[2025-07-28 23:09:08,427][__main__][INFO] - Instantiating trainer <pytorch_lightning.Trainer>
[2025-07-28 23:09:08,443][__main__][INFO] - Logging hyperparameters!
[2025-07-28 23:09:08,491][__main__][INFO] - Starting training!
[2025-07-28 23:09:09,534][__main__][INFO] - Starting testing!
[2025-07-28 23:09:09,865][__main__][INFO] - Best ckpt path: C:\Users\Administrator\Desktop\1PAPER\GCOM\logs\train\runs\2025-07-28_23-09-04/checkpoints\epoch_000.ckpt
[2025-07-28 23:09:09,873][src.utils.utils][INFO] - Closing loggers...
[2025-07-28 23:09:09,875][src.utils.utils][INFO] - Closing wandb!
[2025-07-28 23:09:19,116][src.utils.utils][INFO] - Output dir: C:\Users\Administrator\Desktop\1PAPER\GCOM\logs\train\runs\2025-07-28_23-09-04
[2025-07-28 23:09:19,117][src.utils.utils][INFO] - Metric name is None! Skipping metric value retrieval...
[2025-07-28 23:09:38,108][src.utils.utils][INFO] - Enforcing tags! <cfg.extras.enforce_tags=True>
[2025-07-28 23:09:38,118][src.utils.utils][INFO] - Printing config tree with Rich! <cfg.extras.print_config=True>
[2025-07-28 23:09:38,181][__main__][INFO] - Instantiating datamodule <src.datamodules.SLE_datamodule_cos_knn_graph.SLEGraphDataModule>
[2025-07-28 23:09:38,692][src.datamodules.SLE_datamodule_cos_knn_graph][INFO] - Load data file from C:\Users\Administrator\Desktop\1PAPER\GCOM/data//SLE\processed\cos_knn_graph_data_23.pt
[2025-07-28 23:09:38,693][src.datamodules.SLE_datamodule_cos_knn_graph][INFO] - Data loading is done.
[2025-07-28 23:09:38,693][src.datamodules.SLE_datamodule_cos_knn_graph][INFO] - Data(x=[97, 4], edge_index=[2, 2231], y=[97, 2], reference_point=[2], train_mask=[97], test_mask=[97], x_dim=4)
[2025-07-28 23:09:38,694][__main__][INFO] - Instantiating model <src.models.gconvloc_localize_module_sle.LocalizationModule>
[2025-07-28 23:09:38,935][__main__][INFO] - Instantiating callbacks...
[2025-07-28 23:09:38,935][src.utils.utils][INFO] - Instantiating callback <pytorch_lightning.callbacks.ModelCheckpoint>
[2025-07-28 23:09:38,939][src.utils.utils][INFO] - Instantiating callback <pytorch_lightning.callbacks.EarlyStopping>
[2025-07-28 23:09:38,940][src.utils.utils][INFO] - Instantiating callback <pytorch_lightning.callbacks.RichModelSummary>
[2025-07-28 23:09:38,940][__main__][INFO] - Instantiating loggers...
[2025-07-28 23:09:38,940][src.utils.utils][INFO] - Instantiating logger <pytorch_lightning.loggers.csv_logs.CSVLogger>
[2025-07-28 23:09:38,942][src.utils.utils][INFO] - Instantiating logger <pytorch_lightning.loggers.tensorboard.TensorBoardLogger>
[2025-07-28 23:09:38,944][src.utils.utils][INFO] - Instantiating logger <pytorch_lightning.loggers.wandb.WandbLogger>
[2025-07-28 23:09:52,533][__main__][INFO] - Instantiating trainer <pytorch_lightning.Trainer>
[2025-07-28 23:09:52,546][__main__][INFO] - Logging hyperparameters!
[2025-07-28 23:09:52,594][__main__][INFO] - Starting training!
[2025-07-28 23:09:53,569][__main__][INFO] - Starting testing!
[2025-07-28 23:09:53,835][__main__][INFO] - Best ckpt path: C:\Users\Administrator\Desktop\1PAPER\GCOM\logs\train\runs\2025-07-28_23-09-38/checkpoints\epoch_000.ckpt
[2025-07-28 23:09:53,845][src.utils.utils][INFO] - Closing loggers...
[2025-07-28 23:09:53,846][src.utils.utils][INFO] - Closing wandb!
[2025-07-28 23:09:55,882][src.utils.utils][INFO] - Output dir: C:\Users\Administrator\Desktop\1PAPER\GCOM\logs\train\runs\2025-07-28_23-09-38
[2025-07-28 23:09:55,883][src.utils.utils][INFO] - Metric name is None! Skipping metric value retrieval...
[2025-07-29 00:22:08,893][src.utils.utils][INFO] - Enforcing tags! <cfg.extras.enforce_tags=True>
[2025-07-29 00:22:08,902][src.utils.utils][INFO] - Printing config tree with Rich! <cfg.extras.print_config=True>
[2025-07-29 00:22:08,966][__main__][INFO] - Instantiating datamodule <src.datamodules.SLE_datamodule_cos_knn_graph.SLEGraphDataModule>
[2025-07-29 00:22:09,033][numexpr.utils][INFO] - Note: NumExpr detected 20 cores but "NUMEXPR_MAX_THREADS" not set, so enforcing safe limit of 8.
[2025-07-29 00:22:09,033][numexpr.utils][INFO] - NumExpr defaulting to 8 threads.
[2025-07-29 00:22:09,561][src.datamodules.SLE_datamodule_cos_knn_graph][INFO] - Load data file from C:\Users\Administrator\Desktop\1PAPER\GCOM/data//SLE\processed\cos_knn_graph_data_23.pt
[2025-07-29 00:22:09,562][src.datamodules.SLE_datamodule_cos_knn_graph][INFO] - Data loading is done.
[2025-07-29 00:22:09,562][src.datamodules.SLE_datamodule_cos_knn_graph][INFO] - Data(x=[97, 4], edge_index=[2, 2231], y=[97, 2], reference_point=[2], train_mask=[97], test_mask=[97], x_dim=4)
[2025-07-29 00:22:09,563][__main__][INFO] - Instantiating model <src.models.gconvloc_localize_module_sle.LocalizationModule>
[2025-07-29 00:22:10,046][__main__][INFO] - Instantiating callbacks...
[2025-07-29 00:22:10,046][src.utils.utils][INFO] - Instantiating callback <pytorch_lightning.callbacks.ModelCheckpoint>
[2025-07-29 00:22:10,050][src.utils.utils][INFO] - Instantiating callback <pytorch_lightning.callbacks.EarlyStopping>
[2025-07-29 00:22:10,052][src.utils.utils][INFO] - Instantiating callback <pytorch_lightning.callbacks.RichModelSummary>
[2025-07-29 00:22:10,052][__main__][INFO] - Instantiating loggers...
[2025-07-29 00:22:10,052][src.utils.utils][INFO] - Instantiating logger <pytorch_lightning.loggers.csv_logs.CSVLogger>
[2025-07-29 00:22:10,054][src.utils.utils][INFO] - Instantiating logger <pytorch_lightning.loggers.tensorboard.TensorBoardLogger>
[2025-07-29 00:22:10,056][src.utils.utils][INFO] - Instantiating logger <pytorch_lightning.loggers.wandb.WandbLogger>
[2025-07-29 00:22:34,292][__main__][INFO] - Instantiating trainer <pytorch_lightning.Trainer>
[2025-07-29 00:22:34,305][__main__][INFO] - Logging hyperparameters!
[2025-07-29 00:22:34,354][__main__][INFO] - Starting training!
[2025-07-29 00:23:02,607][__main__][INFO] - Starting testing!
[2025-07-29 00:24:20,455][src.utils.utils][INFO] - Enforcing tags! <cfg.extras.enforce_tags=True>
[2025-07-29 00:24:20,467][src.utils.utils][INFO] - Printing config tree with Rich! <cfg.extras.print_config=True>
[2025-07-29 00:24:20,533][__main__][INFO] - Instantiating datamodule <src.datamodules.SLE_datamodule_cos_knn_graph.SLEGraphDataModule>
[2025-07-29 00:24:20,592][numexpr.utils][INFO] - Note: NumExpr detected 20 cores but "NUMEXPR_MAX_THREADS" not set, so enforcing safe limit of 8.
[2025-07-29 00:24:20,592][numexpr.utils][INFO] - NumExpr defaulting to 8 threads.
[2025-07-29 00:24:21,110][src.datamodules.SLE_datamodule_cos_knn_graph][INFO] - Load data file from C:\Users\Administrator\Desktop\1PAPER\GCOM/data//SLE\processed\cos_knn_graph_data_23.pt
[2025-07-29 00:24:21,110][src.datamodules.SLE_datamodule_cos_knn_graph][INFO] - Data loading is done.
[2025-07-29 00:24:21,110][src.datamodules.SLE_datamodule_cos_knn_graph][INFO] - Data(x=[97, 4], edge_index=[2, 2231], y=[97, 2], reference_point=[2], train_mask=[97], test_mask=[97], x_dim=4)
[2025-07-29 00:24:21,112][__main__][INFO] - Instantiating model <src.models.gconvloc_localize_module_sle.LocalizationModule>
[2025-07-29 00:24:21,571][__main__][INFO] - Instantiating callbacks...
[2025-07-29 00:24:21,571][src.utils.utils][INFO] - Instantiating callback <pytorch_lightning.callbacks.ModelCheckpoint>
[2025-07-29 00:24:21,575][src.utils.utils][INFO] - Instantiating callback <pytorch_lightning.callbacks.EarlyStopping>
[2025-07-29 00:24:21,576][src.utils.utils][INFO] - Instantiating callback <pytorch_lightning.callbacks.RichModelSummary>
[2025-07-29 00:24:21,577][__main__][INFO] - Instantiating loggers...
[2025-07-29 00:24:21,577][src.utils.utils][INFO] - Instantiating logger <pytorch_lightning.loggers.csv_logs.CSVLogger>
[2025-07-29 00:24:21,578][src.utils.utils][INFO] - Instantiating logger <pytorch_lightning.loggers.tensorboard.TensorBoardLogger>
[2025-07-29 00:24:21,580][src.utils.utils][INFO] - Instantiating logger <pytorch_lightning.loggers.wandb.WandbLogger>
[2025-07-29 00:24:33,754][__main__][INFO] - Instantiating trainer <pytorch_lightning.Trainer>
[2025-07-29 00:24:33,767][__main__][INFO] - Logging hyperparameters!
[2025-07-29 00:24:33,815][__main__][INFO] - Starting training!
[2025-07-29 00:25:09,335][__main__][INFO] - Starting testing!
[2025-07-29 00:26:38,252][src.utils.utils][INFO] - Enforcing tags! <cfg.extras.enforce_tags=True>
[2025-07-29 00:26:38,262][src.utils.utils][INFO] - Printing config tree with Rich! <cfg.extras.print_config=True>
[2025-07-29 00:26:38,327][__main__][INFO] - Instantiating datamodule <src.datamodules.SLE_datamodule_cos_knn_graph.SLEGraphDataModule>
[2025-07-29 00:26:38,380][numexpr.utils][INFO] - Note: NumExpr detected 20 cores but "NUMEXPR_MAX_THREADS" not set, so enforcing safe limit of 8.
[2025-07-29 00:26:38,380][numexpr.utils][INFO] - NumExpr defaulting to 8 threads.
[2025-07-29 00:26:38,862][src.datamodules.SLE_datamodule_cos_knn_graph][INFO] - Load data file from C:\Users\Administrator\Desktop\1PAPER\GCOM/data//SLE\processed\cos_knn_graph_data_23.pt
[2025-07-29 00:26:38,863][src.datamodules.SLE_datamodule_cos_knn_graph][INFO] - Data loading is done.
[2025-07-29 00:26:38,863][src.datamodules.SLE_datamodule_cos_knn_graph][INFO] - Data(x=[97, 4], edge_index=[2, 2231], y=[97, 2], reference_point=[2], train_mask=[97], test_mask=[97], x_dim=4)
[2025-07-29 00:26:38,864][__main__][INFO] - Instantiating model <src.models.gconvloc_localize_module_sle.LocalizationModule>
[2025-07-29 00:26:39,284][__main__][INFO] - Instantiating callbacks...
[2025-07-29 00:26:39,285][src.utils.utils][INFO] - Instantiating callback <pytorch_lightning.callbacks.ModelCheckpoint>
[2025-07-29 00:26:39,288][src.utils.utils][INFO] - Instantiating callback <pytorch_lightning.callbacks.EarlyStopping>
[2025-07-29 00:26:39,289][src.utils.utils][INFO] - Instantiating callback <pytorch_lightning.callbacks.RichModelSummary>
[2025-07-29 00:26:39,290][__main__][INFO] - Instantiating loggers...
[2025-07-29 00:26:39,290][src.utils.utils][INFO] - Instantiating logger <pytorch_lightning.loggers.csv_logs.CSVLogger>
[2025-07-29 00:26:39,293][src.utils.utils][INFO] - Instantiating logger <pytorch_lightning.loggers.tensorboard.TensorBoardLogger>
[2025-07-29 00:26:39,295][src.utils.utils][INFO] - Instantiating logger <pytorch_lightning.loggers.wandb.WandbLogger>
[2025-07-29 00:26:51,572][__main__][INFO] - Instantiating trainer <pytorch_lightning.Trainer>
[2025-07-29 00:26:51,586][__main__][INFO] - Logging hyperparameters!
[2025-07-29 00:26:51,637][__main__][INFO] - Starting training!
[2025-07-29 00:27:14,180][__main__][INFO] - Starting testing!
[2025-07-29 00:28:26,084][src.utils.utils][INFO] - Enforcing tags! <cfg.extras.enforce_tags=True>
[2025-07-29 00:28:26,099][src.utils.utils][INFO] - Printing config tree with Rich! <cfg.extras.print_config=True>
[2025-07-29 00:28:26,162][__main__][INFO] - Instantiating datamodule <src.datamodules.SLE_datamodule_cos_knn_graph.SLEGraphDataModule>
[2025-07-29 00:28:26,220][numexpr.utils][INFO] - Note: NumExpr detected 20 cores but "NUMEXPR_MAX_THREADS" not set, so enforcing safe limit of 8.
[2025-07-29 00:28:26,221][numexpr.utils][INFO] - NumExpr defaulting to 8 threads.
[2025-07-29 00:28:26,719][src.datamodules.SLE_datamodule_cos_knn_graph][INFO] - Load data file from C:\Users\Administrator\Desktop\1PAPER\GCOM/data//SLE\processed\cos_knn_graph_data_23.pt
[2025-07-29 00:28:26,720][src.datamodules.SLE_datamodule_cos_knn_graph][INFO] - Data loading is done.
[2025-07-29 00:28:26,720][src.datamodules.SLE_datamodule_cos_knn_graph][INFO] - Data(x=[97, 4], edge_index=[2, 2231], y=[97, 2], reference_point=[2], train_mask=[97], test_mask=[97], x_dim=4)
[2025-07-29 00:28:26,721][__main__][INFO] - Instantiating model <src.models.gconvloc_localize_module_sle.LocalizationModule>
[2025-07-29 00:28:26,749][__main__][INFO] - Instantiating callbacks...
[2025-07-29 00:28:26,750][src.utils.utils][INFO] - Instantiating callback <pytorch_lightning.callbacks.ModelCheckpoint>
[2025-07-29 00:28:26,754][src.utils.utils][INFO] - Instantiating callback <pytorch_lightning.callbacks.EarlyStopping>
[2025-07-29 00:28:26,755][src.utils.utils][INFO] - Instantiating callback <pytorch_lightning.callbacks.RichModelSummary>
[2025-07-29 00:28:26,756][__main__][INFO] - Instantiating loggers...
[2025-07-29 00:28:26,756][src.utils.utils][INFO] - Instantiating logger <pytorch_lightning.loggers.csv_logs.CSVLogger>
[2025-07-29 00:28:26,757][src.utils.utils][INFO] - Instantiating logger <pytorch_lightning.loggers.tensorboard.TensorBoardLogger>
[2025-07-29 00:28:26,759][src.utils.utils][INFO] - Instantiating logger <pytorch_lightning.loggers.wandb.WandbLogger>
[2025-07-29 00:28:42,053][__main__][INFO] - Instantiating trainer <pytorch_lightning.Trainer>
[2025-07-29 00:28:42,066][__main__][INFO] - Logging hyperparameters!
[2025-07-29 00:28:42,120][__main__][INFO] - Starting training!
[2025-07-29 00:29:05,366][__main__][INFO] - Starting testing!
[2025-07-29 00:29:05,465][__main__][INFO] - Best ckpt path: C:\Users\Administrator\Desktop\1PAPER\GCOM\logs\train\runs\2025-07-29_00-28-25/checkpoints\epoch_413.ckpt
[2025-07-29 00:29:05,474][src.utils.utils][INFO] - Closing loggers...
[2025-07-29 00:29:05,474][src.utils.utils][INFO] - Closing wandb!
[2025-07-29 00:29:07,392][src.utils.utils][INFO] - Output dir: C:\Users\Administrator\Desktop\1PAPER\GCOM\logs\train\runs\2025-07-29_00-28-25
[2025-07-29 00:29:07,392][src.utils.utils][INFO] - Metric name is None! Skipping metric value retrieval...
[2025-07-29 00:34:54,627][src.utils.utils][INFO] - Enforcing tags! <cfg.extras.enforce_tags=True>
[2025-07-29 00:34:54,637][src.utils.utils][INFO] - Printing config tree with Rich! <cfg.extras.print_config=True>
[2025-07-29 00:34:54,707][__main__][INFO] - Instantiating datamodule <src.datamodules.SLE_datamodule_cos_knn_graph.SLEGraphDataModule>
[2025-07-29 00:34:54,761][numexpr.utils][INFO] - Note: NumExpr detected 20 cores but "NUMEXPR_MAX_THREADS" not set, so enforcing safe limit of 8.
[2025-07-29 00:34:54,761][numexpr.utils][INFO] - NumExpr defaulting to 8 threads.
[2025-07-29 00:34:55,251][src.datamodules.SLE_datamodule_cos_knn_graph][INFO] - Load data file from C:\Users\Administrator\Desktop\1PAPER\GCOM/data//SLE\processed\cos_knn_graph_data_23.pt
[2025-07-29 00:34:55,251][src.datamodules.SLE_datamodule_cos_knn_graph][INFO] - Data loading is done.
[2025-07-29 00:34:55,251][src.datamodules.SLE_datamodule_cos_knn_graph][INFO] - Data(x=[97, 4], edge_index=[2, 2231], y=[97, 2], reference_point=[2], train_mask=[97], test_mask=[97], x_dim=4)
[2025-07-29 00:34:55,253][__main__][INFO] - Instantiating model <src.models.gconvloc_localize_module_sle.LocalizationModule>
[2025-07-29 00:34:55,523][__main__][INFO] - Instantiating callbacks...
[2025-07-29 00:34:55,523][src.utils.utils][INFO] - Instantiating callback <pytorch_lightning.callbacks.ModelCheckpoint>
[2025-07-29 00:34:55,527][src.utils.utils][INFO] - Instantiating callback <pytorch_lightning.callbacks.EarlyStopping>
[2025-07-29 00:34:55,528][src.utils.utils][INFO] - Instantiating callback <pytorch_lightning.callbacks.RichModelSummary>
[2025-07-29 00:34:55,529][__main__][INFO] - Instantiating loggers...
[2025-07-29 00:34:55,529][src.utils.utils][INFO] - Instantiating logger <pytorch_lightning.loggers.csv_logs.CSVLogger>
[2025-07-29 00:34:55,531][src.utils.utils][INFO] - Instantiating logger <pytorch_lightning.loggers.tensorboard.TensorBoardLogger>
[2025-07-29 00:34:55,533][src.utils.utils][INFO] - Instantiating logger <pytorch_lightning.loggers.wandb.WandbLogger>
[2025-07-29 00:35:07,872][__main__][INFO] - Instantiating trainer <pytorch_lightning.Trainer>
[2025-07-29 00:35:07,884][__main__][INFO] - Logging hyperparameters!
[2025-07-29 00:35:07,929][__main__][INFO] - Starting training!
[2025-07-29 00:35:37,754][__main__][INFO] - Starting testing!
[2025-07-29 00:50:26,473][src.utils.utils][INFO] - Enforcing tags! <cfg.extras.enforce_tags=True>
[2025-07-29 00:50:26,485][src.utils.utils][INFO] - Printing config tree with Rich! <cfg.extras.print_config=True>
[2025-07-29 00:50:26,550][__main__][INFO] - Instantiating datamodule <src.datamodules.SLE_datamodule_cos_knn_graph.SLEGraphDataModule>
[2025-07-29 00:50:26,557][src.utils.utils][ERROR] - 
Traceback (most recent call last):
  File "C:\ProgramData\anaconda3\envs\gconvloc\lib\site-packages\hydra\_internal\utils.py", line 644, in _locate
    obj = getattr(obj, part)
AttributeError: module 'src.datamodules' has no attribute 'SLE_datamodule_cos_knn_graph'

During handling of the above exception, another exception occurred:

Traceback (most recent call last):
  File "C:\ProgramData\anaconda3\envs\gconvloc\lib\site-packages\hydra\_internal\utils.py", line 650, in _locate
    obj = import_module(mod)
  File "C:\ProgramData\anaconda3\envs\gconvloc\lib\importlib\__init__.py", line 127, in import_module
    return _bootstrap._gcd_import(name[level:], package, level)
  File "<frozen importlib._bootstrap>", line 1014, in _gcd_import
  File "<frozen importlib._bootstrap>", line 991, in _find_and_load
  File "<frozen importlib._bootstrap>", line 975, in _find_and_load_unlocked
  File "<frozen importlib._bootstrap>", line 671, in _load_unlocked
  File "<frozen importlib._bootstrap_external>", line 843, in exec_module
  File "<frozen importlib._bootstrap>", line 219, in _call_with_frames_removed
  File "C:\Users\Administrator\Desktop\1PAPER\GCOM\src\datamodules\SLE_datamodule_cos_knn_graph.py", line 4, in <module>
    import pandas as pd
  File "C:\ProgramData\anaconda3\envs\gconvloc\lib\site-packages\pandas\__init__.py", line 22, in <module>
    from pandas.compat import is_numpy_dev as _is_numpy_dev  # pyright: ignore # noqa:F401
  File "C:\ProgramData\anaconda3\envs\gconvloc\lib\site-packages\pandas\compat\__init__.py", line 16, in <module>
    from pandas._typing import F
  File "C:\ProgramData\anaconda3\envs\gconvloc\lib\site-packages\pandas\_typing.py", line 139, in <module>
    np.random.BitGenerator,
AttributeError: module 'numpy.random' has no attribute 'BitGenerator'

The above exception was the direct cause of the following exception:

Traceback (most recent call last):
  File "C:\ProgramData\anaconda3\envs\gconvloc\lib\site-packages\hydra\_internal\instantiate\_instantiate2.py", line 134, in _resolve_target
    target = _locate(target)
  File "C:\ProgramData\anaconda3\envs\gconvloc\lib\site-packages\hydra\_internal\utils.py", line 658, in _locate
    raise ImportError(
ImportError: Error loading 'src.datamodules.SLE_datamodule_cos_knn_graph.SLEGraphDataModule':
AttributeError("module 'numpy.random' has no attribute 'BitGenerator'")

The above exception was the direct cause of the following exception:

Traceback (most recent call last):
  File "C:\Users\Administrator\Desktop\1PAPER\GCOM\src\utils\utils.py", line 42, in wrap
    metric_dict, object_dict = task_func(cfg=cfg)
  File "src/train.py", line 32, in train
    datamodule: LightningDataModule = hydra.utils.instantiate(cfg.datamodule)
  File "C:\ProgramData\anaconda3\envs\gconvloc\lib\site-packages\hydra\_internal\instantiate\_instantiate2.py", line 226, in instantiate
    return instantiate_node(
  File "C:\ProgramData\anaconda3\envs\gconvloc\lib\site-packages\hydra\_internal\instantiate\_instantiate2.py", line 333, in instantiate_node
    _target_ = _resolve_target(node.get(_Keys.TARGET), full_key)
  File "C:\ProgramData\anaconda3\envs\gconvloc\lib\site-packages\hydra\_internal\instantiate\_instantiate2.py", line 139, in _resolve_target
    raise InstantiationException(msg) from e
hydra.errors.InstantiationException: Error locating target 'src.datamodules.SLE_datamodule_cos_knn_graph.SLEGraphDataModule', set env var HYDRA_FULL_ERROR=1 to see chained exception.
full_key: datamodule
[2025-07-29 00:50:26,572][src.utils.utils][INFO] - Closing loggers...
[2025-07-29 00:51:01,205][src.utils.utils][INFO] - Enforcing tags! <cfg.extras.enforce_tags=True>
[2025-07-29 00:51:01,214][src.utils.utils][INFO] - Printing config tree with Rich! <cfg.extras.print_config=True>
[2025-07-29 00:51:01,283][__main__][INFO] - Instantiating datamodule <src.datamodules.SLE_datamodule_cos_knn_graph.SLEGraphDataModule>
[2025-07-29 00:51:01,290][src.utils.utils][ERROR] - 
Traceback (most recent call last):
  File "C:\ProgramData\anaconda3\envs\gconvloc\lib\site-packages\hydra\_internal\utils.py", line 644, in _locate
    obj = getattr(obj, part)
AttributeError: module 'src.datamodules' has no attribute 'SLE_datamodule_cos_knn_graph'

During handling of the above exception, another exception occurred:

Traceback (most recent call last):
  File "C:\ProgramData\anaconda3\envs\gconvloc\lib\site-packages\hydra\_internal\utils.py", line 650, in _locate
    obj = import_module(mod)
  File "C:\ProgramData\anaconda3\envs\gconvloc\lib\importlib\__init__.py", line 127, in import_module
    return _bootstrap._gcd_import(name[level:], package, level)
  File "<frozen importlib._bootstrap>", line 1014, in _gcd_import
  File "<frozen importlib._bootstrap>", line 991, in _find_and_load
  File "<frozen importlib._bootstrap>", line 975, in _find_and_load_unlocked
  File "<frozen importlib._bootstrap>", line 671, in _load_unlocked
  File "<frozen importlib._bootstrap_external>", line 843, in exec_module
  File "<frozen importlib._bootstrap>", line 219, in _call_with_frames_removed
  File "C:\Users\Administrator\Desktop\1PAPER\GCOM\src\datamodules\SLE_datamodule_cos_knn_graph.py", line 4, in <module>
    import pandas as pd
  File "C:\ProgramData\anaconda3\envs\gconvloc\lib\site-packages\pandas\__init__.py", line 22, in <module>
    from pandas.compat import is_numpy_dev as _is_numpy_dev  # pyright: ignore # noqa:F401
  File "C:\ProgramData\anaconda3\envs\gconvloc\lib\site-packages\pandas\compat\__init__.py", line 16, in <module>
    from pandas._typing import F
  File "C:\ProgramData\anaconda3\envs\gconvloc\lib\site-packages\pandas\_typing.py", line 139, in <module>
    np.random.BitGenerator,
AttributeError: module 'numpy.random' has no attribute 'BitGenerator'

The above exception was the direct cause of the following exception:

Traceback (most recent call last):
  File "C:\ProgramData\anaconda3\envs\gconvloc\lib\site-packages\hydra\_internal\instantiate\_instantiate2.py", line 134, in _resolve_target
    target = _locate(target)
  File "C:\ProgramData\anaconda3\envs\gconvloc\lib\site-packages\hydra\_internal\utils.py", line 658, in _locate
    raise ImportError(
ImportError: Error loading 'src.datamodules.SLE_datamodule_cos_knn_graph.SLEGraphDataModule':
AttributeError("module 'numpy.random' has no attribute 'BitGenerator'")

The above exception was the direct cause of the following exception:

Traceback (most recent call last):
  File "C:\Users\Administrator\Desktop\1PAPER\GCOM\src\utils\utils.py", line 42, in wrap
    metric_dict, object_dict = task_func(cfg=cfg)
  File "src/train.py", line 32, in train
    datamodule: LightningDataModule = hydra.utils.instantiate(cfg.datamodule)
  File "C:\ProgramData\anaconda3\envs\gconvloc\lib\site-packages\hydra\_internal\instantiate\_instantiate2.py", line 226, in instantiate
    return instantiate_node(
  File "C:\ProgramData\anaconda3\envs\gconvloc\lib\site-packages\hydra\_internal\instantiate\_instantiate2.py", line 333, in instantiate_node
    _target_ = _resolve_target(node.get(_Keys.TARGET), full_key)
  File "C:\ProgramData\anaconda3\envs\gconvloc\lib\site-packages\hydra\_internal\instantiate\_instantiate2.py", line 139, in _resolve_target
    raise InstantiationException(msg) from e
hydra.errors.InstantiationException: Error locating target 'src.datamodules.SLE_datamodule_cos_knn_graph.SLEGraphDataModule', set env var HYDRA_FULL_ERROR=1 to see chained exception.
full_key: datamodule
[2025-07-29 00:51:01,302][src.utils.utils][INFO] - Closing loggers...
[2025-07-29 00:57:12,657][src.utils.utils][INFO] - Enforcing tags! <cfg.extras.enforce_tags=True>
[2025-07-29 00:57:12,669][src.utils.utils][INFO] - Printing config tree with Rich! <cfg.extras.print_config=True>
[2025-07-29 00:57:12,735][__main__][INFO] - Instantiating datamodule <src.datamodules.SLE_datamodule_cos_knn_graph.SLEGraphDataModule>
[2025-07-29 00:57:12,744][src.utils.utils][ERROR] - 
Traceback (most recent call last):
  File "C:\ProgramData\anaconda3\envs\gconvloc\lib\site-packages\hydra\_internal\utils.py", line 644, in _locate
    obj = getattr(obj, part)
AttributeError: module 'src.datamodules' has no attribute 'SLE_datamodule_cos_knn_graph'

During handling of the above exception, another exception occurred:

Traceback (most recent call last):
  File "C:\ProgramData\anaconda3\envs\gconvloc\lib\site-packages\hydra\_internal\utils.py", line 650, in _locate
    obj = import_module(mod)
  File "C:\ProgramData\anaconda3\envs\gconvloc\lib\importlib\__init__.py", line 127, in import_module
    return _bootstrap._gcd_import(name[level:], package, level)
  File "<frozen importlib._bootstrap>", line 1014, in _gcd_import
  File "<frozen importlib._bootstrap>", line 991, in _find_and_load
  File "<frozen importlib._bootstrap>", line 975, in _find_and_load_unlocked
  File "<frozen importlib._bootstrap>", line 671, in _load_unlocked
  File "<frozen importlib._bootstrap_external>", line 843, in exec_module
  File "<frozen importlib._bootstrap>", line 219, in _call_with_frames_removed
  File "C:\Users\Administrator\Desktop\1PAPER\GCOM\src\datamodules\SLE_datamodule_cos_knn_graph.py", line 4, in <module>
    import pandas as pd
  File "C:\ProgramData\anaconda3\envs\gconvloc\lib\site-packages\pandas\__init__.py", line 22, in <module>
    from pandas.compat import is_numpy_dev as _is_numpy_dev  # pyright: ignore # noqa:F401
  File "C:\ProgramData\anaconda3\envs\gconvloc\lib\site-packages\pandas\compat\__init__.py", line 16, in <module>
    from pandas._typing import F
  File "C:\ProgramData\anaconda3\envs\gconvloc\lib\site-packages\pandas\_typing.py", line 139, in <module>
    np.random.BitGenerator,
AttributeError: module 'numpy.random' has no attribute 'BitGenerator'

The above exception was the direct cause of the following exception:

Traceback (most recent call last):
  File "C:\ProgramData\anaconda3\envs\gconvloc\lib\site-packages\hydra\_internal\instantiate\_instantiate2.py", line 134, in _resolve_target
    target = _locate(target)
  File "C:\ProgramData\anaconda3\envs\gconvloc\lib\site-packages\hydra\_internal\utils.py", line 658, in _locate
    raise ImportError(
ImportError: Error loading 'src.datamodules.SLE_datamodule_cos_knn_graph.SLEGraphDataModule':
AttributeError("module 'numpy.random' has no attribute 'BitGenerator'")

The above exception was the direct cause of the following exception:

Traceback (most recent call last):
  File "C:\Users\Administrator\Desktop\1PAPER\GCOM\src\utils\utils.py", line 42, in wrap
    metric_dict, object_dict = task_func(cfg=cfg)
  File "src/train.py", line 32, in train
    datamodule: LightningDataModule = hydra.utils.instantiate(cfg.datamodule)
  File "C:\ProgramData\anaconda3\envs\gconvloc\lib\site-packages\hydra\_internal\instantiate\_instantiate2.py", line 226, in instantiate
    return instantiate_node(
  File "C:\ProgramData\anaconda3\envs\gconvloc\lib\site-packages\hydra\_internal\instantiate\_instantiate2.py", line 333, in instantiate_node
    _target_ = _resolve_target(node.get(_Keys.TARGET), full_key)
  File "C:\ProgramData\anaconda3\envs\gconvloc\lib\site-packages\hydra\_internal\instantiate\_instantiate2.py", line 139, in _resolve_target
    raise InstantiationException(msg) from e
hydra.errors.InstantiationException: Error locating target 'src.datamodules.SLE_datamodule_cos_knn_graph.SLEGraphDataModule', set env var HYDRA_FULL_ERROR=1 to see chained exception.
full_key: datamodule
[2025-07-29 00:57:12,757][src.utils.utils][INFO] - Closing loggers...
[2025-07-29 01:00:40,650][src.utils.utils][INFO] - Enforcing tags! <cfg.extras.enforce_tags=True>
[2025-07-29 01:00:40,660][src.utils.utils][INFO] - Printing config tree with Rich! <cfg.extras.print_config=True>
[2025-07-29 01:00:40,725][__main__][INFO] - Instantiating datamodule <src.datamodules.SLE_datamodule_cos_knn_graph.SLEGraphDataModule>
[2025-07-29 01:00:41,113][src.utils.utils][ERROR] - 
Traceback (most recent call last):
  File "C:\ProgramData\anaconda3\envs\gconvloc\lib\site-packages\hydra\_internal\utils.py", line 650, in _locate
    obj = import_module(mod)
  File "C:\ProgramData\anaconda3\envs\gconvloc\lib\importlib\__init__.py", line 127, in import_module
    return _bootstrap._gcd_import(name[level:], package, level)
  File "<frozen importlib._bootstrap>", line 1014, in _gcd_import
  File "<frozen importlib._bootstrap>", line 991, in _find_and_load
  File "<frozen importlib._bootstrap>", line 970, in _find_and_load_unlocked
ModuleNotFoundError: No module named 'src.datamodules.SLE_datamodule_cos_knn_graph.SLEGraphDataModule'; 'src.datamodules.SLE_datamodule_cos_knn_graph' is not a package

The above exception was the direct cause of the following exception:

Traceback (most recent call last):
  File "C:\ProgramData\anaconda3\envs\gconvloc\lib\site-packages\hydra\_internal\instantiate\_instantiate2.py", line 134, in _resolve_target
    target = _locate(target)
  File "C:\ProgramData\anaconda3\envs\gconvloc\lib\site-packages\hydra\_internal\utils.py", line 653, in _locate
    raise ImportError(
ImportError: Error loading 'src.datamodules.SLE_datamodule_cos_knn_graph.SLEGraphDataModule':
ModuleNotFoundError("No module named 'src.datamodules.SLE_datamodule_cos_knn_graph.SLEGraphDataModule'; 'src.datamodules.SLE_datamodule_cos_knn_graph' is not a package")
Are you sure that 'SLEGraphDataModule' is importable from module 'src.datamodules.SLE_datamodule_cos_knn_graph'?

The above exception was the direct cause of the following exception:

Traceback (most recent call last):
  File "C:\Users\Administrator\Desktop\1PAPER\GCOM\src\utils\utils.py", line 42, in wrap
    metric_dict, object_dict = task_func(cfg=cfg)
  File "src/train.py", line 32, in train
    datamodule: LightningDataModule = hydra.utils.instantiate(cfg.datamodule)
  File "C:\ProgramData\anaconda3\envs\gconvloc\lib\site-packages\hydra\_internal\instantiate\_instantiate2.py", line 226, in instantiate
    return instantiate_node(
  File "C:\ProgramData\anaconda3\envs\gconvloc\lib\site-packages\hydra\_internal\instantiate\_instantiate2.py", line 333, in instantiate_node
    _target_ = _resolve_target(node.get(_Keys.TARGET), full_key)
  File "C:\ProgramData\anaconda3\envs\gconvloc\lib\site-packages\hydra\_internal\instantiate\_instantiate2.py", line 139, in _resolve_target
    raise InstantiationException(msg) from e
hydra.errors.InstantiationException: Error locating target 'src.datamodules.SLE_datamodule_cos_knn_graph.SLEGraphDataModule', set env var HYDRA_FULL_ERROR=1 to see chained exception.
full_key: datamodule
[2025-07-29 01:00:41,125][src.utils.utils][INFO] - Closing loggers...
[2025-07-29 01:02:54,659][src.utils.utils][INFO] - Enforcing tags! <cfg.extras.enforce_tags=True>
[2025-07-29 01:02:54,670][src.utils.utils][INFO] - Printing config tree with Rich! <cfg.extras.print_config=True>
[2025-07-29 01:02:54,736][__main__][INFO] - Instantiating datamodule <src.datamodules.SLE_datamodule_cos_knn_graph.SLEGraphDataModule>
[2025-07-29 01:02:54,758][src.utils.utils][ERROR] - 
Traceback (most recent call last):
  File "C:\ProgramData\anaconda3\envs\gconvloc\lib\site-packages\hydra\_internal\utils.py", line 644, in _locate
    obj = getattr(obj, part)
AttributeError: module 'src.datamodules' has no attribute 'SLE_datamodule_cos_knn_graph'

During handling of the above exception, another exception occurred:

Traceback (most recent call last):
  File "C:\ProgramData\anaconda3\envs\gconvloc\lib\site-packages\hydra\_internal\utils.py", line 650, in _locate
    obj = import_module(mod)
  File "C:\ProgramData\anaconda3\envs\gconvloc\lib\importlib\__init__.py", line 127, in import_module
    return _bootstrap._gcd_import(name[level:], package, level)
  File "<frozen importlib._bootstrap>", line 1014, in _gcd_import
  File "<frozen importlib._bootstrap>", line 991, in _find_and_load
  File "<frozen importlib._bootstrap>", line 975, in _find_and_load_unlocked
  File "<frozen importlib._bootstrap>", line 671, in _load_unlocked
  File "<frozen importlib._bootstrap_external>", line 843, in exec_module
  File "<frozen importlib._bootstrap>", line 219, in _call_with_frames_removed
  File "C:\Users\Administrator\Desktop\1PAPER\GCOM\src\datamodules\SLE_datamodule_cos_knn_graph.py", line 4, in <module>
    import pandas as pd
  File "C:\ProgramData\anaconda3\envs\gconvloc\lib\site-packages\pandas\__init__.py", line 22, in <module>
    from pandas.compat import is_numpy_dev as _is_numpy_dev  # pyright: ignore # noqa:F401
  File "C:\ProgramData\anaconda3\envs\gconvloc\lib\site-packages\pandas\compat\__init__.py", line 16, in <module>
    from pandas._typing import F
  File "C:\ProgramData\anaconda3\envs\gconvloc\lib\site-packages\pandas\_typing.py", line 139, in <module>
    np.random.BitGenerator,
AttributeError: module 'numpy.random' has no attribute 'BitGenerator'

The above exception was the direct cause of the following exception:

Traceback (most recent call last):
  File "C:\ProgramData\anaconda3\envs\gconvloc\lib\site-packages\hydra\_internal\instantiate\_instantiate2.py", line 134, in _resolve_target
    target = _locate(target)
  File "C:\ProgramData\anaconda3\envs\gconvloc\lib\site-packages\hydra\_internal\utils.py", line 658, in _locate
    raise ImportError(
ImportError: Error loading 'src.datamodules.SLE_datamodule_cos_knn_graph.SLEGraphDataModule':
AttributeError("module 'numpy.random' has no attribute 'BitGenerator'")

The above exception was the direct cause of the following exception:

Traceback (most recent call last):
  File "C:\Users\Administrator\Desktop\1PAPER\GCOM\src\utils\utils.py", line 42, in wrap
    metric_dict, object_dict = task_func(cfg=cfg)
  File "src/train.py", line 32, in train
    datamodule: LightningDataModule = hydra.utils.instantiate(cfg.datamodule)
  File "C:\ProgramData\anaconda3\envs\gconvloc\lib\site-packages\hydra\_internal\instantiate\_instantiate2.py", line 226, in instantiate
    return instantiate_node(
  File "C:\ProgramData\anaconda3\envs\gconvloc\lib\site-packages\hydra\_internal\instantiate\_instantiate2.py", line 333, in instantiate_node
    _target_ = _resolve_target(node.get(_Keys.TARGET), full_key)
  File "C:\ProgramData\anaconda3\envs\gconvloc\lib\site-packages\hydra\_internal\instantiate\_instantiate2.py", line 139, in _resolve_target
    raise InstantiationException(msg) from e
hydra.errors.InstantiationException: Error locating target 'src.datamodules.SLE_datamodule_cos_knn_graph.SLEGraphDataModule', set env var HYDRA_FULL_ERROR=1 to see chained exception.
full_key: datamodule
[2025-07-29 01:02:54,769][src.utils.utils][INFO] - Closing loggers...
[2025-07-29 01:03:30,894][src.utils.utils][INFO] - Enforcing tags! <cfg.extras.enforce_tags=True>
[2025-07-29 01:03:30,904][src.utils.utils][INFO] - Printing config tree with Rich! <cfg.extras.print_config=True>
[2025-07-29 01:03:30,970][__main__][INFO] - Instantiating datamodule <src.datamodules.SLE_datamodule_cos_knn_graph.SLEGraphDataModule>
[2025-07-29 01:03:30,977][src.utils.utils][ERROR] - 
Traceback (most recent call last):
  File "C:\ProgramData\anaconda3\envs\gconvloc\lib\site-packages\hydra\_internal\utils.py", line 644, in _locate
    obj = getattr(obj, part)
AttributeError: module 'src.datamodules' has no attribute 'SLE_datamodule_cos_knn_graph'

During handling of the above exception, another exception occurred:

Traceback (most recent call last):
  File "C:\ProgramData\anaconda3\envs\gconvloc\lib\site-packages\hydra\_internal\utils.py", line 650, in _locate
    obj = import_module(mod)
  File "C:\ProgramData\anaconda3\envs\gconvloc\lib\importlib\__init__.py", line 127, in import_module
    return _bootstrap._gcd_import(name[level:], package, level)
  File "<frozen importlib._bootstrap>", line 1014, in _gcd_import
  File "<frozen importlib._bootstrap>", line 991, in _find_and_load
  File "<frozen importlib._bootstrap>", line 975, in _find_and_load_unlocked
  File "<frozen importlib._bootstrap>", line 671, in _load_unlocked
  File "<frozen importlib._bootstrap_external>", line 843, in exec_module
  File "<frozen importlib._bootstrap>", line 219, in _call_with_frames_removed
  File "C:\Users\Administrator\Desktop\1PAPER\GCOM\src\datamodules\SLE_datamodule_cos_knn_graph.py", line 4, in <module>
    import pandas as pd
  File "C:\ProgramData\anaconda3\envs\gconvloc\lib\site-packages\pandas\__init__.py", line 22, in <module>
    from pandas.compat import is_numpy_dev as _is_numpy_dev  # pyright: ignore # noqa:F401
  File "C:\ProgramData\anaconda3\envs\gconvloc\lib\site-packages\pandas\compat\__init__.py", line 16, in <module>
    from pandas._typing import F
  File "C:\ProgramData\anaconda3\envs\gconvloc\lib\site-packages\pandas\_typing.py", line 139, in <module>
    np.random.BitGenerator,
AttributeError: module 'numpy.random' has no attribute 'BitGenerator'

The above exception was the direct cause of the following exception:

Traceback (most recent call last):
  File "C:\ProgramData\anaconda3\envs\gconvloc\lib\site-packages\hydra\_internal\instantiate\_instantiate2.py", line 134, in _resolve_target
    target = _locate(target)
  File "C:\ProgramData\anaconda3\envs\gconvloc\lib\site-packages\hydra\_internal\utils.py", line 658, in _locate
    raise ImportError(
ImportError: Error loading 'src.datamodules.SLE_datamodule_cos_knn_graph.SLEGraphDataModule':
AttributeError("module 'numpy.random' has no attribute 'BitGenerator'")

The above exception was the direct cause of the following exception:

Traceback (most recent call last):
  File "C:\Users\Administrator\Desktop\1PAPER\GCOM\src\utils\utils.py", line 42, in wrap
    metric_dict, object_dict = task_func(cfg=cfg)
  File "src/train.py", line 32, in train
    datamodule: LightningDataModule = hydra.utils.instantiate(cfg.datamodule)
  File "C:\ProgramData\anaconda3\envs\gconvloc\lib\site-packages\hydra\_internal\instantiate\_instantiate2.py", line 226, in instantiate
    return instantiate_node(
  File "C:\ProgramData\anaconda3\envs\gconvloc\lib\site-packages\hydra\_internal\instantiate\_instantiate2.py", line 333, in instantiate_node
    _target_ = _resolve_target(node.get(_Keys.TARGET), full_key)
  File "C:\ProgramData\anaconda3\envs\gconvloc\lib\site-packages\hydra\_internal\instantiate\_instantiate2.py", line 139, in _resolve_target
    raise InstantiationException(msg) from e
hydra.errors.InstantiationException: Error locating target 'src.datamodules.SLE_datamodule_cos_knn_graph.SLEGraphDataModule', set env var HYDRA_FULL_ERROR=1 to see chained exception.
full_key: datamodule
[2025-07-29 01:03:30,989][src.utils.utils][INFO] - Closing loggers...
[2025-07-29 01:07:14,683][src.utils.utils][INFO] - Enforcing tags! <cfg.extras.enforce_tags=True>
[2025-07-29 01:07:14,693][src.utils.utils][INFO] - Printing config tree with Rich! <cfg.extras.print_config=True>
[2025-07-29 01:07:14,757][__main__][INFO] - Instantiating datamodule <src.datamodules.SLE_datamodule_cos_knn_graph.SLEGraphDataModule>
[2025-07-29 01:07:14,764][src.utils.utils][ERROR] - 
Traceback (most recent call last):
  File "C:\ProgramData\anaconda3\envs\gconvloc\lib\site-packages\hydra\_internal\utils.py", line 644, in _locate
    obj = getattr(obj, part)
AttributeError: module 'src.datamodules' has no attribute 'SLE_datamodule_cos_knn_graph'

During handling of the above exception, another exception occurred:

Traceback (most recent call last):
  File "C:\ProgramData\anaconda3\envs\gconvloc\lib\site-packages\hydra\_internal\utils.py", line 650, in _locate
    obj = import_module(mod)
  File "C:\ProgramData\anaconda3\envs\gconvloc\lib\importlib\__init__.py", line 127, in import_module
    return _bootstrap._gcd_import(name[level:], package, level)
  File "<frozen importlib._bootstrap>", line 1014, in _gcd_import
  File "<frozen importlib._bootstrap>", line 991, in _find_and_load
  File "<frozen importlib._bootstrap>", line 975, in _find_and_load_unlocked
  File "<frozen importlib._bootstrap>", line 671, in _load_unlocked
  File "<frozen importlib._bootstrap_external>", line 843, in exec_module
  File "<frozen importlib._bootstrap>", line 219, in _call_with_frames_removed
  File "C:\Users\Administrator\Desktop\1PAPER\GCOM\src\datamodules\SLE_datamodule_cos_knn_graph.py", line 4, in <module>
    import pandas as pd
  File "C:\ProgramData\anaconda3\envs\gconvloc\lib\site-packages\pandas\__init__.py", line 22, in <module>
    from pandas.compat import is_numpy_dev as _is_numpy_dev  # pyright: ignore # noqa:F401
  File "C:\ProgramData\anaconda3\envs\gconvloc\lib\site-packages\pandas\compat\__init__.py", line 16, in <module>
    from pandas._typing import F
  File "C:\ProgramData\anaconda3\envs\gconvloc\lib\site-packages\pandas\_typing.py", line 139, in <module>
    np.random.BitGenerator,
AttributeError: module 'numpy.random' has no attribute 'BitGenerator'

The above exception was the direct cause of the following exception:

Traceback (most recent call last):
  File "C:\ProgramData\anaconda3\envs\gconvloc\lib\site-packages\hydra\_internal\instantiate\_instantiate2.py", line 134, in _resolve_target
    target = _locate(target)
  File "C:\ProgramData\anaconda3\envs\gconvloc\lib\site-packages\hydra\_internal\utils.py", line 658, in _locate
    raise ImportError(
ImportError: Error loading 'src.datamodules.SLE_datamodule_cos_knn_graph.SLEGraphDataModule':
AttributeError("module 'numpy.random' has no attribute 'BitGenerator'")

The above exception was the direct cause of the following exception:

Traceback (most recent call last):
  File "C:\Users\Administrator\Desktop\1PAPER\GCOM\src\utils\utils.py", line 42, in wrap
    metric_dict, object_dict = task_func(cfg=cfg)
  File "src/train.py", line 32, in train
    datamodule: LightningDataModule = hydra.utils.instantiate(cfg.datamodule)
  File "C:\ProgramData\anaconda3\envs\gconvloc\lib\site-packages\hydra\_internal\instantiate\_instantiate2.py", line 226, in instantiate
    return instantiate_node(
  File "C:\ProgramData\anaconda3\envs\gconvloc\lib\site-packages\hydra\_internal\instantiate\_instantiate2.py", line 333, in instantiate_node
    _target_ = _resolve_target(node.get(_Keys.TARGET), full_key)
  File "C:\ProgramData\anaconda3\envs\gconvloc\lib\site-packages\hydra\_internal\instantiate\_instantiate2.py", line 139, in _resolve_target
    raise InstantiationException(msg) from e
hydra.errors.InstantiationException: Error locating target 'src.datamodules.SLE_datamodule_cos_knn_graph.SLEGraphDataModule', set env var HYDRA_FULL_ERROR=1 to see chained exception.
full_key: datamodule
[2025-07-29 01:07:14,775][src.utils.utils][INFO] - Closing loggers...
[2025-07-29 01:10:38,828][src.utils.utils][INFO] - Enforcing tags! <cfg.extras.enforce_tags=True>
[2025-07-29 01:10:38,841][src.utils.utils][INFO] - Printing config tree with Rich! <cfg.extras.print_config=True>
[2025-07-29 01:10:38,908][__main__][INFO] - Instantiating datamodule <src.datamodules.SLE_datamodule_cos_knn_graph.SLEGraphDataModule>
[2025-07-29 01:10:38,968][numexpr.utils][INFO] - Note: NumExpr detected 20 cores but "NUMEXPR_MAX_THREADS" not set, so enforcing safe limit of 8.
[2025-07-29 01:10:38,969][numexpr.utils][INFO] - NumExpr defaulting to 8 threads.
[2025-07-29 01:10:39,472][src.datamodules.SLE_datamodule_cos_knn_graph][INFO] - Load data file from C:\Users\Administrator\Desktop\1PAPER\GCOM/data//SLE\processed\cos_knn_graph_data_23.pt
[2025-07-29 01:10:39,473][src.datamodules.SLE_datamodule_cos_knn_graph][INFO] - Data loading is done.
[2025-07-29 01:10:39,473][src.datamodules.SLE_datamodule_cos_knn_graph][INFO] - Data(x=[97, 4], edge_index=[2, 2231], y=[97, 2], reference_point=[2], train_mask=[97], test_mask=[97], x_dim=4)
[2025-07-29 01:10:39,474][__main__][INFO] - Instantiating model <src.models.gconvloc_localize_module_sle.LocalizationModule>
[2025-07-29 01:10:39,500][__main__][INFO] - Instantiating callbacks...
[2025-07-29 01:10:39,501][src.utils.utils][INFO] - Instantiating callback <pytorch_lightning.callbacks.ModelCheckpoint>
[2025-07-29 01:10:39,504][src.utils.utils][INFO] - Instantiating callback <pytorch_lightning.callbacks.EarlyStopping>
[2025-07-29 01:10:39,505][src.utils.utils][INFO] - Instantiating callback <pytorch_lightning.callbacks.RichModelSummary>
[2025-07-29 01:10:39,506][__main__][INFO] - Instantiating loggers...
[2025-07-29 01:10:39,506][src.utils.utils][INFO] - Instantiating logger <pytorch_lightning.loggers.csv_logs.CSVLogger>
[2025-07-29 01:10:39,508][src.utils.utils][INFO] - Instantiating logger <pytorch_lightning.loggers.tensorboard.TensorBoardLogger>
[2025-07-29 01:10:39,509][src.utils.utils][INFO] - Instantiating logger <pytorch_lightning.loggers.wandb.WandbLogger>
[2025-07-29 01:12:01,204][__main__][INFO] - Instantiating trainer <pytorch_lightning.Trainer>
[2025-07-29 01:12:01,217][__main__][INFO] - Logging hyperparameters!
[2025-07-29 01:12:01,266][__main__][INFO] - Starting training!
[2025-07-29 01:12:29,056][__main__][INFO] - Starting testing!
[2025-07-29 01:12:29,157][__main__][INFO] - Best ckpt path: C:\Users\Administrator\Desktop\1PAPER\GCOM\logs\train\runs\2025-07-29_01-10-38/checkpoints\epoch_543.ckpt
[2025-07-29 01:12:29,167][src.utils.utils][INFO] - Closing loggers...
[2025-07-29 01:12:29,168][src.utils.utils][INFO] - Closing wandb!
[2025-07-29 01:12:31,588][src.utils.utils][INFO] - Output dir: C:\Users\Administrator\Desktop\1PAPER\GCOM\logs\train\runs\2025-07-29_01-10-38
[2025-07-29 01:12:31,589][src.utils.utils][INFO] - Metric name is None! Skipping metric value retrieval...
[2025-07-29 01:14:24,801][src.utils.utils][INFO] - Enforcing tags! <cfg.extras.enforce_tags=True>
[2025-07-29 01:14:24,813][src.utils.utils][INFO] - Printing config tree with Rich! <cfg.extras.print_config=True>
[2025-07-29 01:14:24,875][__main__][INFO] - Instantiating datamodule <src.datamodules.SLE_datamodule_cos_knn_graph.SLEGraphDataModule>
[2025-07-29 01:14:24,928][numexpr.utils][INFO] - Note: NumExpr detected 20 cores but "NUMEXPR_MAX_THREADS" not set, so enforcing safe limit of 8.
[2025-07-29 01:14:24,928][numexpr.utils][INFO] - NumExpr defaulting to 8 threads.
[2025-07-29 01:14:25,400][src.datamodules.SLE_datamodule_cos_knn_graph][INFO] - Load data file from C:\Users\Administrator\Desktop\1PAPER\GCOM/data//SLE\processed\cos_knn_graph_data_23.pt
[2025-07-29 01:14:25,401][src.datamodules.SLE_datamodule_cos_knn_graph][INFO] - Data loading is done.
[2025-07-29 01:14:25,401][src.datamodules.SLE_datamodule_cos_knn_graph][INFO] - Data(x=[97, 4], edge_index=[2, 2231], y=[97, 2], reference_point=[2], train_mask=[97], test_mask=[97], x_dim=4)
[2025-07-29 01:14:25,403][__main__][INFO] - Instantiating model <src.models.gconvloc_localize_module_sle.LocalizationModule>
[2025-07-29 01:14:25,669][__main__][INFO] - Instantiating callbacks...
[2025-07-29 01:14:25,669][src.utils.utils][INFO] - Instantiating callback <pytorch_lightning.callbacks.ModelCheckpoint>
[2025-07-29 01:14:25,673][src.utils.utils][INFO] - Instantiating callback <pytorch_lightning.callbacks.EarlyStopping>
[2025-07-29 01:14:25,674][src.utils.utils][INFO] - Instantiating callback <pytorch_lightning.callbacks.RichModelSummary>
[2025-07-29 01:14:25,674][__main__][INFO] - Instantiating loggers...
[2025-07-29 01:14:25,675][src.utils.utils][INFO] - Instantiating logger <pytorch_lightning.loggers.csv_logs.CSVLogger>
[2025-07-29 01:14:25,676][src.utils.utils][INFO] - Instantiating logger <pytorch_lightning.loggers.tensorboard.TensorBoardLogger>
[2025-07-29 01:14:25,678][src.utils.utils][INFO] - Instantiating logger <pytorch_lightning.loggers.wandb.WandbLogger>
[2025-07-29 01:14:38,011][__main__][INFO] - Instantiating trainer <pytorch_lightning.Trainer>
[2025-07-29 01:14:38,023][__main__][INFO] - Logging hyperparameters!
[2025-07-29 01:14:38,070][__main__][INFO] - Starting training!
[2025-07-29 01:15:03,948][__main__][INFO] - Starting testing!
[2025-07-29 01:15:04,221][__main__][INFO] - Best ckpt path: C:\Users\Administrator\Desktop\1PAPER\GCOM\logs\train\runs\2025-07-29_01-14-24/checkpoints\epoch_512.ckpt
[2025-07-29 01:15:04,229][src.utils.utils][INFO] - Closing loggers...
[2025-07-29 01:15:04,230][src.utils.utils][INFO] - Closing wandb!
[2025-07-29 01:15:06,467][src.utils.utils][INFO] - Output dir: C:\Users\Administrator\Desktop\1PAPER\GCOM\logs\train\runs\2025-07-29_01-14-24
[2025-07-29 01:15:06,468][src.utils.utils][INFO] - Metric name is None! Skipping metric value retrieval...
[2025-07-29 01:29:49,439][src.utils.utils][INFO] - Enforcing tags! <cfg.extras.enforce_tags=True>
[2025-07-29 01:29:49,448][src.utils.utils][INFO] - Printing config tree with Rich! <cfg.extras.print_config=True>
[2025-07-29 01:29:49,515][__main__][INFO] - Instantiating datamodule <src.datamodules.SLE_datamodule_cos_knn_graph.SLEGraphDataModule>
[2025-07-29 01:29:49,569][numexpr.utils][INFO] - Note: NumExpr detected 20 cores but "NUMEXPR_MAX_THREADS" not set, so enforcing safe limit of 8.
[2025-07-29 01:29:49,569][numexpr.utils][INFO] - NumExpr defaulting to 8 threads.
[2025-07-29 01:29:50,051][src.datamodules.SLE_datamodule_cos_knn_graph][INFO] - Load data file from C:\Users\Administrator\Desktop\1PAPER\GCOM/data//SLE\processed\cos_knn_graph_data_23.pt
[2025-07-29 01:29:50,052][src.datamodules.SLE_datamodule_cos_knn_graph][INFO] - Data loading is done.
[2025-07-29 01:29:50,052][src.datamodules.SLE_datamodule_cos_knn_graph][INFO] - Data(x=[97, 4], edge_index=[2, 2231], y=[97, 2], reference_point=[2], train_mask=[97], test_mask=[97], x_dim=4)
[2025-07-29 01:29:50,054][__main__][INFO] - Instantiating model <src.models.gconvloc_localize_module_sle.LocalizationModule>
[2025-07-29 01:29:50,316][__main__][INFO] - Instantiating callbacks...
[2025-07-29 01:29:50,317][src.utils.utils][INFO] - Instantiating callback <pytorch_lightning.callbacks.ModelCheckpoint>
[2025-07-29 01:29:50,320][src.utils.utils][INFO] - Instantiating callback <pytorch_lightning.callbacks.EarlyStopping>
[2025-07-29 01:29:50,321][src.utils.utils][INFO] - Instantiating callback <pytorch_lightning.callbacks.RichModelSummary>
[2025-07-29 01:29:50,322][__main__][INFO] - Instantiating loggers...
[2025-07-29 01:29:50,322][src.utils.utils][INFO] - Instantiating logger <pytorch_lightning.loggers.csv_logs.CSVLogger>
[2025-07-29 01:29:50,324][src.utils.utils][INFO] - Instantiating logger <pytorch_lightning.loggers.tensorboard.TensorBoardLogger>
[2025-07-29 01:29:50,325][src.utils.utils][INFO] - Instantiating logger <pytorch_lightning.loggers.wandb.WandbLogger>
[2025-07-29 01:30:13,669][__main__][INFO] - Instantiating trainer <pytorch_lightning.Trainer>
[2025-07-29 01:30:13,681][__main__][INFO] - Logging hyperparameters!
[2025-07-29 01:30:13,735][__main__][INFO] - Starting training!
[2025-07-29 01:30:44,431][__main__][INFO] - Starting testing!
[2025-07-29 01:30:44,691][__main__][INFO] - Best ckpt path: C:\Users\Administrator\Desktop\1PAPER\GCOM\logs\train\runs\2025-07-29_01-29-49/checkpoints\epoch_618.ckpt
[2025-07-29 01:30:44,700][src.utils.utils][INFO] - Closing loggers...
[2025-07-29 01:30:44,700][src.utils.utils][INFO] - Closing wandb!
[2025-07-29 01:30:46,640][src.utils.utils][INFO] - Output dir: C:\Users\Administrator\Desktop\1PAPER\GCOM\logs\train\runs\2025-07-29_01-29-49
[2025-07-29 01:30:46,641][src.utils.utils][INFO] - Metric name is None! Skipping metric value retrieval...
[2025-07-29 19:39:04,857][src.utils.utils][INFO] - Enforcing tags! <cfg.extras.enforce_tags=True>
[2025-07-29 19:39:04,869][src.utils.utils][INFO] - Printing config tree with Rich! <cfg.extras.print_config=True>
[2025-07-29 19:39:04,934][__main__][INFO] - Instantiating datamodule <src.datamodules.SLE_datamodule_cos_knn_graph.SLEGraphDataModule>
[2025-07-29 19:39:04,992][numexpr.utils][INFO] - Note: NumExpr detected 20 cores but "NUMEXPR_MAX_THREADS" not set, so enforcing safe limit of 8.
[2025-07-29 19:39:04,992][numexpr.utils][INFO] - NumExpr defaulting to 8 threads.
[2025-07-29 19:39:05,504][src.datamodules.SLE_datamodule_cos_knn_graph][INFO] - Load data file from C:\Users\Administrator\Desktop\1PAPER\GCOM/data//SLE\processed\cos_knn_graph_data_23.pt
[2025-07-29 19:39:05,504][src.datamodules.SLE_datamodule_cos_knn_graph][INFO] - Data loading is done.
[2025-07-29 19:39:05,505][src.datamodules.SLE_datamodule_cos_knn_graph][INFO] - Data(x=[97, 4], edge_index=[2, 2231], y=[97, 2], reference_point=[2], train_mask=[97], test_mask=[97], x_dim=4)
[2025-07-29 19:39:05,506][__main__][INFO] - Instantiating model <src.models.gconvloc_localize_module_sle.LocalizationModule>
[2025-07-29 19:39:05,754][__main__][INFO] - Instantiating callbacks...
[2025-07-29 19:39:05,754][src.utils.utils][INFO] - Instantiating callback <pytorch_lightning.callbacks.ModelCheckpoint>
[2025-07-29 19:39:05,758][src.utils.utils][INFO] - Instantiating callback <pytorch_lightning.callbacks.EarlyStopping>
[2025-07-29 19:39:05,759][src.utils.utils][INFO] - Instantiating callback <pytorch_lightning.callbacks.RichModelSummary>
[2025-07-29 19:39:05,760][__main__][INFO] - Instantiating loggers...
[2025-07-29 19:39:05,760][src.utils.utils][INFO] - Instantiating logger <pytorch_lightning.loggers.csv_logs.CSVLogger>
[2025-07-29 19:39:05,761][src.utils.utils][INFO] - Instantiating logger <pytorch_lightning.loggers.tensorboard.TensorBoardLogger>
[2025-07-29 19:39:05,763][src.utils.utils][INFO] - Instantiating logger <pytorch_lightning.loggers.wandb.WandbLogger>
[2025-07-29 19:39:19,499][__main__][INFO] - Instantiating trainer <pytorch_lightning.Trainer>
[2025-07-29 19:39:19,511][__main__][INFO] - Logging hyperparameters!
[2025-07-29 19:39:19,566][__main__][INFO] - Starting training!
[2025-07-29 19:39:35,510][__main__][INFO] - Starting testing!
[2025-07-29 19:39:35,856][__main__][INFO] - Best ckpt path: C:\Users\Administrator\Desktop\1PAPER\GCOM\logs\train\runs\2025-07-29_19-39-04/checkpoints\epoch_301.ckpt
[2025-07-29 19:39:35,865][src.utils.utils][INFO] - Closing loggers...
[2025-07-29 19:39:35,866][src.utils.utils][INFO] - Closing wandb!
[2025-07-29 19:39:48,888][src.utils.utils][INFO] - Output dir: C:\Users\Administrator\Desktop\1PAPER\GCOM\logs\train\runs\2025-07-29_19-39-04
[2025-07-29 19:39:48,888][src.utils.utils][INFO] - Metric name is None! Skipping metric value retrieval...
[2025-07-29 19:39:59,188][src.utils.utils][INFO] - Enforcing tags! <cfg.extras.enforce_tags=True>
[2025-07-29 19:39:59,202][src.utils.utils][INFO] - Printing config tree with Rich! <cfg.extras.print_config=True>
[2025-07-29 19:39:59,267][__main__][INFO] - Instantiating datamodule <src.datamodules.SLE_datamodule_cos_knn_graph.SLEGraphDataModule>
[2025-07-29 19:39:59,320][numexpr.utils][INFO] - Note: NumExpr detected 20 cores but "NUMEXPR_MAX_THREADS" not set, so enforcing safe limit of 8.
[2025-07-29 19:39:59,320][numexpr.utils][INFO] - NumExpr defaulting to 8 threads.
[2025-07-29 19:39:59,835][src.datamodules.SLE_datamodule_cos_knn_graph][INFO] - Load data file from C:\Users\Administrator\Desktop\1PAPER\GCOM/data//SLE\processed\cos_knn_graph_data_23.pt
[2025-07-29 19:39:59,835][src.datamodules.SLE_datamodule_cos_knn_graph][INFO] - Data loading is done.
[2025-07-29 19:39:59,835][src.datamodules.SLE_datamodule_cos_knn_graph][INFO] - Data(x=[97, 4], edge_index=[2, 2231], y=[97, 2], reference_point=[2], train_mask=[97], test_mask=[97], x_dim=4)
[2025-07-29 19:39:59,837][__main__][INFO] - Instantiating model <src.models.gconvloc_localize_module_sle.LocalizationModule>
[2025-07-29 19:40:00,097][__main__][INFO] - Instantiating callbacks...
[2025-07-29 19:40:00,097][src.utils.utils][INFO] - Instantiating callback <pytorch_lightning.callbacks.ModelCheckpoint>
[2025-07-29 19:40:00,101][src.utils.utils][INFO] - Instantiating callback <pytorch_lightning.callbacks.EarlyStopping>
[2025-07-29 19:40:00,103][src.utils.utils][INFO] - Instantiating callback <pytorch_lightning.callbacks.RichModelSummary>
[2025-07-29 19:40:00,104][__main__][INFO] - Instantiating loggers...
[2025-07-29 19:40:00,105][src.utils.utils][INFO] - Instantiating logger <pytorch_lightning.loggers.csv_logs.CSVLogger>
[2025-07-29 19:40:00,107][src.utils.utils][INFO] - Instantiating logger <pytorch_lightning.loggers.tensorboard.TensorBoardLogger>
[2025-07-29 19:40:00,109][src.utils.utils][INFO] - Instantiating logger <pytorch_lightning.loggers.wandb.WandbLogger>
[2025-07-29 19:40:12,346][__main__][INFO] - Instantiating trainer <pytorch_lightning.Trainer>
[2025-07-29 19:40:12,360][__main__][INFO] - Logging hyperparameters!
[2025-07-29 19:40:12,414][__main__][INFO] - Starting training!
[2025-07-29 19:40:35,039][__main__][INFO] - Starting testing!
[2025-07-29 19:40:35,431][__main__][INFO] - Best ckpt path: C:\Users\Administrator\Desktop\1PAPER\GCOM\logs\train\runs\2025-07-29_19-39-59/checkpoints\epoch_438.ckpt
[2025-07-29 19:40:35,441][src.utils.utils][INFO] - Closing loggers...
[2025-07-29 19:40:35,442][src.utils.utils][INFO] - Closing wandb!
[2025-07-29 19:40:37,840][src.utils.utils][INFO] - Output dir: C:\Users\Administrator\Desktop\1PAPER\GCOM\logs\train\runs\2025-07-29_19-39-59
[2025-07-29 19:40:37,841][src.utils.utils][INFO] - Metric name is None! Skipping metric value retrieval...
[2025-07-29 19:41:04,881][src.utils.utils][INFO] - Enforcing tags! <cfg.extras.enforce_tags=True>
[2025-07-29 19:41:04,891][src.utils.utils][INFO] - Printing config tree with Rich! <cfg.extras.print_config=True>
[2025-07-29 19:41:04,955][__main__][INFO] - Instantiating datamodule <src.datamodules.SLE_datamodule_cos_knn_graph.SLEGraphDataModule>
[2025-07-29 19:41:05,007][numexpr.utils][INFO] - Note: NumExpr detected 20 cores but "NUMEXPR_MAX_THREADS" not set, so enforcing safe limit of 8.
[2025-07-29 19:41:05,008][numexpr.utils][INFO] - NumExpr defaulting to 8 threads.
[2025-07-29 19:41:05,477][src.datamodules.SLE_datamodule_cos_knn_graph][INFO] - Load data file from C:\Users\Administrator\Desktop\1PAPER\GCOM/data//SLE\processed\cos_knn_graph_data_23.pt
[2025-07-29 19:41:05,478][src.datamodules.SLE_datamodule_cos_knn_graph][INFO] - Data loading is done.
[2025-07-29 19:41:05,478][src.datamodules.SLE_datamodule_cos_knn_graph][INFO] - Data(x=[97, 4], edge_index=[2, 2231], y=[97, 2], reference_point=[2], train_mask=[97], test_mask=[97], x_dim=4)
[2025-07-29 19:41:05,479][__main__][INFO] - Instantiating model <src.models.gconvloc_localize_module_sle.LocalizationModule>
[2025-07-29 19:41:05,736][__main__][INFO] - Instantiating callbacks...
[2025-07-29 19:41:05,737][src.utils.utils][INFO] - Instantiating callback <pytorch_lightning.callbacks.ModelCheckpoint>
[2025-07-29 19:41:05,740][src.utils.utils][INFO] - Instantiating callback <pytorch_lightning.callbacks.EarlyStopping>
[2025-07-29 19:41:05,741][src.utils.utils][INFO] - Instantiating callback <pytorch_lightning.callbacks.RichModelSummary>
[2025-07-29 19:41:05,742][__main__][INFO] - Instantiating loggers...
[2025-07-29 19:41:05,742][src.utils.utils][INFO] - Instantiating logger <pytorch_lightning.loggers.csv_logs.CSVLogger>
[2025-07-29 19:41:05,744][src.utils.utils][INFO] - Instantiating logger <pytorch_lightning.loggers.tensorboard.TensorBoardLogger>
[2025-07-29 19:41:05,746][src.utils.utils][INFO] - Instantiating logger <pytorch_lightning.loggers.wandb.WandbLogger>
[2025-07-29 19:41:17,992][__main__][INFO] - Instantiating trainer <pytorch_lightning.Trainer>
[2025-07-29 19:41:18,004][__main__][INFO] - Logging hyperparameters!
[2025-07-29 19:41:18,055][__main__][INFO] - Starting training!
[2025-07-29 19:41:57,552][__main__][INFO] - Starting testing!
[2025-07-29 19:41:57,806][__main__][INFO] - Best ckpt path: C:\Users\Administrator\Desktop\1PAPER\GCOM\logs\train\runs\2025-07-29_19-41-04/checkpoints\epoch_775.ckpt
[2025-07-29 19:41:57,816][src.utils.utils][INFO] - Closing loggers...
[2025-07-29 19:41:57,817][src.utils.utils][INFO] - Closing wandb!
[2025-07-29 19:42:00,049][src.utils.utils][INFO] - Output dir: C:\Users\Administrator\Desktop\1PAPER\GCOM\logs\train\runs\2025-07-29_19-41-04
[2025-07-29 19:42:00,050][src.utils.utils][INFO] - Metric name is None! Skipping metric value retrieval...
[2025-07-29 19:44:00,831][src.utils.utils][INFO] - Enforcing tags! <cfg.extras.enforce_tags=True>
[2025-07-29 19:44:00,846][src.utils.utils][INFO] - Printing config tree with Rich! <cfg.extras.print_config=True>
[2025-07-29 19:44:00,913][__main__][INFO] - Instantiating datamodule <src.datamodules.SLE_datamodule_cos_knn_graph.SLEGraphDataModule>
[2025-07-29 19:44:00,974][numexpr.utils][INFO] - Note: NumExpr detected 20 cores but "NUMEXPR_MAX_THREADS" not set, so enforcing safe limit of 8.
[2025-07-29 19:44:00,975][numexpr.utils][INFO] - NumExpr defaulting to 8 threads.
[2025-07-29 19:44:01,500][src.datamodules.SLE_datamodule_cos_knn_graph][INFO] - Load data file from C:\Users\Administrator\Desktop\1PAPER\GCOM/data//SLE\processed\cos_knn_graph_data_23.pt
[2025-07-29 19:44:01,501][src.datamodules.SLE_datamodule_cos_knn_graph][INFO] - Data loading is done.
[2025-07-29 19:44:01,501][src.datamodules.SLE_datamodule_cos_knn_graph][INFO] - Data(x=[97, 4], edge_index=[2, 2231], y=[97, 2], reference_point=[2], train_mask=[97], test_mask=[97], x_dim=4)
[2025-07-29 19:44:01,502][__main__][INFO] - Instantiating model <src.models.gconvloc_localize_module_sle.LocalizationModule>
[2025-07-29 19:44:01,753][__main__][INFO] - Instantiating callbacks...
[2025-07-29 19:44:01,754][src.utils.utils][INFO] - Instantiating callback <pytorch_lightning.callbacks.ModelCheckpoint>
[2025-07-29 19:44:01,758][src.utils.utils][INFO] - Instantiating callback <pytorch_lightning.callbacks.EarlyStopping>
[2025-07-29 19:44:01,758][src.utils.utils][INFO] - Instantiating callback <pytorch_lightning.callbacks.RichModelSummary>
[2025-07-29 19:44:01,759][__main__][INFO] - Instantiating loggers...
[2025-07-29 19:44:01,759][src.utils.utils][INFO] - Instantiating logger <pytorch_lightning.loggers.csv_logs.CSVLogger>
[2025-07-29 19:44:01,761][src.utils.utils][INFO] - Instantiating logger <pytorch_lightning.loggers.tensorboard.TensorBoardLogger>
[2025-07-29 19:44:01,763][src.utils.utils][INFO] - Instantiating logger <pytorch_lightning.loggers.wandb.WandbLogger>
[2025-07-29 19:44:14,042][__main__][INFO] - Instantiating trainer <pytorch_lightning.Trainer>
[2025-07-29 19:44:14,053][__main__][INFO] - Logging hyperparameters!
[2025-07-29 19:44:14,102][__main__][INFO] - Starting training!
[2025-07-29 19:44:41,616][__main__][INFO] - Starting testing!
[2025-07-29 19:44:41,882][__main__][INFO] - Best ckpt path: C:\Users\Administrator\Desktop\1PAPER\GCOM\logs\train\runs\2025-07-29_19-44-00/checkpoints\epoch_462.ckpt
[2025-07-29 19:44:41,889][src.utils.utils][INFO] - Closing loggers...
[2025-07-29 19:44:41,890][src.utils.utils][INFO] - Closing wandb!
[2025-07-29 19:44:44,554][src.utils.utils][INFO] - Output dir: C:\Users\Administrator\Desktop\1PAPER\GCOM\logs\train\runs\2025-07-29_19-44-00
[2025-07-29 19:44:44,555][src.utils.utils][INFO] - Metric name is None! Skipping metric value retrieval...
[2025-07-29 19:48:57,014][src.utils.utils][INFO] - Enforcing tags! <cfg.extras.enforce_tags=True>
[2025-07-29 19:48:57,026][src.utils.utils][INFO] - Printing config tree with Rich! <cfg.extras.print_config=True>
[2025-07-29 19:48:57,091][__main__][INFO] - Instantiating datamodule <src.datamodules.SLE_datamodule_cos_knn_graph.SLEGraphDataModule>
[2025-07-29 19:48:57,146][numexpr.utils][INFO] - Note: NumExpr detected 20 cores but "NUMEXPR_MAX_THREADS" not set, so enforcing safe limit of 8.
[2025-07-29 19:48:57,147][numexpr.utils][INFO] - NumExpr defaulting to 8 threads.
[2025-07-29 19:48:57,669][src.datamodules.SLE_datamodule_cos_knn_graph][INFO] - Load data file from C:\Users\Administrator\Desktop\1PAPER\GCOM/data//SLE\processed\cos_knn_graph_data_23.pt
[2025-07-29 19:48:57,669][src.datamodules.SLE_datamodule_cos_knn_graph][INFO] - Data loading is done.
[2025-07-29 19:48:57,670][src.datamodules.SLE_datamodule_cos_knn_graph][INFO] - Data(x=[97, 4], edge_index=[2, 2231], y=[97, 2], reference_point=[2], train_mask=[97], test_mask=[97], x_dim=4)
[2025-07-29 19:48:57,671][__main__][INFO] - Instantiating model <src.models.gconvloc_localize_module_sle.LocalizationModule>
[2025-07-29 19:48:57,924][__main__][INFO] - Instantiating callbacks...
[2025-07-29 19:48:57,924][src.utils.utils][INFO] - Instantiating callback <pytorch_lightning.callbacks.ModelCheckpoint>
[2025-07-29 19:48:57,928][src.utils.utils][INFO] - Instantiating callback <pytorch_lightning.callbacks.EarlyStopping>
[2025-07-29 19:48:57,929][src.utils.utils][INFO] - Instantiating callback <pytorch_lightning.callbacks.RichModelSummary>
[2025-07-29 19:48:57,930][__main__][INFO] - Instantiating loggers...
[2025-07-29 19:48:57,931][src.utils.utils][INFO] - Instantiating logger <pytorch_lightning.loggers.csv_logs.CSVLogger>
[2025-07-29 19:48:57,932][src.utils.utils][INFO] - Instantiating logger <pytorch_lightning.loggers.tensorboard.TensorBoardLogger>
[2025-07-29 19:48:57,934][src.utils.utils][INFO] - Instantiating logger <pytorch_lightning.loggers.wandb.WandbLogger>
[2025-07-29 19:49:10,199][__main__][INFO] - Instantiating trainer <pytorch_lightning.Trainer>
[2025-07-29 19:49:10,211][__main__][INFO] - Logging hyperparameters!
[2025-07-29 19:49:10,260][__main__][INFO] - Starting training!
[2025-07-29 19:49:40,257][__main__][INFO] - Starting testing!
[2025-07-29 19:49:40,536][__main__][INFO] - Best ckpt path: C:\Users\Administrator\Desktop\1PAPER\GCOM\logs\train\runs\2025-07-29_19-48-56/checkpoints\epoch_587.ckpt
[2025-07-29 19:49:40,544][src.utils.utils][INFO] - Closing loggers...
[2025-07-29 19:49:40,545][src.utils.utils][INFO] - Closing wandb!
[2025-07-29 19:49:42,753][src.utils.utils][INFO] - Output dir: C:\Users\Administrator\Desktop\1PAPER\GCOM\logs\train\runs\2025-07-29_19-48-56
[2025-07-29 19:49:42,753][src.utils.utils][INFO] - Metric name is None! Skipping metric value retrieval...
[2025-08-07 13:57:43,303][src.utils.utils][INFO] - Enforcing tags! <cfg.extras.enforce_tags=True>
[2025-08-07 13:57:43,320][src.utils.utils][INFO] - Printing config tree with Rich! <cfg.extras.print_config=True>
[2025-08-07 13:57:43,385][__main__][INFO] - Instantiating datamodule <src.datamodules.SLE_datamodule_cos_knn_graph.SLEGraphDataModule>
[2025-08-07 13:57:43,518][numexpr.utils][INFO] - Note: NumExpr detected 20 cores but "NUMEXPR_MAX_THREADS" not set, so enforcing safe limit of 8.
[2025-08-07 13:57:43,519][numexpr.utils][INFO] - NumExpr defaulting to 8 threads.
[2025-08-07 13:57:44,350][src.datamodules.SLE_datamodule_cos_knn_graph][INFO] - Load data file from C:\Users\Administrator\Desktop\1PAPER\GCOM/data//SLE\processed\cos_knn_graph_data_23.pt
[2025-08-07 13:57:44,351][src.datamodules.SLE_datamodule_cos_knn_graph][INFO] - Data loading is done.
[2025-08-07 13:57:44,351][src.datamodules.SLE_datamodule_cos_knn_graph][INFO] - Data(x=[97, 4], edge_index=[2, 2231], y=[97, 2], reference_point=[2], train_mask=[97], test_mask=[97], x_dim=4)
[2025-08-07 13:57:44,353][__main__][INFO] - Instantiating model <src.models.gconvloc_localize_module_sle.LocalizationModule>
[2025-08-07 13:57:44,676][__main__][INFO] - Instantiating callbacks...
[2025-08-07 13:57:44,676][src.utils.utils][INFO] - Instantiating callback <pytorch_lightning.callbacks.ModelCheckpoint>
[2025-08-07 13:57:44,683][src.utils.utils][INFO] - Instantiating callback <pytorch_lightning.callbacks.EarlyStopping>
[2025-08-07 13:57:44,685][src.utils.utils][INFO] - Instantiating callback <pytorch_lightning.callbacks.RichModelSummary>
[2025-08-07 13:57:44,685][__main__][INFO] - Instantiating loggers...
[2025-08-07 13:57:44,686][src.utils.utils][INFO] - Instantiating logger <pytorch_lightning.loggers.csv_logs.CSVLogger>
[2025-08-07 13:57:44,687][src.utils.utils][INFO] - Instantiating logger <pytorch_lightning.loggers.tensorboard.TensorBoardLogger>
[2025-08-07 13:57:44,689][src.utils.utils][INFO] - Instantiating logger <pytorch_lightning.loggers.wandb.WandbLogger>
[2025-08-07 13:58:08,193][__main__][INFO] - Instantiating trainer <pytorch_lightning.Trainer>
[2025-08-07 13:58:08,205][__main__][INFO] - Logging hyperparameters!
[2025-08-07 13:58:08,267][__main__][INFO] - Starting training!
[2025-08-07 13:58:39,104][__main__][INFO] - Starting testing!
[2025-08-07 13:58:39,447][__main__][INFO] - Best ckpt path: C:\Users\Administrator\Desktop\1PAPER\GCOM\logs\train\runs\2025-08-07_13-57-43/checkpoints\epoch_607.ckpt
[2025-08-07 13:58:39,458][src.utils.utils][INFO] - Closing loggers...
[2025-08-07 13:58:39,459][src.utils.utils][INFO] - Closing wandb!
[2025-08-07 13:58:51,897][src.utils.utils][INFO] - Output dir: C:\Users\Administrator\Desktop\1PAPER\GCOM\logs\train\runs\2025-08-07_13-57-43
[2025-08-07 13:58:51,897][src.utils.utils][INFO] - Metric name is None! Skipping metric value retrieval...
[2025-08-07 14:02:43,277][src.utils.utils][INFO] - Enforcing tags! <cfg.extras.enforce_tags=True>
[2025-08-07 14:02:43,289][src.utils.utils][INFO] - Printing config tree with Rich! <cfg.extras.print_config=True>
[2025-08-07 14:02:43,359][__main__][INFO] - Instantiating datamodule <src.datamodules.SLE_datamodule_cos_knn_graph.SLEGraphDataModule>
[2025-08-07 14:02:43,412][numexpr.utils][INFO] - Note: NumExpr detected 20 cores but "NUMEXPR_MAX_THREADS" not set, so enforcing safe limit of 8.
[2025-08-07 14:02:43,412][numexpr.utils][INFO] - NumExpr defaulting to 8 threads.
[2025-08-07 14:02:43,931][src.datamodules.SLE_datamodule_cos_knn_graph][INFO] - Load data file from C:\Users\Administrator\Desktop\1PAPER\GCOM/data//SLE\processed\cos_knn_graph_data_23.pt
[2025-08-07 14:02:43,931][src.datamodules.SLE_datamodule_cos_knn_graph][INFO] - Data loading is done.
[2025-08-07 14:02:43,931][src.datamodules.SLE_datamodule_cos_knn_graph][INFO] - Data(x=[97, 4], edge_index=[2, 2231], y=[97, 2], reference_point=[2], train_mask=[97], test_mask=[97], x_dim=4)
[2025-08-07 14:02:43,933][__main__][INFO] - Instantiating model <src.models.gconvloc_localize_module_sle.LocalizationModule>
[2025-08-07 14:02:44,196][__main__][INFO] - Instantiating callbacks...
[2025-08-07 14:02:44,197][src.utils.utils][INFO] - Instantiating callback <pytorch_lightning.callbacks.ModelCheckpoint>
[2025-08-07 14:02:44,200][src.utils.utils][INFO] - Instantiating callback <pytorch_lightning.callbacks.EarlyStopping>
[2025-08-07 14:02:44,201][src.utils.utils][INFO] - Instantiating callback <pytorch_lightning.callbacks.RichModelSummary>
[2025-08-07 14:02:44,202][__main__][INFO] - Instantiating loggers...
[2025-08-07 14:02:44,203][src.utils.utils][INFO] - Instantiating logger <pytorch_lightning.loggers.csv_logs.CSVLogger>
[2025-08-07 14:02:44,204][src.utils.utils][INFO] - Instantiating logger <pytorch_lightning.loggers.tensorboard.TensorBoardLogger>
[2025-08-07 14:02:44,206][src.utils.utils][INFO] - Instantiating logger <pytorch_lightning.loggers.wandb.WandbLogger>
[2025-08-07 14:02:56,554][__main__][INFO] - Instantiating trainer <pytorch_lightning.Trainer>
[2025-08-07 14:02:56,566][__main__][INFO] - Logging hyperparameters!
[2025-08-07 14:02:56,623][__main__][INFO] - Starting training!
[2025-08-07 14:03:24,304][__main__][INFO] - Starting testing!
[2025-08-07 14:03:24,578][__main__][INFO] - Best ckpt path: C:\Users\Administrator\Desktop\1PAPER\GCOM\logs\train\runs\2025-08-07_14-02-43/checkpoints\epoch_525.ckpt
[2025-08-07 14:03:24,588][src.utils.utils][INFO] - Closing loggers...
[2025-08-07 14:03:24,589][src.utils.utils][INFO] - Closing wandb!
[2025-08-07 14:03:27,135][src.utils.utils][INFO] - Output dir: C:\Users\Administrator\Desktop\1PAPER\GCOM\logs\train\runs\2025-08-07_14-02-43
[2025-08-07 14:03:27,136][src.utils.utils][INFO] - Metric name is None! Skipping metric value retrieval...
[2025-08-07 15:14:28,870][src.utils.utils][INFO] - Enforcing tags! <cfg.extras.enforce_tags=True>
[2025-08-07 15:14:28,883][src.utils.utils][INFO] - Printing config tree with Rich! <cfg.extras.print_config=True>
[2025-08-07 15:14:28,951][__main__][INFO] - Instantiating datamodule <src.datamodules.SLE_datamodule_cos_knn_graph.SLEGraphDataModule>
[2025-08-07 15:14:29,010][numexpr.utils][INFO] - Note: NumExpr detected 20 cores but "NUMEXPR_MAX_THREADS" not set, so enforcing safe limit of 8.
[2025-08-07 15:14:29,011][numexpr.utils][INFO] - NumExpr defaulting to 8 threads.
[2025-08-07 15:14:29,506][src.datamodules.SLE_datamodule_cos_knn_graph][INFO] - Load data file from C:\Users\Administrator\Desktop\1PAPER\GCOM/data//SLE\processed\cos_knn_graph_data_23.pt
[2025-08-07 15:14:29,506][src.datamodules.SLE_datamodule_cos_knn_graph][INFO] - Data loading is done.
[2025-08-07 15:14:29,507][src.datamodules.SLE_datamodule_cos_knn_graph][INFO] - Data(x=[97, 4], edge_index=[2, 2231], y=[97, 2], reference_point=[2], train_mask=[97], test_mask=[97], x_dim=4)
[2025-08-07 15:14:29,508][__main__][INFO] - Instantiating model <src.models.gconvloc_localize_module_sle.LocalizationModule>
[2025-08-07 15:14:29,758][__main__][INFO] - Instantiating callbacks...
[2025-08-07 15:14:29,758][src.utils.utils][INFO] - Instantiating callback <pytorch_lightning.callbacks.ModelCheckpoint>
[2025-08-07 15:14:29,762][src.utils.utils][INFO] - Instantiating callback <pytorch_lightning.callbacks.EarlyStopping>
[2025-08-07 15:14:29,763][src.utils.utils][INFO] - Instantiating callback <pytorch_lightning.callbacks.RichModelSummary>
[2025-08-07 15:14:29,763][__main__][INFO] - Instantiating loggers...
[2025-08-07 15:14:29,764][src.utils.utils][INFO] - Instantiating logger <pytorch_lightning.loggers.csv_logs.CSVLogger>
[2025-08-07 15:14:29,765][src.utils.utils][INFO] - Instantiating logger <pytorch_lightning.loggers.tensorboard.TensorBoardLogger>
[2025-08-07 15:14:29,767][src.utils.utils][INFO] - Instantiating logger <pytorch_lightning.loggers.wandb.WandbLogger>
[2025-08-07 15:14:54,204][__main__][INFO] - Instantiating trainer <pytorch_lightning.Trainer>
[2025-08-07 15:14:54,216][__main__][INFO] - Logging hyperparameters!
[2025-08-07 15:14:54,273][__main__][INFO] - Starting training!
[2025-08-07 15:15:31,063][__main__][INFO] - Total training time: 36.79 seconds
[2025-08-07 15:15:31,063][__main__][INFO] - Starting testing!
[2025-08-07 15:15:31,337][__main__][INFO] - Total testing time: 0.27 seconds
[2025-08-07 15:15:31,338][__main__][INFO] - Best ckpt path: C:\Users\Administrator\Desktop\1PAPER\GCOM\logs\train\runs\2025-08-07_15-14-28/checkpoints\epoch_733.ckpt
[2025-08-07 15:15:31,347][src.utils.utils][INFO] - Closing loggers...
[2025-08-07 15:15:31,347][src.utils.utils][INFO] - Closing wandb!
[2025-08-07 15:15:33,975][src.utils.utils][INFO] - Output dir: C:\Users\Administrator\Desktop\1PAPER\GCOM\logs\train\runs\2025-08-07_15-14-28
[2025-08-07 15:15:33,976][src.utils.utils][INFO] - Metric name is None! Skipping metric value retrieval...
[2025-08-07 15:15:33,977][__main__][INFO] - Summary: Training time = 36.79 seconds, Testing time = 0.27 seconds
[2025-09-12 00:12:14,835][src.utils.utils][INFO] - Enforcing tags! <cfg.extras.enforce_tags=True>
[2025-09-12 00:12:14,843][src.utils.utils][INFO] - Printing config tree with Rich! <cfg.extras.print_config=True>
[2025-09-12 00:12:14,904][__main__][INFO] - Instantiating datamodule <src.datamodules.UJIIndoorLoc_datamodule_cos_knn_graph.UJIIndoorLocGraphDataModule>
[2025-09-12 00:12:15,031][numexpr.utils][INFO] - Note: NumExpr detected 20 cores but "NUMEXPR_MAX_THREADS" not set, so enforcing safe limit of 8.
[2025-09-12 00:12:15,031][numexpr.utils][INFO] - NumExpr defaulting to 8 threads.
[2025-09-12 00:12:15,848][src.datamodules.UJIIndoorLoc_datamodule_cos_knn_graph][INFO] - Load data file from C:\Users\Administrator\Desktop\1PAPER\GCOM/data//UJIIndoorLoc\processed\cos_knn_graph_data_23.pt
[2025-09-12 00:12:15,878][src.datamodules.UJIIndoorLoc_datamodule_cos_knn_graph][INFO] - Data loading is done.
[2025-09-12 00:12:15,879][src.datamodules.UJIIndoorLoc_datamodule_cos_knn_graph][INFO] - Data(x=[20982, 520], edge_index=[2, 480815], y=[20982, 2], y_min=[2], y_max=[2], train_mask=[20982], val_mask=[20982], test_mask=[20982], x_dim=520)
[2025-09-12 00:12:15,880][__main__][INFO] - Instantiating model <src.models.gconvloc_localize_module.LocalizationModule>
[2025-09-12 00:12:15,897][__main__][INFO] - Instantiating callbacks...
[2025-09-12 00:12:15,898][src.utils.utils][INFO] - Instantiating callback <pytorch_lightning.callbacks.ModelCheckpoint>
[2025-09-12 00:12:15,903][src.utils.utils][INFO] - Instantiating callback <pytorch_lightning.callbacks.EarlyStopping>
[2025-09-12 00:12:15,904][src.utils.utils][INFO] - Instantiating callback <pytorch_lightning.callbacks.RichModelSummary>
[2025-09-12 00:12:15,905][__main__][INFO] - Instantiating loggers...
[2025-09-12 00:12:15,905][src.utils.utils][INFO] - Instantiating logger <pytorch_lightning.loggers.csv_logs.CSVLogger>
[2025-09-12 00:12:15,907][src.utils.utils][INFO] - Instantiating logger <pytorch_lightning.loggers.tensorboard.TensorBoardLogger>
[2025-09-12 00:12:15,909][src.utils.utils][INFO] - Instantiating logger <pytorch_lightning.loggers.wandb.WandbLogger>
[2025-09-12 00:12:44,521][__main__][INFO] - Instantiating trainer <pytorch_lightning.Trainer>
[2025-09-12 00:12:44,532][__main__][INFO] - Logging hyperparameters!
[2025-09-12 00:12:44,559][__main__][INFO] - Starting training!
[2025-09-12 00:31:40,526][src.utils.utils][INFO] - Enforcing tags! <cfg.extras.enforce_tags=True>
[2025-09-12 00:31:40,532][src.utils.utils][INFO] - Printing config tree with Rich! <cfg.extras.print_config=True>
[2025-09-12 00:31:40,590][__main__][INFO] - Instantiating datamodule <src.datamodules.SLE_datamodule_cos_knn_graph.SLEGraphDataModule>
[2025-09-12 00:31:40,645][numexpr.utils][INFO] - Note: NumExpr detected 20 cores but "NUMEXPR_MAX_THREADS" not set, so enforcing safe limit of 8.
[2025-09-12 00:31:40,645][numexpr.utils][INFO] - NumExpr defaulting to 8 threads.
[2025-09-12 00:31:41,099][src.datamodules.SLE_datamodule_cos_knn_graph][INFO] - Load data file from C:\Users\Administrator\Desktop\1PAPER\GCOM/data//SLE\processed\cos_knn_graph_data_23.pt
[2025-09-12 00:31:41,100][src.datamodules.SLE_datamodule_cos_knn_graph][INFO] - Data loading is done.
[2025-09-12 00:31:41,100][src.datamodules.SLE_datamodule_cos_knn_graph][INFO] - Data(x=[97, 4], edge_index=[2, 2231], y=[97, 2], reference_point=[2], train_mask=[97], test_mask=[97], x_dim=4)
[2025-09-12 00:31:41,102][__main__][INFO] - Instantiating model <src.models.gconvloc_localize_module_sle.LocalizationModule>
[2025-09-12 00:31:41,406][__main__][INFO] - Instantiating callbacks...
[2025-09-12 00:31:41,407][src.utils.utils][INFO] - Instantiating callback <pytorch_lightning.callbacks.ModelCheckpoint>
[2025-09-12 00:31:41,410][src.utils.utils][INFO] - Instantiating callback <pytorch_lightning.callbacks.EarlyStopping>
[2025-09-12 00:31:41,411][src.utils.utils][INFO] - Instantiating callback <pytorch_lightning.callbacks.RichModelSummary>
[2025-09-12 00:31:41,412][__main__][INFO] - Instantiating loggers...
[2025-09-12 00:31:41,412][src.utils.utils][INFO] - Instantiating logger <pytorch_lightning.loggers.csv_logs.CSVLogger>
[2025-09-12 00:31:41,413][src.utils.utils][INFO] - Instantiating logger <pytorch_lightning.loggers.tensorboard.TensorBoardLogger>
[2025-09-12 00:31:41,415][src.utils.utils][INFO] - Instantiating logger <pytorch_lightning.loggers.wandb.WandbLogger>
[2025-09-12 00:32:29,372][__main__][INFO] - Instantiating trainer <pytorch_lightning.Trainer>
[2025-09-12 00:32:29,387][__main__][INFO] - Logging hyperparameters!
[2025-09-12 00:32:29,407][__main__][INFO] - Starting training!
[2025-09-12 00:33:03,781][__main__][INFO] - Total training time: 34.37 seconds
[2025-09-12 00:33:03,782][__main__][INFO] - Starting testing!
[2025-09-12 00:33:04,108][__main__][INFO] - Total testing time: 0.33 seconds
[2025-09-12 00:33:04,109][__main__][INFO] - Best ckpt path: C:\Users\Administrator\Desktop\1PAPER\GCOM\logs\train\runs\2025-09-12_00-31-40/checkpoints\epoch_700.ckpt
[2025-09-12 00:33:04,112][src.utils.utils][INFO] - Closing loggers...
[2025-09-12 00:33:04,113][src.utils.utils][INFO] - Closing wandb!
[2025-09-12 00:33:07,803][src.utils.utils][INFO] - Output dir: C:\Users\Administrator\Desktop\1PAPER\GCOM\logs\train\runs\2025-09-12_00-31-40
[2025-09-12 00:33:07,804][src.utils.utils][INFO] - Metric name is None! Skipping metric value retrieval...
[2025-09-12 00:33:07,804][__main__][INFO] - Summary: Training time = 34.37 seconds, Testing time = 0.33 seconds
[2025-09-13 22:53:21,386][src.utils.utils][INFO] - Enforcing tags! <cfg.extras.enforce_tags=True>
[2025-09-13 22:53:21,386][src.utils.utils][INFO] - Printing config tree with Rich! <cfg.extras.print_config=True>
[2025-09-13 22:53:21,457][__main__][INFO] - Instantiating datamodule <src.datamodules.SLE_datamodule_cos_knn_graph.SLEGraphDataModule>
[2025-09-13 22:53:21,511][numexpr.utils][INFO] - Note: NumExpr detected 20 cores but "NUMEXPR_MAX_THREADS" not set, so enforcing safe limit of 8.
[2025-09-13 22:53:21,512][numexpr.utils][INFO] - NumExpr defaulting to 8 threads.
[2025-09-13 22:53:21,990][src.datamodules.SLE_datamodule_cos_knn_graph][INFO] - Load data file from C:\Users\Administrator\Desktop\1PAPER\GCOM/data//SLE\processed\cos_knn_graph_data_23.pt
[2025-09-13 22:53:21,991][src.datamodules.SLE_datamodule_cos_knn_graph][INFO] - Data loading is done.
[2025-09-13 22:53:21,991][src.datamodules.SLE_datamodule_cos_knn_graph][INFO] - Data(x=[97, 4], edge_index=[2, 2231], y=[97, 2], reference_point=[2], train_mask=[97], test_mask=[97], x_dim=4)
[2025-09-13 22:53:21,992][__main__][INFO] - Instantiating model <src.models.gconvloc_localize_module_sle.LocalizationModule>
[2025-09-13 22:53:22,295][__main__][INFO] - Instantiating callbacks...
[2025-09-13 22:53:22,296][src.utils.utils][INFO] - Instantiating callback <pytorch_lightning.callbacks.ModelCheckpoint>
[2025-09-13 22:53:22,299][src.utils.utils][INFO] - Instantiating callback <pytorch_lightning.callbacks.EarlyStopping>
[2025-09-13 22:53:22,301][src.utils.utils][INFO] - Instantiating callback <pytorch_lightning.callbacks.RichModelSummary>
[2025-09-13 22:53:22,302][__main__][INFO] - Instantiating loggers...
[2025-09-13 22:53:22,302][src.utils.utils][INFO] - Instantiating logger <pytorch_lightning.loggers.csv_logs.CSVLogger>
[2025-09-13 22:53:22,303][src.utils.utils][INFO] - Instantiating logger <pytorch_lightning.loggers.tensorboard.TensorBoardLogger>
[2025-09-13 22:53:22,305][src.utils.utils][INFO] - Instantiating logger <pytorch_lightning.loggers.wandb.WandbLogger>
[2025-09-13 22:53:34,449][__main__][INFO] - Instantiating trainer <pytorch_lightning.Trainer>
[2025-09-13 22:53:34,461][__main__][INFO] - Logging hyperparameters!
[2025-09-13 22:53:34,477][__main__][INFO] - Starting training!
[2025-09-13 22:53:58,097][__main__][INFO] - Total training time: 23.62 seconds
[2025-09-13 22:53:58,111][__main__][INFO] - Starting testing!
[2025-09-13 22:53:58,458][__main__][INFO] - Total testing time: 0.35 seconds
[2025-09-13 22:53:58,460][__main__][INFO] - Best ckpt path: C:\Users\Administrator\Desktop\1PAPER\GCOM\logs\train\runs\2025-09-13_22-53-21/checkpoints\epoch_514.ckpt
[2025-09-13 22:53:58,461][src.utils.utils][INFO] - Closing loggers...
[2025-09-13 22:53:58,462][src.utils.utils][INFO] - Closing wandb!
[2025-09-13 22:54:06,065][src.utils.utils][INFO] - Output dir: C:\Users\Administrator\Desktop\1PAPER\GCOM\logs\train\runs\2025-09-13_22-53-21
[2025-09-13 22:54:06,066][src.utils.utils][INFO] - Metric name is None! Skipping metric value retrieval...
[2025-09-13 22:54:06,067][__main__][INFO] - Summary: Training time = 23.62 seconds, Testing time = 0.35 seconds
[2025-09-13 23:23:26,471][src.utils.utils][INFO] - Enforcing tags! <cfg.extras.enforce_tags=True>
[2025-09-13 23:23:26,477][src.utils.utils][INFO] - Printing config tree with Rich! <cfg.extras.print_config=True>
[2025-09-13 23:23:26,539][__main__][INFO] - Instantiating datamodule <src.datamodules.UJIIndoorLoc_datamodule_cos_knn_graph.UJIIndoorLocGraphDataModule>
[2025-09-13 23:23:26,601][numexpr.utils][INFO] - Note: NumExpr detected 20 cores but "NUMEXPR_MAX_THREADS" not set, so enforcing safe limit of 8.
[2025-09-13 23:23:26,601][numexpr.utils][INFO] - NumExpr defaulting to 8 threads.
[2025-09-13 23:23:27,131][src.datamodules.UJIIndoorLoc_datamodule_cos_knn_graph][INFO] - Load data file from C:\Users\Administrator\Desktop\1PAPER\6_GCOM/data//UJIIndoorLoc\processed\cos_knn_graph_data_23.pt
[2025-09-13 23:23:27,142][src.datamodules.UJIIndoorLoc_datamodule_cos_knn_graph][INFO] - Data loading is done.
[2025-09-13 23:23:27,142][src.datamodules.UJIIndoorLoc_datamodule_cos_knn_graph][INFO] - Data(x=[20982, 520], edge_index=[2, 480815], y=[20982, 2], y_min=[2], y_max=[2], train_mask=[20982], val_mask=[20982], test_mask=[20982], x_dim=520)
[2025-09-13 23:23:27,144][__main__][INFO] - Instantiating model <src.models.gconvloc_localize_module.LocalizationModule>
[2025-09-13 23:23:27,154][__main__][INFO] - Instantiating callbacks...
[2025-09-13 23:23:27,155][src.utils.utils][INFO] - Instantiating callback <pytorch_lightning.callbacks.ModelCheckpoint>
[2025-09-13 23:23:27,158][src.utils.utils][INFO] - Instantiating callback <pytorch_lightning.callbacks.EarlyStopping>
[2025-09-13 23:23:27,159][src.utils.utils][INFO] - Instantiating callback <pytorch_lightning.callbacks.RichModelSummary>
[2025-09-13 23:23:27,160][__main__][INFO] - Instantiating loggers...
[2025-09-13 23:23:27,160][src.utils.utils][INFO] - Instantiating logger <pytorch_lightning.loggers.csv_logs.CSVLogger>
[2025-09-13 23:23:27,162][src.utils.utils][INFO] - Instantiating logger <pytorch_lightning.loggers.tensorboard.TensorBoardLogger>
[2025-09-13 23:23:27,163][src.utils.utils][INFO] - Instantiating logger <pytorch_lightning.loggers.wandb.WandbLogger>
[2025-09-13 23:23:51,426][__main__][INFO] - Instantiating trainer <pytorch_lightning.Trainer>
[2025-09-13 23:23:51,437][__main__][INFO] - Logging hyperparameters!
[2025-09-13 23:23:51,454][__main__][INFO] - Starting training!
[2025-09-13 23:24:33,324][src.utils.utils][INFO] - Enforcing tags! <cfg.extras.enforce_tags=True>
[2025-09-13 23:24:33,324][src.utils.utils][INFO] - Printing config tree with Rich! <cfg.extras.print_config=True>
[2025-09-13 23:24:33,381][__main__][INFO] - Instantiating datamodule <src.datamodules.SLE_datamodule_cos_knn_graph.SLEGraphDataModule>
[2025-09-13 23:24:33,428][numexpr.utils][INFO] - Note: NumExpr detected 20 cores but "NUMEXPR_MAX_THREADS" not set, so enforcing safe limit of 8.
[2025-09-13 23:24:33,428][numexpr.utils][INFO] - NumExpr defaulting to 8 threads.
[2025-09-13 23:24:33,895][src.datamodules.SLE_datamodule_cos_knn_graph][INFO] - Load data file from C:\Users\Administrator\Desktop\1PAPER\6_GCOM/data//SLE\processed\cos_knn_graph_data_23.pt
[2025-09-13 23:24:33,896][src.datamodules.SLE_datamodule_cos_knn_graph][INFO] - Data loading is done.
[2025-09-13 23:24:33,897][src.datamodules.SLE_datamodule_cos_knn_graph][INFO] - Data(x=[97, 4], edge_index=[2, 2231], y=[97, 2], reference_point=[2], train_mask=[97], test_mask=[97], x_dim=4)
[2025-09-13 23:24:33,898][__main__][INFO] - Instantiating model <src.models.gconvloc_localize_module_sle.LocalizationModule>
[2025-09-13 23:24:34,121][__main__][INFO] - Instantiating callbacks...
[2025-09-13 23:24:34,121][src.utils.utils][INFO] - Instantiating callback <pytorch_lightning.callbacks.ModelCheckpoint>
[2025-09-13 23:24:34,137][src.utils.utils][INFO] - Instantiating callback <pytorch_lightning.callbacks.EarlyStopping>
[2025-09-13 23:24:34,137][src.utils.utils][INFO] - Instantiating callback <pytorch_lightning.callbacks.RichModelSummary>
[2025-09-13 23:24:34,137][__main__][INFO] - Instantiating loggers...
[2025-09-13 23:24:34,141][src.utils.utils][INFO] - Instantiating logger <pytorch_lightning.loggers.csv_logs.CSVLogger>
[2025-09-13 23:24:34,143][src.utils.utils][INFO] - Instantiating logger <pytorch_lightning.loggers.tensorboard.TensorBoardLogger>
[2025-09-13 23:24:34,145][src.utils.utils][INFO] - Instantiating logger <pytorch_lightning.loggers.wandb.WandbLogger>
[2025-09-13 23:24:46,321][__main__][INFO] - Instantiating trainer <pytorch_lightning.Trainer>
[2025-09-13 23:24:46,332][__main__][INFO] - Logging hyperparameters!
[2025-09-13 23:24:46,347][__main__][INFO] - Starting training!
[2025-09-13 23:24:46,434][src.utils.utils][ERROR] - 
Traceback (most recent call last):
  File "C:\Users\Administrator\Desktop\1PAPER\6_GCOM\src\utils\utils.py", line 42, in wrap
    metric_dict, object_dict = task_func(cfg=cfg)
  File "src/train.py", line 64, in train
    trainer.fit(model=model, datamodule=datamodule, ckpt_path=cfg.get("ckpt_path"))
  File "C:\ProgramData\anaconda3\envs\gconvloc\lib\site-packages\pytorch_lightning\trainer\trainer.py", line 696, in fit
    self._call_and_handle_interrupt(
  File "C:\ProgramData\anaconda3\envs\gconvloc\lib\site-packages\pytorch_lightning\trainer\trainer.py", line 650, in _call_and_handle_interrupt
    return trainer_fn(*args, **kwargs)
  File "C:\ProgramData\anaconda3\envs\gconvloc\lib\site-packages\pytorch_lightning\trainer\trainer.py", line 735, in _fit_impl
    results = self._run(model, ckpt_path=self.ckpt_path)
  File "C:\ProgramData\anaconda3\envs\gconvloc\lib\site-packages\pytorch_lightning\trainer\trainer.py", line 1166, in _run
    results = self._run_stage()
  File "C:\ProgramData\anaconda3\envs\gconvloc\lib\site-packages\pytorch_lightning\trainer\trainer.py", line 1252, in _run_stage
    return self._run_train()
  File "C:\ProgramData\anaconda3\envs\gconvloc\lib\site-packages\pytorch_lightning\trainer\trainer.py", line 1283, in _run_train
    self.fit_loop.run()
  File "C:\ProgramData\anaconda3\envs\gconvloc\lib\site-packages\pytorch_lightning\loops\loop.py", line 201, in run
    self.on_advance_end()
  File "C:\ProgramData\anaconda3\envs\gconvloc\lib\site-packages\pytorch_lightning\loops\fit_loop.py", line 299, in on_advance_end
    self.trainer._call_callback_hooks("on_train_epoch_end")
  File "C:\ProgramData\anaconda3\envs\gconvloc\lib\site-packages\pytorch_lightning\trainer\trainer.py", line 1597, in _call_callback_hooks
    fn(self, self.lightning_module, *args, **kwargs)
  File "C:\ProgramData\anaconda3\envs\gconvloc\lib\site-packages\pytorch_lightning\callbacks\early_stopping.py", line 183, in on_train_epoch_end
    self._run_early_stopping_check(trainer)
  File "C:\ProgramData\anaconda3\envs\gconvloc\lib\site-packages\pytorch_lightning\callbacks\early_stopping.py", line 194, in _run_early_stopping_check
    if trainer.fast_dev_run or not self._validate_condition_metric(  # disable early_stopping with fast_dev_run
  File "C:\ProgramData\anaconda3\envs\gconvloc\lib\site-packages\pytorch_lightning\callbacks\early_stopping.py", line 149, in _validate_condition_metric
    raise RuntimeError(error_msg)
RuntimeError: Early stopping conditioned on metric `val/mean_error` which is not available. Pass in or modify your `EarlyStopping` callback to use any of the following: `train/loss`, `train/mean_error`, `train/mean_mse`, `train/mean_rmse`, `train/mean_variance`, `train/mean_std`, `train/mean_mae`
[2025-09-13 23:24:46,438][src.utils.utils][INFO] - Closing loggers...
[2025-09-13 23:24:46,439][src.utils.utils][INFO] - Closing wandb!
[2025-09-13 23:39:20,148][src.utils.utils][INFO] - Enforcing tags! <cfg.extras.enforce_tags=True>
[2025-09-13 23:39:20,153][src.utils.utils][INFO] - Printing config tree with Rich! <cfg.extras.print_config=True>
[2025-09-13 23:39:20,215][__main__][INFO] - Instantiating datamodule <src.datamodules.SLE_datamodule_cos_knn_graph.SLEGraphDataModule>
[2025-09-13 23:39:20,268][numexpr.utils][INFO] - Note: NumExpr detected 20 cores but "NUMEXPR_MAX_THREADS" not set, so enforcing safe limit of 8.
[2025-09-13 23:39:20,268][numexpr.utils][INFO] - NumExpr defaulting to 8 threads.
[2025-09-13 23:39:20,726][src.datamodules.SLE_datamodule_cos_knn_graph][INFO] - Load data file from C:\Users\Administrator\Desktop\1PAPER\6_GCOM/data//SLE\processed\cos_knn_graph_data_23.pt
[2025-09-13 23:39:20,726][src.utils.utils][ERROR] - 
Traceback (most recent call last):
  File "C:\ProgramData\anaconda3\envs\gconvloc\lib\site-packages\torch_geometric\data\storage.py", line 62, in __getattr__
    return self[key]
  File "C:\ProgramData\anaconda3\envs\gconvloc\lib\site-packages\torch_geometric\data\storage.py", line 85, in __getitem__
    return self._mapping[key]
KeyError: 'val_mask'

During handling of the above exception, another exception occurred:

Traceback (most recent call last):
  File "C:\ProgramData\anaconda3\envs\gconvloc\lib\site-packages\hydra\_internal\instantiate\_instantiate2.py", line 92, in _call_target
    return _target_(*args, **kwargs)
  File "C:\Users\Administrator\Desktop\1PAPER\6_GCOM\src\datamodules\SLE_datamodule_cos_knn_graph.py", line 27, in __init__
    data = self.get_data()
  File "C:\Users\Administrator\Desktop\1PAPER\6_GCOM\src\datamodules\SLE_datamodule_cos_knn_graph.py", line 75, in get_data
    print(f"验证掩码大小: {data.val_mask.sum()}")  # 调试日志
  File "C:\ProgramData\anaconda3\envs\gconvloc\lib\site-packages\torch_geometric\data\data.py", line 428, in __getattr__
    return getattr(self._store, key)
  File "C:\ProgramData\anaconda3\envs\gconvloc\lib\site-packages\torch_geometric\data\storage.py", line 64, in __getattr__
    raise AttributeError(
AttributeError: 'GlobalStorage' object has no attribute 'val_mask'

The above exception was the direct cause of the following exception:

Traceback (most recent call last):
  File "C:\Users\Administrator\Desktop\1PAPER\6_GCOM\src\utils\utils.py", line 42, in wrap
    metric_dict, object_dict = task_func(cfg=cfg)
  File "src/train.py", line 34, in train
    datamodule: LightningDataModule = hydra.utils.instantiate(cfg.datamodule)
  File "C:\ProgramData\anaconda3\envs\gconvloc\lib\site-packages\hydra\_internal\instantiate\_instantiate2.py", line 226, in instantiate
    return instantiate_node(
  File "C:\ProgramData\anaconda3\envs\gconvloc\lib\site-packages\hydra\_internal\instantiate\_instantiate2.py", line 347, in instantiate_node
    return _call_target(_target_, partial, args, kwargs, full_key)
  File "C:\ProgramData\anaconda3\envs\gconvloc\lib\site-packages\hydra\_internal\instantiate\_instantiate2.py", line 97, in _call_target
    raise InstantiationException(msg) from e
hydra.errors.InstantiationException: Error in call to target 'src.datamodules.SLE_datamodule_cos_knn_graph.SLEGraphDataModule':
AttributeError("'GlobalStorage' object has no attribute 'val_mask'")
full_key: datamodule
[2025-09-13 23:39:20,734][src.utils.utils][INFO] - Closing loggers...
[2025-09-13 23:39:44,283][src.utils.utils][INFO] - Enforcing tags! <cfg.extras.enforce_tags=True>
[2025-09-13 23:39:44,283][src.utils.utils][INFO] - Printing config tree with Rich! <cfg.extras.print_config=True>
[2025-09-13 23:39:44,353][__main__][INFO] - Instantiating datamodule <src.datamodules.SLE_datamodule_cos_knn_graph.SLEGraphDataModule>
[2025-09-13 23:39:44,390][numexpr.utils][INFO] - Note: NumExpr detected 20 cores but "NUMEXPR_MAX_THREADS" not set, so enforcing safe limit of 8.
[2025-09-13 23:39:44,390][numexpr.utils][INFO] - NumExpr defaulting to 8 threads.
[2025-09-13 23:39:44,851][src.datamodules.SLE_datamodule_cos_knn_graph][INFO] - Load data file from C:\Users\Administrator\Desktop\1PAPER\6_GCOM/data//SLE\processed\cos_knn_graph_data_23.pt
[2025-09-13 23:39:44,852][src.utils.utils][ERROR] - 
Traceback (most recent call last):
  File "C:\ProgramData\anaconda3\envs\gconvloc\lib\site-packages\torch_geometric\data\storage.py", line 62, in __getattr__
    return self[key]
  File "C:\ProgramData\anaconda3\envs\gconvloc\lib\site-packages\torch_geometric\data\storage.py", line 85, in __getitem__
    return self._mapping[key]
KeyError: 'val_mask'

During handling of the above exception, another exception occurred:

Traceback (most recent call last):
  File "C:\ProgramData\anaconda3\envs\gconvloc\lib\site-packages\hydra\_internal\instantiate\_instantiate2.py", line 92, in _call_target
    return _target_(*args, **kwargs)
  File "C:\Users\Administrator\Desktop\1PAPER\6_GCOM\src\datamodules\SLE_datamodule_cos_knn_graph.py", line 27, in __init__
    data = self.get_data()
  File "C:\Users\Administrator\Desktop\1PAPER\6_GCOM\src\datamodules\SLE_datamodule_cos_knn_graph.py", line 75, in get_data
    print(f"验证掩码大小: {data.val_mask.sum()}")  # 调试日志
  File "C:\ProgramData\anaconda3\envs\gconvloc\lib\site-packages\torch_geometric\data\data.py", line 428, in __getattr__
    return getattr(self._store, key)
  File "C:\ProgramData\anaconda3\envs\gconvloc\lib\site-packages\torch_geometric\data\storage.py", line 64, in __getattr__
    raise AttributeError(
AttributeError: 'GlobalStorage' object has no attribute 'val_mask'

The above exception was the direct cause of the following exception:

Traceback (most recent call last):
  File "C:\Users\Administrator\Desktop\1PAPER\6_GCOM\src\utils\utils.py", line 42, in wrap
    metric_dict, object_dict = task_func(cfg=cfg)
  File "src/train.py", line 34, in train
    datamodule: LightningDataModule = hydra.utils.instantiate(cfg.datamodule)
  File "C:\ProgramData\anaconda3\envs\gconvloc\lib\site-packages\hydra\_internal\instantiate\_instantiate2.py", line 226, in instantiate
    return instantiate_node(
  File "C:\ProgramData\anaconda3\envs\gconvloc\lib\site-packages\hydra\_internal\instantiate\_instantiate2.py", line 347, in instantiate_node
    return _call_target(_target_, partial, args, kwargs, full_key)
  File "C:\ProgramData\anaconda3\envs\gconvloc\lib\site-packages\hydra\_internal\instantiate\_instantiate2.py", line 97, in _call_target
    raise InstantiationException(msg) from e
hydra.errors.InstantiationException: Error in call to target 'src.datamodules.SLE_datamodule_cos_knn_graph.SLEGraphDataModule':
AttributeError("'GlobalStorage' object has no attribute 'val_mask'")
full_key: datamodule
[2025-09-13 23:39:44,856][src.utils.utils][INFO] - Closing loggers...
[2025-09-13 23:44:21,652][src.utils.utils][INFO] - Enforcing tags! <cfg.extras.enforce_tags=True>
[2025-09-13 23:44:21,652][src.utils.utils][INFO] - Printing config tree with Rich! <cfg.extras.print_config=True>
[2025-09-13 23:44:21,715][__main__][INFO] - Instantiating datamodule <src.datamodules.SLE_datamodule_cos_knn_graph.SLEGraphDataModule>
[2025-09-13 23:44:21,763][numexpr.utils][INFO] - Note: NumExpr detected 20 cores but "NUMEXPR_MAX_THREADS" not set, so enforcing safe limit of 8.
[2025-09-13 23:44:21,764][numexpr.utils][INFO] - NumExpr defaulting to 8 threads.
[2025-09-13 23:44:22,213][src.datamodules.SLE_datamodule_cos_knn_graph][INFO] - Data file C:\Users\Administrator\Desktop\1PAPER\6_GCOM/data//SLE\processed\cos_knn_graph_data_23.pt does not exists, configure data from raw files
[2025-09-13 23:44:22,234][src.datamodules.SLE_datamodule_cos_knn_graph][INFO] - Data object is created.
[2025-09-13 23:44:22,235][src.datamodules.SLE_datamodule_cos_knn_graph][INFO] - Data file saved at C:\Users\Administrator\Desktop\1PAPER\6_GCOM/data//SLE\processed\cos_knn_graph_data_23.pt.
[2025-09-13 23:44:22,237][src.datamodules.SLE_datamodule_cos_knn_graph][INFO] - Data loading is done.
[2025-09-13 23:44:22,238][src.datamodules.SLE_datamodule_cos_knn_graph][INFO] - Data(x=[97, 4], edge_index=[2, 2231], y=[97, 2], reference_point=[2], train_mask=[97], val_mask=[97], test_mask=[97], x_dim=4)
[2025-09-13 23:44:22,239][__main__][INFO] - Instantiating model <src.models.gconvloc_localize_module_sle.LocalizationModule>
[2025-09-13 23:44:22,474][__main__][INFO] - Instantiating callbacks...
[2025-09-13 23:44:22,475][src.utils.utils][INFO] - Instantiating callback <pytorch_lightning.callbacks.ModelCheckpoint>
[2025-09-13 23:44:22,478][src.utils.utils][INFO] - Instantiating callback <pytorch_lightning.callbacks.EarlyStopping>
[2025-09-13 23:44:22,479][src.utils.utils][INFO] - Instantiating callback <pytorch_lightning.callbacks.RichModelSummary>
[2025-09-13 23:44:22,480][__main__][INFO] - Instantiating loggers...
[2025-09-13 23:44:22,481][src.utils.utils][INFO] - Instantiating logger <pytorch_lightning.loggers.csv_logs.CSVLogger>
[2025-09-13 23:44:22,482][src.utils.utils][INFO] - Instantiating logger <pytorch_lightning.loggers.tensorboard.TensorBoardLogger>
[2025-09-13 23:44:22,484][src.utils.utils][INFO] - Instantiating logger <pytorch_lightning.loggers.wandb.WandbLogger>
[2025-09-13 23:44:35,798][__main__][INFO] - Instantiating trainer <pytorch_lightning.Trainer>
[2025-09-13 23:44:35,810][__main__][INFO] - Logging hyperparameters!
[2025-09-13 23:44:35,825][__main__][INFO] - Starting training!
[2025-09-13 23:44:35,914][src.utils.utils][ERROR] - 
Traceback (most recent call last):
  File "C:\Users\Administrator\Desktop\1PAPER\6_GCOM\src\utils\utils.py", line 42, in wrap
    metric_dict, object_dict = task_func(cfg=cfg)
  File "src/train.py", line 64, in train
    trainer.fit(model=model, datamodule=datamodule, ckpt_path=cfg.get("ckpt_path"))
  File "C:\ProgramData\anaconda3\envs\gconvloc\lib\site-packages\pytorch_lightning\trainer\trainer.py", line 696, in fit
    self._call_and_handle_interrupt(
  File "C:\ProgramData\anaconda3\envs\gconvloc\lib\site-packages\pytorch_lightning\trainer\trainer.py", line 650, in _call_and_handle_interrupt
    return trainer_fn(*args, **kwargs)
  File "C:\ProgramData\anaconda3\envs\gconvloc\lib\site-packages\pytorch_lightning\trainer\trainer.py", line 735, in _fit_impl
    results = self._run(model, ckpt_path=self.ckpt_path)
  File "C:\ProgramData\anaconda3\envs\gconvloc\lib\site-packages\pytorch_lightning\trainer\trainer.py", line 1166, in _run
    results = self._run_stage()
  File "C:\ProgramData\anaconda3\envs\gconvloc\lib\site-packages\pytorch_lightning\trainer\trainer.py", line 1252, in _run_stage
    return self._run_train()
  File "C:\ProgramData\anaconda3\envs\gconvloc\lib\site-packages\pytorch_lightning\trainer\trainer.py", line 1283, in _run_train
    self.fit_loop.run()
  File "C:\ProgramData\anaconda3\envs\gconvloc\lib\site-packages\pytorch_lightning\loops\loop.py", line 200, in run
    self.advance(*args, **kwargs)
  File "C:\ProgramData\anaconda3\envs\gconvloc\lib\site-packages\pytorch_lightning\loops\fit_loop.py", line 271, in advance
    self._outputs = self.epoch_loop.run(self._data_fetcher)
  File "C:\ProgramData\anaconda3\envs\gconvloc\lib\site-packages\pytorch_lightning\loops\loop.py", line 201, in run
    self.on_advance_end()
  File "C:\ProgramData\anaconda3\envs\gconvloc\lib\site-packages\pytorch_lightning\loops\epoch\training_epoch_loop.py", line 241, in on_advance_end
    self._run_validation()
  File "C:\ProgramData\anaconda3\envs\gconvloc\lib\site-packages\pytorch_lightning\loops\epoch\training_epoch_loop.py", line 299, in _run_validation
    self.val_loop.run()
  File "C:\ProgramData\anaconda3\envs\gconvloc\lib\site-packages\pytorch_lightning\loops\loop.py", line 200, in run
    self.advance(*args, **kwargs)
  File "C:\ProgramData\anaconda3\envs\gconvloc\lib\site-packages\pytorch_lightning\loops\dataloader\evaluation_loop.py", line 155, in advance
    dl_outputs = self.epoch_loop.run(self._data_fetcher, dl_max_batches, kwargs)
  File "C:\ProgramData\anaconda3\envs\gconvloc\lib\site-packages\pytorch_lightning\loops\loop.py", line 200, in run
    self.advance(*args, **kwargs)
  File "C:\ProgramData\anaconda3\envs\gconvloc\lib\site-packages\pytorch_lightning\loops\epoch\evaluation_epoch_loop.py", line 143, in advance
    output = self._evaluation_step(**kwargs)
  File "C:\ProgramData\anaconda3\envs\gconvloc\lib\site-packages\pytorch_lightning\loops\epoch\evaluation_epoch_loop.py", line 240, in _evaluation_step
    output = self.trainer._call_strategy_hook(hook_name, *kwargs.values())
  File "C:\ProgramData\anaconda3\envs\gconvloc\lib\site-packages\pytorch_lightning\trainer\trainer.py", line 1704, in _call_strategy_hook
    output = fn(*args, **kwargs)
  File "C:\ProgramData\anaconda3\envs\gconvloc\lib\site-packages\pytorch_lightning\strategies\strategy.py", line 370, in validation_step
    return self.model.validation_step(*args, **kwargs)
  File "C:\Users\Administrator\Desktop\1PAPER\6_GCOM\src\models\gconvloc_localize_module_sle.py", line 145, in validation_step
    self.val_error(errors)
  File "C:\ProgramData\anaconda3\envs\gconvloc\lib\site-packages\torch\nn\modules\module.py", line 1207, in __getattr__
    raise AttributeError("'{}' object has no attribute '{}'".format(
AttributeError: 'LocalizationModule' object has no attribute 'val_error'
[2025-09-13 23:44:35,923][src.utils.utils][INFO] - Closing loggers...
[2025-09-13 23:44:35,924][src.utils.utils][INFO] - Closing wandb!
[2025-09-13 23:46:02,238][src.utils.utils][INFO] - Enforcing tags! <cfg.extras.enforce_tags=True>
[2025-09-13 23:46:02,248][src.utils.utils][INFO] - Printing config tree with Rich! <cfg.extras.print_config=True>
[2025-09-13 23:46:02,304][__main__][INFO] - Instantiating datamodule <src.datamodules.SLE_datamodule_cos_knn_graph.SLEGraphDataModule>
[2025-09-13 23:46:02,351][numexpr.utils][INFO] - Note: NumExpr detected 20 cores but "NUMEXPR_MAX_THREADS" not set, so enforcing safe limit of 8.
[2025-09-13 23:46:02,351][numexpr.utils][INFO] - NumExpr defaulting to 8 threads.
[2025-09-13 23:46:02,789][src.datamodules.SLE_datamodule_cos_knn_graph][INFO] - Load data file from C:\Users\Administrator\Desktop\1PAPER\6_GCOM/data//SLE\processed\cos_knn_graph_data_23.pt
[2025-09-13 23:46:02,790][src.datamodules.SLE_datamodule_cos_knn_graph][INFO] - Data loading is done.
[2025-09-13 23:46:02,791][src.datamodules.SLE_datamodule_cos_knn_graph][INFO] - Data(x=[97, 4], edge_index=[2, 2231], y=[97, 2], reference_point=[2], train_mask=[97], val_mask=[97], test_mask=[97], x_dim=4)
[2025-09-13 23:46:02,792][__main__][INFO] - Instantiating model <src.models.gconvloc_localize_module_sle.LocalizationModule>
[2025-09-13 23:46:03,023][__main__][INFO] - Instantiating callbacks...
[2025-09-13 23:46:03,023][src.utils.utils][INFO] - Instantiating callback <pytorch_lightning.callbacks.ModelCheckpoint>
[2025-09-13 23:46:03,023][src.utils.utils][INFO] - Instantiating callback <pytorch_lightning.callbacks.EarlyStopping>
[2025-09-13 23:46:03,023][src.utils.utils][INFO] - Instantiating callback <pytorch_lightning.callbacks.RichModelSummary>
[2025-09-13 23:46:03,023][__main__][INFO] - Instantiating loggers...
[2025-09-13 23:46:03,032][src.utils.utils][INFO] - Instantiating logger <pytorch_lightning.loggers.csv_logs.CSVLogger>
[2025-09-13 23:46:03,033][src.utils.utils][INFO] - Instantiating logger <pytorch_lightning.loggers.tensorboard.TensorBoardLogger>
[2025-09-13 23:46:03,035][src.utils.utils][INFO] - Instantiating logger <pytorch_lightning.loggers.wandb.WandbLogger>
[2025-09-13 23:46:16,291][__main__][INFO] - Instantiating trainer <pytorch_lightning.Trainer>
[2025-09-13 23:46:16,301][__main__][INFO] - Logging hyperparameters!
[2025-09-13 23:46:16,317][__main__][INFO] - Starting training!
[2025-09-13 23:46:16,406][src.utils.utils][ERROR] - 
Traceback (most recent call last):
  File "C:\Users\Administrator\Desktop\1PAPER\6_GCOM\src\utils\utils.py", line 42, in wrap
    metric_dict, object_dict = task_func(cfg=cfg)
  File "src/train.py", line 65, in train
    trainer.fit(model=model, datamodule=datamodule, ckpt_path=cfg.get("ckpt_path"))
  File "C:\ProgramData\anaconda3\envs\gconvloc\lib\site-packages\pytorch_lightning\trainer\trainer.py", line 696, in fit
    self._call_and_handle_interrupt(
  File "C:\ProgramData\anaconda3\envs\gconvloc\lib\site-packages\pytorch_lightning\trainer\trainer.py", line 650, in _call_and_handle_interrupt
    return trainer_fn(*args, **kwargs)
  File "C:\ProgramData\anaconda3\envs\gconvloc\lib\site-packages\pytorch_lightning\trainer\trainer.py", line 735, in _fit_impl
    results = self._run(model, ckpt_path=self.ckpt_path)
  File "C:\ProgramData\anaconda3\envs\gconvloc\lib\site-packages\pytorch_lightning\trainer\trainer.py", line 1166, in _run
    results = self._run_stage()
  File "C:\ProgramData\anaconda3\envs\gconvloc\lib\site-packages\pytorch_lightning\trainer\trainer.py", line 1252, in _run_stage
    return self._run_train()
  File "C:\ProgramData\anaconda3\envs\gconvloc\lib\site-packages\pytorch_lightning\trainer\trainer.py", line 1283, in _run_train
    self.fit_loop.run()
  File "C:\ProgramData\anaconda3\envs\gconvloc\lib\site-packages\pytorch_lightning\loops\loop.py", line 200, in run
    self.advance(*args, **kwargs)
  File "C:\ProgramData\anaconda3\envs\gconvloc\lib\site-packages\pytorch_lightning\loops\fit_loop.py", line 271, in advance
    self._outputs = self.epoch_loop.run(self._data_fetcher)
  File "C:\ProgramData\anaconda3\envs\gconvloc\lib\site-packages\pytorch_lightning\loops\loop.py", line 201, in run
    self.on_advance_end()
  File "C:\ProgramData\anaconda3\envs\gconvloc\lib\site-packages\pytorch_lightning\loops\epoch\training_epoch_loop.py", line 241, in on_advance_end
    self._run_validation()
  File "C:\ProgramData\anaconda3\envs\gconvloc\lib\site-packages\pytorch_lightning\loops\epoch\training_epoch_loop.py", line 299, in _run_validation
    self.val_loop.run()
  File "C:\ProgramData\anaconda3\envs\gconvloc\lib\site-packages\pytorch_lightning\loops\loop.py", line 200, in run
    self.advance(*args, **kwargs)
  File "C:\ProgramData\anaconda3\envs\gconvloc\lib\site-packages\pytorch_lightning\loops\dataloader\evaluation_loop.py", line 155, in advance
    dl_outputs = self.epoch_loop.run(self._data_fetcher, dl_max_batches, kwargs)
  File "C:\ProgramData\anaconda3\envs\gconvloc\lib\site-packages\pytorch_lightning\loops\loop.py", line 200, in run
    self.advance(*args, **kwargs)
  File "C:\ProgramData\anaconda3\envs\gconvloc\lib\site-packages\pytorch_lightning\loops\epoch\evaluation_epoch_loop.py", line 143, in advance
    output = self._evaluation_step(**kwargs)
  File "C:\ProgramData\anaconda3\envs\gconvloc\lib\site-packages\pytorch_lightning\loops\epoch\evaluation_epoch_loop.py", line 240, in _evaluation_step
    output = self.trainer._call_strategy_hook(hook_name, *kwargs.values())
  File "C:\ProgramData\anaconda3\envs\gconvloc\lib\site-packages\pytorch_lightning\trainer\trainer.py", line 1704, in _call_strategy_hook
    output = fn(*args, **kwargs)
  File "C:\ProgramData\anaconda3\envs\gconvloc\lib\site-packages\pytorch_lightning\strategies\strategy.py", line 370, in validation_step
    return self.model.validation_step(*args, **kwargs)
  File "C:\Users\Administrator\Desktop\1PAPER\6_GCOM\src\models\gconvloc_localize_module_sle.py", line 145, in validation_step
    self.val_error(errors)
  File "C:\ProgramData\anaconda3\envs\gconvloc\lib\site-packages\torch\nn\modules\module.py", line 1207, in __getattr__
    raise AttributeError("'{}' object has no attribute '{}'".format(
AttributeError: 'LocalizationModule' object has no attribute 'val_error'
[2025-09-13 23:46:16,412][src.utils.utils][INFO] - Closing loggers...
[2025-09-13 23:46:16,412][src.utils.utils][INFO] - Closing wandb!
[2025-09-13 23:49:37,101][src.utils.utils][INFO] - Enforcing tags! <cfg.extras.enforce_tags=True>
[2025-09-13 23:49:37,105][src.utils.utils][INFO] - Printing config tree with Rich! <cfg.extras.print_config=True>
[2025-09-13 23:49:37,163][__main__][INFO] - Instantiating datamodule <src.datamodules.SLE_datamodule_cos_knn_graph.SLEGraphDataModule>
[2025-09-13 23:49:37,214][numexpr.utils][INFO] - Note: NumExpr detected 20 cores but "NUMEXPR_MAX_THREADS" not set, so enforcing safe limit of 8.
[2025-09-13 23:49:37,214][numexpr.utils][INFO] - NumExpr defaulting to 8 threads.
[2025-09-13 23:49:37,651][src.datamodules.SLE_datamodule_cos_knn_graph][INFO] - Load data file from C:\Users\Administrator\Desktop\1PAPER\6_GCOM/data//SLE\processed\cos_knn_graph_data_23.pt
[2025-09-13 23:49:37,651][src.datamodules.SLE_datamodule_cos_knn_graph][INFO] - Data loading is done.
[2025-09-13 23:49:37,651][src.datamodules.SLE_datamodule_cos_knn_graph][INFO] - Data(x=[97, 4], edge_index=[2, 2231], y=[97, 2], reference_point=[2], train_mask=[97], val_mask=[97], test_mask=[97], x_dim=4)
[2025-09-13 23:49:37,651][__main__][INFO] - Instantiating model <src.models.gconvloc_localize_module_sle.LocalizationModule>
[2025-09-13 23:49:37,894][__main__][INFO] - Instantiating callbacks...
[2025-09-13 23:49:37,894][src.utils.utils][INFO] - Instantiating callback <pytorch_lightning.callbacks.ModelCheckpoint>
[2025-09-13 23:49:37,894][src.utils.utils][INFO] - Instantiating callback <pytorch_lightning.callbacks.EarlyStopping>
[2025-09-13 23:49:37,894][src.utils.utils][INFO] - Instantiating callback <pytorch_lightning.callbacks.RichModelSummary>
[2025-09-13 23:49:37,894][__main__][INFO] - Instantiating loggers...
[2025-09-13 23:49:37,906][src.utils.utils][INFO] - Instantiating logger <pytorch_lightning.loggers.csv_logs.CSVLogger>
[2025-09-13 23:49:37,907][src.utils.utils][INFO] - Instantiating logger <pytorch_lightning.loggers.tensorboard.TensorBoardLogger>
[2025-09-13 23:49:37,908][src.utils.utils][INFO] - Instantiating logger <pytorch_lightning.loggers.wandb.WandbLogger>
[2025-09-13 23:49:51,629][__main__][INFO] - Instantiating trainer <pytorch_lightning.Trainer>
[2025-09-13 23:49:51,639][__main__][INFO] - Logging hyperparameters!
[2025-09-13 23:49:51,653][__main__][INFO] - Starting training!
[2025-09-13 23:49:51,768][src.utils.utils][ERROR] - 
Traceback (most recent call last):
  File "C:\Users\Administrator\Desktop\1PAPER\6_GCOM\src\utils\utils.py", line 42, in wrap
    metric_dict, object_dict = task_func(cfg=cfg)
  File "src/train.py", line 64, in train
    trainer.fit(model=model, datamodule=datamodule, ckpt_path=cfg.get("ckpt_path"))
  File "C:\ProgramData\anaconda3\envs\gconvloc\lib\site-packages\pytorch_lightning\trainer\trainer.py", line 696, in fit
    self._call_and_handle_interrupt(
  File "C:\ProgramData\anaconda3\envs\gconvloc\lib\site-packages\pytorch_lightning\trainer\trainer.py", line 650, in _call_and_handle_interrupt
    return trainer_fn(*args, **kwargs)
  File "C:\ProgramData\anaconda3\envs\gconvloc\lib\site-packages\pytorch_lightning\trainer\trainer.py", line 735, in _fit_impl
    results = self._run(model, ckpt_path=self.ckpt_path)
  File "C:\ProgramData\anaconda3\envs\gconvloc\lib\site-packages\pytorch_lightning\trainer\trainer.py", line 1166, in _run
    results = self._run_stage()
  File "C:\ProgramData\anaconda3\envs\gconvloc\lib\site-packages\pytorch_lightning\trainer\trainer.py", line 1252, in _run_stage
    return self._run_train()
  File "C:\ProgramData\anaconda3\envs\gconvloc\lib\site-packages\pytorch_lightning\trainer\trainer.py", line 1283, in _run_train
    self.fit_loop.run()
  File "C:\ProgramData\anaconda3\envs\gconvloc\lib\site-packages\pytorch_lightning\loops\loop.py", line 200, in run
    self.advance(*args, **kwargs)
  File "C:\ProgramData\anaconda3\envs\gconvloc\lib\site-packages\pytorch_lightning\loops\fit_loop.py", line 271, in advance
    self._outputs = self.epoch_loop.run(self._data_fetcher)
  File "C:\ProgramData\anaconda3\envs\gconvloc\lib\site-packages\pytorch_lightning\loops\loop.py", line 201, in run
    self.on_advance_end()
  File "C:\ProgramData\anaconda3\envs\gconvloc\lib\site-packages\pytorch_lightning\loops\epoch\training_epoch_loop.py", line 241, in on_advance_end
    self._run_validation()
  File "C:\ProgramData\anaconda3\envs\gconvloc\lib\site-packages\pytorch_lightning\loops\epoch\training_epoch_loop.py", line 299, in _run_validation
    self.val_loop.run()
  File "C:\ProgramData\anaconda3\envs\gconvloc\lib\site-packages\pytorch_lightning\loops\loop.py", line 200, in run
    self.advance(*args, **kwargs)
  File "C:\ProgramData\anaconda3\envs\gconvloc\lib\site-packages\pytorch_lightning\loops\dataloader\evaluation_loop.py", line 155, in advance
    dl_outputs = self.epoch_loop.run(self._data_fetcher, dl_max_batches, kwargs)
  File "C:\ProgramData\anaconda3\envs\gconvloc\lib\site-packages\pytorch_lightning\loops\loop.py", line 200, in run
    self.advance(*args, **kwargs)
  File "C:\ProgramData\anaconda3\envs\gconvloc\lib\site-packages\pytorch_lightning\loops\epoch\evaluation_epoch_loop.py", line 143, in advance
    output = self._evaluation_step(**kwargs)
  File "C:\ProgramData\anaconda3\envs\gconvloc\lib\site-packages\pytorch_lightning\loops\epoch\evaluation_epoch_loop.py", line 240, in _evaluation_step
    output = self.trainer._call_strategy_hook(hook_name, *kwargs.values())
  File "C:\ProgramData\anaconda3\envs\gconvloc\lib\site-packages\pytorch_lightning\trainer\trainer.py", line 1704, in _call_strategy_hook
    output = fn(*args, **kwargs)
  File "C:\ProgramData\anaconda3\envs\gconvloc\lib\site-packages\pytorch_lightning\strategies\strategy.py", line 370, in validation_step
    return self.model.validation_step(*args, **kwargs)
  File "C:\Users\Administrator\Desktop\1PAPER\6_GCOM\src\models\gconvloc_localize_module_sle.py", line 145, in validation_step
    self.val_error(errors)
  File "C:\ProgramData\anaconda3\envs\gconvloc\lib\site-packages\torch\nn\modules\module.py", line 1207, in __getattr__
    raise AttributeError("'{}' object has no attribute '{}'".format(
AttributeError: 'LocalizationModule' object has no attribute 'val_error'
[2025-09-13 23:49:51,774][src.utils.utils][INFO] - Closing loggers...
[2025-09-13 23:49:51,775][src.utils.utils][INFO] - Closing wandb!
[2025-09-13 23:53:34,089][src.utils.utils][INFO] - Enforcing tags! <cfg.extras.enforce_tags=True>
[2025-09-13 23:53:34,105][src.utils.utils][INFO] - Printing config tree with Rich! <cfg.extras.print_config=True>
[2025-09-13 23:53:34,165][__main__][INFO] - Instantiating datamodule <src.datamodules.SLE_datamodule_cos_knn_graph.SLEGraphDataModule>
[2025-09-13 23:53:34,214][numexpr.utils][INFO] - Note: NumExpr detected 20 cores but "NUMEXPR_MAX_THREADS" not set, so enforcing safe limit of 8.
[2025-09-13 23:53:34,214][numexpr.utils][INFO] - NumExpr defaulting to 8 threads.
[2025-09-13 23:53:34,664][src.datamodules.SLE_datamodule_cos_knn_graph][INFO] - Load data file from C:\Users\Administrator\Desktop\1PAPER\6_GCOM/data//SLE\processed\cos_knn_graph_data_23.pt
[2025-09-13 23:53:34,664][src.datamodules.SLE_datamodule_cos_knn_graph][INFO] - Data loading is done.
[2025-09-13 23:53:34,664][src.datamodules.SLE_datamodule_cos_knn_graph][INFO] - Data(x=[97, 4], edge_index=[2, 2231], y=[97, 2], reference_point=[2], train_mask=[97], val_mask=[97], test_mask=[97], x_dim=4)
[2025-09-13 23:53:34,664][__main__][INFO] - Instantiating model <src.models.gconvloc_localize_module_sle.LocalizationModule>
[2025-09-13 23:53:34,904][__main__][INFO] - Instantiating callbacks...
[2025-09-13 23:53:34,905][src.utils.utils][INFO] - Instantiating callback <pytorch_lightning.callbacks.ModelCheckpoint>
[2025-09-13 23:53:34,908][src.utils.utils][INFO] - Instantiating callback <pytorch_lightning.callbacks.EarlyStopping>
[2025-09-13 23:53:34,909][src.utils.utils][INFO] - Instantiating callback <pytorch_lightning.callbacks.RichModelSummary>
[2025-09-13 23:53:34,910][__main__][INFO] - Instantiating loggers...
[2025-09-13 23:53:34,910][src.utils.utils][INFO] - Instantiating logger <pytorch_lightning.loggers.csv_logs.CSVLogger>
[2025-09-13 23:53:34,911][src.utils.utils][INFO] - Instantiating logger <pytorch_lightning.loggers.tensorboard.TensorBoardLogger>
[2025-09-13 23:53:34,913][src.utils.utils][INFO] - Instantiating logger <pytorch_lightning.loggers.wandb.WandbLogger>
[2025-09-13 23:53:47,068][__main__][INFO] - Instantiating trainer <pytorch_lightning.Trainer>
[2025-09-13 23:53:47,078][__main__][INFO] - Logging hyperparameters!
[2025-09-13 23:53:47,093][__main__][INFO] - Starting training!
[2025-09-13 23:53:50,343][__main__][INFO] - Total training time: 3.25 seconds
[2025-09-13 23:53:50,348][__main__][INFO] - Starting testing!
[2025-09-13 23:53:50,617][__main__][INFO] - Total testing time: 0.27 seconds
[2025-09-13 23:53:50,619][__main__][INFO] - Best ckpt path: C:\Users\Administrator\Desktop\1PAPER\6_GCOM\logs\train\runs\2025-09-13_23-53-34/checkpoints\epoch_023.ckpt
[2025-09-13 23:53:50,621][src.utils.utils][INFO] - Closing loggers...
[2025-09-13 23:53:50,622][src.utils.utils][INFO] - Closing wandb!
[2025-09-13 23:53:58,674][src.utils.utils][INFO] - Output dir: C:\Users\Administrator\Desktop\1PAPER\6_GCOM\logs\train\runs\2025-09-13_23-53-34
[2025-09-13 23:53:58,674][src.utils.utils][INFO] - Metric name is None! Skipping metric value retrieval...
[2025-09-13 23:53:58,674][__main__][INFO] - Summary: Training time = 3.25 seconds, Testing time = 0.27 seconds
[2025-09-14 00:00:52,309][src.utils.utils][INFO] - Enforcing tags! <cfg.extras.enforce_tags=True>
[2025-09-14 00:00:52,324][src.utils.utils][INFO] - Printing config tree with Rich! <cfg.extras.print_config=True>
[2025-09-14 00:00:52,378][__main__][INFO] - Instantiating datamodule <src.datamodules.SLE_datamodule_cos_knn_graph.SLEGraphDataModule>
[2025-09-14 00:00:52,434][numexpr.utils][INFO] - Note: NumExpr detected 20 cores but "NUMEXPR_MAX_THREADS" not set, so enforcing safe limit of 8.
[2025-09-14 00:00:52,434][numexpr.utils][INFO] - NumExpr defaulting to 8 threads.
[2025-09-14 00:00:52,868][src.datamodules.SLE_datamodule_cos_knn_graph][INFO] - Load data file from C:\Users\Administrator\Desktop\1PAPER\6_GCOM/data//SLE\processed\cos_knn_graph_data_23.pt
[2025-09-14 00:00:52,868][src.datamodules.SLE_datamodule_cos_knn_graph][INFO] - Data loading is done.
[2025-09-14 00:00:52,868][src.datamodules.SLE_datamodule_cos_knn_graph][INFO] - Data(x=[97, 4], edge_index=[2, 2231], y=[97, 2], reference_point=[2], train_mask=[97], val_mask=[97], test_mask=[97], x_dim=4)
[2025-09-14 00:00:52,868][__main__][INFO] - Instantiating model <src.models.gconvloc_localize_module_sle.LocalizationModule>
[2025-09-14 00:00:53,124][__main__][INFO] - Instantiating callbacks...
[2025-09-14 00:00:53,125][src.utils.utils][INFO] - Instantiating callback <pytorch_lightning.callbacks.ModelCheckpoint>
[2025-09-14 00:00:53,129][src.utils.utils][INFO] - Instantiating callback <pytorch_lightning.callbacks.EarlyStopping>
[2025-09-14 00:00:53,130][src.utils.utils][INFO] - Instantiating callback <pytorch_lightning.callbacks.RichModelSummary>
[2025-09-14 00:00:53,130][__main__][INFO] - Instantiating loggers...
[2025-09-14 00:00:53,131][src.utils.utils][INFO] - Instantiating logger <pytorch_lightning.loggers.csv_logs.CSVLogger>
[2025-09-14 00:00:53,132][src.utils.utils][INFO] - Instantiating logger <pytorch_lightning.loggers.tensorboard.TensorBoardLogger>
[2025-09-14 00:00:53,134][src.utils.utils][INFO] - Instantiating logger <pytorch_lightning.loggers.wandb.WandbLogger>
[2025-09-14 00:01:05,224][__main__][INFO] - Instantiating trainer <pytorch_lightning.Trainer>
[2025-09-14 00:01:05,238][__main__][INFO] - Logging hyperparameters!
[2025-09-14 00:01:05,255][__main__][INFO] - Starting training!
[2025-09-14 00:01:07,897][__main__][INFO] - Total training time: 2.64 seconds
[2025-09-14 00:01:07,898][__main__][INFO] - Starting testing!
[2025-09-14 00:01:08,129][__main__][INFO] - Total testing time: 0.23 seconds
[2025-09-14 00:01:08,130][__main__][INFO] - Best ckpt path: C:\Users\Administrator\Desktop\1PAPER\6_GCOM\logs\train\runs\2025-09-14_00-00-52/checkpoints\epoch_014.ckpt
[2025-09-14 00:01:08,132][src.utils.utils][INFO] - Closing loggers...
[2025-09-14 00:01:08,132][src.utils.utils][INFO] - Closing wandb!
[2025-09-14 00:02:31,681][src.utils.utils][INFO] - Output dir: C:\Users\Administrator\Desktop\1PAPER\6_GCOM\logs\train\runs\2025-09-14_00-00-52
[2025-09-14 00:02:31,682][src.utils.utils][INFO] - Metric name is None! Skipping metric value retrieval...
[2025-09-14 00:02:31,682][__main__][INFO] - Summary: Training time = 2.64 seconds, Testing time = 0.23 seconds
[2025-09-14 00:04:10,695][src.utils.utils][INFO] - Enforcing tags! <cfg.extras.enforce_tags=True>
[2025-09-14 00:04:10,700][src.utils.utils][INFO] - Printing config tree with Rich! <cfg.extras.print_config=True>
[2025-09-14 00:04:10,756][__main__][INFO] - Instantiating datamodule <src.datamodules.SLE_datamodule_cos_knn_graph.SLEGraphDataModule>
[2025-09-14 00:04:10,801][numexpr.utils][INFO] - Note: NumExpr detected 20 cores but "NUMEXPR_MAX_THREADS" not set, so enforcing safe limit of 8.
[2025-09-14 00:04:10,801][numexpr.utils][INFO] - NumExpr defaulting to 8 threads.
[2025-09-14 00:04:11,253][src.datamodules.SLE_datamodule_cos_knn_graph][INFO] - Load data file from C:\Users\Administrator\Desktop\1PAPER\6_GCOM/data//SLE\processed\cos_knn_graph_data_23.pt
[2025-09-14 00:04:11,255][src.datamodules.SLE_datamodule_cos_knn_graph][INFO] - Data loading is done.
[2025-09-14 00:04:11,255][src.datamodules.SLE_datamodule_cos_knn_graph][INFO] - Data(x=[97, 4], edge_index=[2, 2231], y=[97, 2], reference_point=[2], train_mask=[97], val_mask=[97], test_mask=[97], x_dim=4)
[2025-09-14 00:04:11,257][__main__][INFO] - Instantiating model <src.models.gconvloc_localize_module_sle.LocalizationModule>
[2025-09-14 00:04:11,494][__main__][INFO] - Instantiating callbacks...
[2025-09-14 00:04:11,495][src.utils.utils][INFO] - Instantiating callback <pytorch_lightning.callbacks.ModelCheckpoint>
[2025-09-14 00:04:11,498][src.utils.utils][INFO] - Instantiating callback <pytorch_lightning.callbacks.EarlyStopping>
[2025-09-14 00:04:11,499][src.utils.utils][INFO] - Instantiating callback <pytorch_lightning.callbacks.RichModelSummary>
[2025-09-14 00:04:11,500][__main__][INFO] - Instantiating loggers...
[2025-09-14 00:04:11,500][src.utils.utils][INFO] - Instantiating logger <pytorch_lightning.loggers.csv_logs.CSVLogger>
[2025-09-14 00:04:11,501][src.utils.utils][INFO] - Instantiating logger <pytorch_lightning.loggers.tensorboard.TensorBoardLogger>
[2025-09-14 00:04:11,503][src.utils.utils][INFO] - Instantiating logger <pytorch_lightning.loggers.wandb.WandbLogger>
[2025-09-14 00:04:23,604][__main__][INFO] - Instantiating trainer <pytorch_lightning.Trainer>
[2025-09-14 00:04:23,615][__main__][INFO] - Logging hyperparameters!
[2025-09-14 00:04:23,631][__main__][INFO] - Starting training!
[2025-09-14 00:04:26,746][__main__][INFO] - Total training time: 3.11 seconds
[2025-09-14 00:04:26,758][__main__][INFO] - Starting testing!
[2025-09-14 00:04:26,985][__main__][INFO] - Total testing time: 0.23 seconds
[2025-09-14 00:04:26,985][__main__][INFO] - Best ckpt path: C:\Users\Administrator\Desktop\1PAPER\6_GCOM\logs\train\runs\2025-09-14_00-04-10/checkpoints\epoch_021.ckpt
[2025-09-14 00:04:26,987][src.utils.utils][INFO] - Closing loggers...
[2025-09-14 00:04:26,987][src.utils.utils][INFO] - Closing wandb!
[2025-09-14 00:04:37,543][src.utils.utils][INFO] - Output dir: C:\Users\Administrator\Desktop\1PAPER\6_GCOM\logs\train\runs\2025-09-14_00-04-10
[2025-09-14 00:04:37,543][src.utils.utils][INFO] - Metric name is None! Skipping metric value retrieval...
[2025-09-14 00:04:37,543][__main__][INFO] - Summary: Training time = 3.11 seconds, Testing time = 0.23 seconds
[2025-09-14 00:06:24,245][src.utils.utils][INFO] - Enforcing tags! <cfg.extras.enforce_tags=True>
[2025-09-14 00:06:24,261][src.utils.utils][INFO] - Printing config tree with Rich! <cfg.extras.print_config=True>
[2025-09-14 00:06:24,318][__main__][INFO] - Instantiating datamodule <src.datamodules.SLE_datamodule_cos_knn_graph.SLEGraphDataModule>
[2025-09-14 00:06:24,359][numexpr.utils][INFO] - Note: NumExpr detected 20 cores but "NUMEXPR_MAX_THREADS" not set, so enforcing safe limit of 8.
[2025-09-14 00:06:24,359][numexpr.utils][INFO] - NumExpr defaulting to 8 threads.
[2025-09-14 00:06:24,811][src.datamodules.SLE_datamodule_cos_knn_graph][INFO] - Load data file from C:\Users\Administrator\Desktop\1PAPER\6_GCOM/data//SLE\processed\cos_knn_graph_data_23.pt
[2025-09-14 00:06:24,812][src.datamodules.SLE_datamodule_cos_knn_graph][INFO] - Data loading is done.
[2025-09-14 00:06:24,813][src.datamodules.SLE_datamodule_cos_knn_graph][INFO] - Data(x=[97, 4], edge_index=[2, 2231], y=[97, 2], reference_point=[2], train_mask=[97], val_mask=[97], test_mask=[97], x_dim=4)
[2025-09-14 00:06:24,814][__main__][INFO] - Instantiating model <src.models.gconvloc_localize_module_sle.LocalizationModule>
[2025-09-14 00:06:25,047][__main__][INFO] - Instantiating callbacks...
[2025-09-14 00:06:25,048][src.utils.utils][INFO] - Instantiating callback <pytorch_lightning.callbacks.ModelCheckpoint>
[2025-09-14 00:06:25,052][src.utils.utils][INFO] - Instantiating callback <pytorch_lightning.callbacks.EarlyStopping>
[2025-09-14 00:06:25,052][src.utils.utils][INFO] - Instantiating callback <pytorch_lightning.callbacks.RichModelSummary>
[2025-09-14 00:06:25,053][__main__][INFO] - Instantiating loggers...
[2025-09-14 00:06:25,054][src.utils.utils][INFO] - Instantiating logger <pytorch_lightning.loggers.csv_logs.CSVLogger>
[2025-09-14 00:06:25,055][src.utils.utils][INFO] - Instantiating logger <pytorch_lightning.loggers.tensorboard.TensorBoardLogger>
[2025-09-14 00:06:25,057][src.utils.utils][INFO] - Instantiating logger <pytorch_lightning.loggers.wandb.WandbLogger>
[2025-09-14 00:06:38,193][__main__][INFO] - Instantiating trainer <pytorch_lightning.Trainer>
[2025-09-14 00:06:38,203][__main__][INFO] - Logging hyperparameters!
[2025-09-14 00:06:38,219][__main__][INFO] - Starting training!
[2025-09-14 00:06:41,615][__main__][INFO] - Total training time: 3.39 seconds
[2025-09-14 00:06:41,616][__main__][INFO] - Starting testing!
[2025-09-14 00:06:41,835][__main__][INFO] - Total testing time: 0.22 seconds
[2025-09-14 00:06:41,836][__main__][INFO] - Best ckpt path: C:\Users\Administrator\Desktop\1PAPER\6_GCOM\logs\train\runs\2025-09-14_00-06-24/checkpoints\epoch_025.ckpt
[2025-09-14 00:06:41,838][src.utils.utils][INFO] - Closing loggers...
[2025-09-14 00:06:41,838][src.utils.utils][INFO] - Closing wandb!
[2025-09-14 00:16:33,018][src.utils.utils][INFO] - Enforcing tags! <cfg.extras.enforce_tags=True>
[2025-09-14 00:16:33,022][src.utils.utils][INFO] - Printing config tree with Rich! <cfg.extras.print_config=True>
[2025-09-14 00:16:33,078][__main__][INFO] - Instantiating datamodule <src.datamodules.SLE_datamodule_cos_knn_graph.SLEGraphDataModule>
[2025-09-14 00:16:33,125][numexpr.utils][INFO] - Note: NumExpr detected 20 cores but "NUMEXPR_MAX_THREADS" not set, so enforcing safe limit of 8.
[2025-09-14 00:16:33,125][numexpr.utils][INFO] - NumExpr defaulting to 8 threads.
[2025-09-14 00:16:33,579][src.datamodules.SLE_datamodule_cos_knn_graph][INFO] - Load data file from C:\Users\Administrator\Desktop\1PAPER\6_GCOM/data//SLE\processed\cos_knn_graph_data_23.pt
[2025-09-14 00:16:33,579][src.datamodules.SLE_datamodule_cos_knn_graph][INFO] - Data loading is done.
[2025-09-14 00:16:33,579][src.datamodules.SLE_datamodule_cos_knn_graph][INFO] - Data(x=[97, 4], edge_index=[2, 2231], y=[97, 2], reference_point=[2], train_mask=[97], val_mask=[97], test_mask=[97], x_dim=4)
[2025-09-14 00:16:33,579][__main__][INFO] - Instantiating model <src.models.gconvloc_localize_module_sle.LocalizationModule>
[2025-09-14 00:16:33,804][__main__][INFO] - Instantiating callbacks...
[2025-09-14 00:16:33,804][src.utils.utils][INFO] - Instantiating callback <pytorch_lightning.callbacks.ModelCheckpoint>
[2025-09-14 00:16:33,804][src.utils.utils][INFO] - Instantiating callback <pytorch_lightning.callbacks.EarlyStopping>
[2025-09-14 00:16:33,820][src.utils.utils][INFO] - Instantiating callback <pytorch_lightning.callbacks.RichModelSummary>
[2025-09-14 00:16:33,821][__main__][INFO] - Instantiating loggers...
[2025-09-14 00:16:33,822][src.utils.utils][INFO] - Instantiating logger <pytorch_lightning.loggers.csv_logs.CSVLogger>
[2025-09-14 00:16:33,823][src.utils.utils][INFO] - Instantiating logger <pytorch_lightning.loggers.tensorboard.TensorBoardLogger>
[2025-09-14 00:16:33,824][src.utils.utils][INFO] - Instantiating logger <pytorch_lightning.loggers.wandb.WandbLogger>
[2025-09-14 00:16:46,555][__main__][INFO] - Instantiating trainer <pytorch_lightning.Trainer>
[2025-09-14 00:16:46,565][__main__][INFO] - Logging hyperparameters!
[2025-09-14 00:16:46,581][__main__][INFO] - Starting training!
[2025-09-14 00:16:50,362][__main__][INFO] - Total training time: 3.78 seconds
[2025-09-14 00:16:50,363][__main__][INFO] - Starting testing!
[2025-09-14 00:16:50,578][__main__][INFO] - Total testing time: 0.21 seconds
[2025-09-14 00:16:50,584][__main__][INFO] - Best ckpt path: C:\Users\Administrator\Desktop\1PAPER\6_GCOM\logs\train\runs\2025-09-14_00-16-32/checkpoints\epoch_027.ckpt
[2025-09-14 00:16:50,586][src.utils.utils][INFO] - Closing loggers...
[2025-09-14 00:16:50,587][src.utils.utils][INFO] - Closing wandb!
[2025-09-14 00:18:03,933][src.utils.utils][INFO] - Output dir: C:\Users\Administrator\Desktop\1PAPER\6_GCOM\logs\train\runs\2025-09-14_00-16-32
[2025-09-14 00:18:03,934][src.utils.utils][INFO] - Metric name is None! Skipping metric value retrieval...
[2025-09-14 00:18:03,934][__main__][INFO] - Summary: Training time = 3.78 seconds, Testing time = 0.21 seconds
[2025-09-14 01:06:57,605][src.utils.utils][INFO] - Enforcing tags! <cfg.extras.enforce_tags=True>
[2025-09-14 01:06:57,610][src.utils.utils][INFO] - Printing config tree with Rich! <cfg.extras.print_config=True>
[2025-09-14 01:06:57,667][__main__][INFO] - Instantiating datamodule <src.datamodules.SLE_datamodule_cos_knn_graph.SLEGraphDataModule>
[2025-09-14 01:06:57,723][numexpr.utils][INFO] - Note: NumExpr detected 20 cores but "NUMEXPR_MAX_THREADS" not set, so enforcing safe limit of 8.
[2025-09-14 01:06:57,723][numexpr.utils][INFO] - NumExpr defaulting to 8 threads.
[2025-09-14 01:06:58,171][src.datamodules.SLE_datamodule_cos_knn_graph][INFO] - Load data file from C:\Users\Administrator\Desktop\1PAPER\6_GCOM/data//SLE\processed\cos_knn_graph_data_23.pt
[2025-09-14 01:06:58,171][src.datamodules.SLE_datamodule_cos_knn_graph][INFO] - Data loading is done.
[2025-09-14 01:06:58,171][src.datamodules.SLE_datamodule_cos_knn_graph][INFO] - Data(x=[97, 4], edge_index=[2, 2231], y=[97, 2], reference_point=[2], train_mask=[97], val_mask=[97], test_mask=[97], x_dim=4)
[2025-09-14 01:06:58,171][__main__][INFO] - Instantiating model <src.models.gconvloc_localize_module_sle.LocalizationModule>
[2025-09-14 01:06:58,418][__main__][INFO] - Instantiating callbacks...
[2025-09-14 01:06:58,418][src.utils.utils][INFO] - Instantiating callback <pytorch_lightning.callbacks.ModelCheckpoint>
[2025-09-14 01:06:58,418][src.utils.utils][INFO] - Instantiating callback <pytorch_lightning.callbacks.EarlyStopping>
[2025-09-14 01:06:58,423][src.utils.utils][INFO] - Instantiating callback <pytorch_lightning.callbacks.RichModelSummary>
[2025-09-14 01:06:58,424][__main__][INFO] - Instantiating loggers...
[2025-09-14 01:06:58,424][src.utils.utils][INFO] - Instantiating logger <pytorch_lightning.loggers.csv_logs.CSVLogger>
[2025-09-14 01:06:58,425][src.utils.utils][INFO] - Instantiating logger <pytorch_lightning.loggers.tensorboard.TensorBoardLogger>
[2025-09-14 01:06:58,426][src.utils.utils][INFO] - Instantiating logger <pytorch_lightning.loggers.wandb.WandbLogger>
[2025-09-14 01:07:47,390][src.utils.utils][INFO] - Enforcing tags! <cfg.extras.enforce_tags=True>
[2025-09-14 01:07:47,397][src.utils.utils][INFO] - Printing config tree with Rich! <cfg.extras.print_config=True>
[2025-09-14 01:07:47,452][__main__][INFO] - Instantiating datamodule <src.datamodules.SLE_datamodule_cos_knn_graph.SLEGraphDataModule>
[2025-09-14 01:07:47,504][numexpr.utils][INFO] - Note: NumExpr detected 20 cores but "NUMEXPR_MAX_THREADS" not set, so enforcing safe limit of 8.
[2025-09-14 01:07:47,504][numexpr.utils][INFO] - NumExpr defaulting to 8 threads.
[2025-09-14 01:07:47,962][src.datamodules.SLE_datamodule_cos_knn_graph][INFO] - Load data file from C:\Users\Administrator\Desktop\1PAPER\6_GCOM/data//SLE\processed\cos_knn_graph_data_23.pt
[2025-09-14 01:07:47,962][src.datamodules.SLE_datamodule_cos_knn_graph][INFO] - Data loading is done.
[2025-09-14 01:07:47,962][src.datamodules.SLE_datamodule_cos_knn_graph][INFO] - Data(x=[97, 4], edge_index=[2, 2231], y=[97, 2], reference_point=[2], train_mask=[97], val_mask=[97], test_mask=[97], x_dim=4)
[2025-09-14 01:07:47,962][__main__][INFO] - Instantiating model <src.models.gconvloc_localize_module_sle.LocalizationModule>
[2025-09-14 01:07:48,229][__main__][INFO] - Instantiating callbacks...
[2025-09-14 01:07:48,229][src.utils.utils][INFO] - Instantiating callback <pytorch_lightning.callbacks.ModelCheckpoint>
[2025-09-14 01:07:48,229][src.utils.utils][INFO] - Instantiating callback <pytorch_lightning.callbacks.EarlyStopping>
[2025-09-14 01:07:48,229][src.utils.utils][INFO] - Instantiating callback <pytorch_lightning.callbacks.RichModelSummary>
[2025-09-14 01:07:48,229][__main__][INFO] - Instantiating loggers...
[2025-09-14 01:07:48,229][src.utils.utils][INFO] - Instantiating logger <pytorch_lightning.loggers.csv_logs.CSVLogger>
[2025-09-14 01:07:48,238][src.utils.utils][INFO] - Instantiating logger <pytorch_lightning.loggers.tensorboard.TensorBoardLogger>
[2025-09-14 01:07:48,240][src.utils.utils][INFO] - Instantiating logger <pytorch_lightning.loggers.wandb.WandbLogger>
[2025-09-14 01:08:00,362][__main__][INFO] - Instantiating trainer <pytorch_lightning.Trainer>
[2025-09-14 01:08:00,373][__main__][INFO] - Logging hyperparameters!
[2025-09-14 01:08:00,389][__main__][INFO] - Starting training!
[2025-09-14 01:08:03,489][__main__][INFO] - Total training time: 3.10 seconds
[2025-09-14 01:08:03,491][__main__][INFO] - Starting testing!
[2025-09-14 01:08:03,731][__main__][INFO] - Total testing time: 0.24 seconds
[2025-09-14 01:08:03,732][__main__][INFO] - Best ckpt path: C:\Users\Administrator\Desktop\1PAPER\6_GCOM\logs\train\runs\2025-09-14_01-07-47/checkpoints\epoch_021.ckpt
[2025-09-14 01:08:03,733][src.utils.utils][INFO] - Closing loggers...
[2025-09-14 01:08:03,733][src.utils.utils][INFO] - Closing wandb!
[2025-09-14 01:08:05,987][src.utils.utils][INFO] - Output dir: C:\Users\Administrator\Desktop\1PAPER\6_GCOM\logs\train\runs\2025-09-14_01-07-47
[2025-09-14 01:08:05,988][src.utils.utils][INFO] - Metric name is None! Skipping metric value retrieval...
[2025-09-14 01:08:05,988][__main__][INFO] - Summary: Training time = 3.10 seconds, Testing time = 0.24 seconds
[2025-09-14 01:08:30,940][src.utils.utils][INFO] - Enforcing tags! <cfg.extras.enforce_tags=True>
[2025-09-14 01:08:30,946][src.utils.utils][INFO] - Printing config tree with Rich! <cfg.extras.print_config=True>
[2025-09-14 01:08:31,002][__main__][INFO] - Instantiating datamodule <src.datamodules.SLE_datamodule_cos_knn_graph.SLEGraphDataModule>
[2025-09-14 01:08:31,050][numexpr.utils][INFO] - Note: NumExpr detected 20 cores but "NUMEXPR_MAX_THREADS" not set, so enforcing safe limit of 8.
[2025-09-14 01:08:31,050][numexpr.utils][INFO] - NumExpr defaulting to 8 threads.
[2025-09-14 01:08:31,522][src.datamodules.SLE_datamodule_cos_knn_graph][INFO] - Load data file from C:\Users\Administrator\Desktop\1PAPER\6_GCOM/data//SLE\processed\cos_knn_graph_data_23.pt
[2025-09-14 01:08:31,524][src.datamodules.SLE_datamodule_cos_knn_graph][INFO] - Data loading is done.
[2025-09-14 01:08:31,525][src.datamodules.SLE_datamodule_cos_knn_graph][INFO] - Data(x=[97, 4], edge_index=[2, 2231], y=[97, 2], reference_point=[2], train_mask=[97], val_mask=[97], test_mask=[97], x_dim=4)
[2025-09-14 01:08:31,526][__main__][INFO] - Instantiating model <src.models.gconvloc_localize_module_sle.LocalizationModule>
[2025-09-14 01:08:31,776][__main__][INFO] - Instantiating callbacks...
[2025-09-14 01:08:31,776][src.utils.utils][INFO] - Instantiating callback <pytorch_lightning.callbacks.ModelCheckpoint>
[2025-09-14 01:08:31,780][src.utils.utils][INFO] - Instantiating callback <pytorch_lightning.callbacks.EarlyStopping>
[2025-09-14 01:08:31,781][src.utils.utils][INFO] - Instantiating callback <pytorch_lightning.callbacks.RichModelSummary>
[2025-09-14 01:08:31,781][__main__][INFO] - Instantiating loggers...
[2025-09-14 01:08:31,782][src.utils.utils][INFO] - Instantiating logger <pytorch_lightning.loggers.csv_logs.CSVLogger>
[2025-09-14 01:08:31,783][src.utils.utils][INFO] - Instantiating logger <pytorch_lightning.loggers.tensorboard.TensorBoardLogger>
[2025-09-14 01:08:31,785][src.utils.utils][INFO] - Instantiating logger <pytorch_lightning.loggers.wandb.WandbLogger>
[2025-09-14 01:08:43,826][__main__][INFO] - Instantiating trainer <pytorch_lightning.Trainer>
[2025-09-14 01:08:43,838][__main__][INFO] - Logging hyperparameters!
[2025-09-14 01:08:43,843][__main__][INFO] - Starting training!
[2025-09-14 01:08:47,127][__main__][INFO] - Total training time: 3.27 seconds
[2025-09-14 01:08:47,132][__main__][INFO] - Starting testing!
[2025-09-14 01:08:47,342][__main__][INFO] - Total testing time: 0.21 seconds
[2025-09-14 01:08:47,344][__main__][INFO] - Best ckpt path: C:\Users\Administrator\Desktop\1PAPER\6_GCOM\logs\train\runs\2025-09-14_01-08-30/checkpoints\epoch_023.ckpt
[2025-09-14 01:08:47,345][src.utils.utils][INFO] - Closing loggers...
[2025-09-14 01:08:47,346][src.utils.utils][INFO] - Closing wandb!
[2025-09-14 01:08:49,529][src.utils.utils][INFO] - Output dir: C:\Users\Administrator\Desktop\1PAPER\6_GCOM\logs\train\runs\2025-09-14_01-08-30
[2025-09-14 01:08:49,531][src.utils.utils][INFO] - Metric name is None! Skipping metric value retrieval...
[2025-09-14 01:08:49,532][__main__][INFO] - Summary: Training time = 3.27 seconds, Testing time = 0.21 seconds
[2025-09-14 01:28:35,638][src.utils.utils][INFO] - Enforcing tags! <cfg.extras.enforce_tags=True>
[2025-09-14 01:28:35,643][src.utils.utils][INFO] - Printing config tree with Rich! <cfg.extras.print_config=True>
[2025-09-14 01:28:35,699][__main__][INFO] - Instantiating datamodule <src.datamodules.SLE_datamodule_cos_knn_graph.SLEGraphDataModule>
[2025-09-14 01:28:35,748][numexpr.utils][INFO] - Note: NumExpr detected 20 cores but "NUMEXPR_MAX_THREADS" not set, so enforcing safe limit of 8.
[2025-09-14 01:28:35,749][numexpr.utils][INFO] - NumExpr defaulting to 8 threads.
[2025-09-14 01:28:36,195][src.datamodules.SLE_datamodule_cos_knn_graph][INFO] - Load data file from C:\Users\Administrator\Desktop\1PAPER\6_GCOM/data//SLE\processed\cos_knn_graph_data_23.pt
[2025-09-14 01:28:36,197][src.datamodules.SLE_datamodule_cos_knn_graph][INFO] - Data loading is done.
[2025-09-14 01:28:36,197][src.datamodules.SLE_datamodule_cos_knn_graph][INFO] - Data(x=[97, 4], edge_index=[2, 2231], y=[97, 2], reference_point=[2], train_mask=[97], val_mask=[97], test_mask=[97], x_dim=4)
[2025-09-14 01:28:36,199][__main__][INFO] - Instantiating model <src.models.gconvloc_localize_module_sle.LocalizationModule>
[2025-09-14 01:28:36,440][__main__][INFO] - Instantiating callbacks...
[2025-09-14 01:28:36,441][src.utils.utils][INFO] - Instantiating callback <pytorch_lightning.callbacks.ModelCheckpoint>
[2025-09-14 01:28:36,446][src.utils.utils][INFO] - Instantiating callback <pytorch_lightning.callbacks.EarlyStopping>
[2025-09-14 01:28:36,447][src.utils.utils][INFO] - Instantiating callback <pytorch_lightning.callbacks.RichModelSummary>
[2025-09-14 01:28:36,448][__main__][INFO] - Instantiating loggers...
[2025-09-14 01:28:36,448][src.utils.utils][INFO] - Instantiating logger <pytorch_lightning.loggers.csv_logs.CSVLogger>
[2025-09-14 01:28:36,449][src.utils.utils][INFO] - Instantiating logger <pytorch_lightning.loggers.tensorboard.TensorBoardLogger>
[2025-09-14 01:28:36,451][src.utils.utils][INFO] - Instantiating logger <pytorch_lightning.loggers.wandb.WandbLogger>
[2025-09-14 01:28:48,540][__main__][INFO] - Instantiating trainer <pytorch_lightning.Trainer>
[2025-09-14 01:28:48,551][__main__][INFO] - Logging hyperparameters!
[2025-09-14 01:28:48,569][__main__][INFO] - Starting training!
[2025-09-14 01:28:52,584][__main__][INFO] - Total training time: 4.01 seconds
[2025-09-14 01:28:52,585][__main__][INFO] - Starting testing!
[2025-09-14 01:28:52,788][__main__][INFO] - Total testing time: 0.20 seconds
[2025-09-14 01:28:52,789][__main__][INFO] - Best ckpt path: C:\Users\Administrator\Desktop\1PAPER\6_GCOM\logs\train\runs\2025-09-14_01-28-35/checkpoints\epoch_031.ckpt
[2025-09-14 01:28:52,791][src.utils.utils][INFO] - Closing loggers...
[2025-09-14 01:28:52,791][src.utils.utils][INFO] - Closing wandb!
[2025-09-14 01:29:03,154][src.utils.utils][INFO] - Output dir: C:\Users\Administrator\Desktop\1PAPER\6_GCOM\logs\train\runs\2025-09-14_01-28-35
[2025-09-14 01:29:03,155][src.utils.utils][INFO] - Metric name is None! Skipping metric value retrieval...
[2025-09-14 01:29:03,156][__main__][INFO] - Summary: Training time = 4.01 seconds, Testing time = 0.20 seconds
[2025-09-14 01:31:57,884][src.utils.utils][INFO] - Enforcing tags! <cfg.extras.enforce_tags=True>
[2025-09-14 01:31:57,887][src.utils.utils][INFO] - Printing config tree with Rich! <cfg.extras.print_config=True>
[2025-09-14 01:31:57,944][__main__][INFO] - Instantiating datamodule <src.datamodules.SLE_datamodule_cos_knn_graph.SLEGraphDataModule>
[2025-09-14 01:31:57,984][numexpr.utils][INFO] - Note: NumExpr detected 20 cores but "NUMEXPR_MAX_THREADS" not set, so enforcing safe limit of 8.
[2025-09-14 01:31:57,984][numexpr.utils][INFO] - NumExpr defaulting to 8 threads.
[2025-09-14 01:31:58,433][src.datamodules.SLE_datamodule_cos_knn_graph][INFO] - Load data file from C:\Users\Administrator\Desktop\1PAPER\6_GCOM/data//SLE\processed\cos_knn_graph_data_23.pt
[2025-09-14 01:31:58,433][src.datamodules.SLE_datamodule_cos_knn_graph][INFO] - Data loading is done.
[2025-09-14 01:31:58,433][src.datamodules.SLE_datamodule_cos_knn_graph][INFO] - Data(x=[97, 4], edge_index=[2, 2231], y=[97, 2], reference_point=[2], train_mask=[97], val_mask=[97], test_mask=[97], x_dim=4)
[2025-09-14 01:31:58,433][__main__][INFO] - Instantiating model <src.models.gconvloc_localize_module_sle.LocalizationModule>
[2025-09-14 01:31:58,671][__main__][INFO] - Instantiating callbacks...
[2025-09-14 01:31:58,671][src.utils.utils][INFO] - Instantiating callback <pytorch_lightning.callbacks.ModelCheckpoint>
[2025-09-14 01:31:58,671][src.utils.utils][INFO] - Instantiating callback <pytorch_lightning.callbacks.EarlyStopping>
[2025-09-14 01:31:58,671][src.utils.utils][INFO] - Instantiating callback <pytorch_lightning.callbacks.RichModelSummary>
[2025-09-14 01:31:58,671][__main__][INFO] - Instantiating loggers...
[2025-09-14 01:31:58,671][src.utils.utils][INFO] - Instantiating logger <pytorch_lightning.loggers.csv_logs.CSVLogger>
[2025-09-14 01:31:58,681][src.utils.utils][INFO] - Instantiating logger <pytorch_lightning.loggers.tensorboard.TensorBoardLogger>
[2025-09-14 01:31:58,683][src.utils.utils][INFO] - Instantiating logger <pytorch_lightning.loggers.wandb.WandbLogger>
[2025-09-14 01:32:10,768][__main__][INFO] - Instantiating trainer <pytorch_lightning.Trainer>
[2025-09-14 01:32:10,780][__main__][INFO] - Logging hyperparameters!
[2025-09-14 01:32:10,798][__main__][INFO] - Starting training!
[2025-09-14 01:32:13,865][__main__][INFO] - Total training time: 3.07 seconds
[2025-09-14 01:32:13,865][__main__][INFO] - Starting testing!
[2025-09-14 01:32:14,107][__main__][INFO] - Total testing time: 0.24 seconds
[2025-09-14 01:32:14,108][__main__][INFO] - Best ckpt path: C:\Users\Administrator\Desktop\1PAPER\6_GCOM\logs\train\runs\2025-09-14_01-31-57/checkpoints\epoch_021.ckpt
[2025-09-14 01:32:14,110][src.utils.utils][INFO] - Closing loggers...
[2025-09-14 01:32:14,111][src.utils.utils][INFO] - Closing wandb!
[2025-09-14 01:32:16,991][src.utils.utils][INFO] - Output dir: C:\Users\Administrator\Desktop\1PAPER\6_GCOM\logs\train\runs\2025-09-14_01-31-57
[2025-09-14 01:32:16,992][src.utils.utils][INFO] - Metric name is None! Skipping metric value retrieval...
[2025-09-14 01:32:16,992][__main__][INFO] - Summary: Training time = 3.07 seconds, Testing time = 0.24 seconds
[2025-09-14 01:33:56,537][src.utils.utils][INFO] - Enforcing tags! <cfg.extras.enforce_tags=True>
[2025-09-14 01:33:56,537][src.utils.utils][INFO] - Printing config tree with Rich! <cfg.extras.print_config=True>
[2025-09-14 01:33:56,607][__main__][INFO] - Instantiating datamodule <src.datamodules.SLE_datamodule_cos_knn_graph.SLEGraphDataModule>
[2025-09-14 01:33:56,651][numexpr.utils][INFO] - Note: NumExpr detected 20 cores but "NUMEXPR_MAX_THREADS" not set, so enforcing safe limit of 8.
[2025-09-14 01:33:56,651][numexpr.utils][INFO] - NumExpr defaulting to 8 threads.
[2025-09-14 01:33:57,103][src.datamodules.SLE_datamodule_cos_knn_graph][INFO] - Load data file from C:\Users\Administrator\Desktop\1PAPER\6_GCOM/data//SLE\processed\cos_knn_graph_data_23.pt
[2025-09-14 01:33:57,103][src.datamodules.SLE_datamodule_cos_knn_graph][INFO] - Data loading is done.
[2025-09-14 01:33:57,103][src.datamodules.SLE_datamodule_cos_knn_graph][INFO] - Data(x=[97, 4], edge_index=[2, 2231], y=[97, 2], reference_point=[2], train_mask=[97], val_mask=[97], test_mask=[97], x_dim=4)
[2025-09-14 01:33:57,103][__main__][INFO] - Instantiating model <src.models.gconvloc_localize_module_sle.LocalizationModule>
[2025-09-14 01:33:57,340][__main__][INFO] - Instantiating callbacks...
[2025-09-14 01:33:57,340][src.utils.utils][INFO] - Instantiating callback <pytorch_lightning.callbacks.ModelCheckpoint>
[2025-09-14 01:33:57,340][src.utils.utils][INFO] - Instantiating callback <pytorch_lightning.callbacks.EarlyStopping>
[2025-09-14 01:33:57,350][src.utils.utils][INFO] - Instantiating callback <pytorch_lightning.callbacks.RichModelSummary>
[2025-09-14 01:33:57,350][__main__][INFO] - Instantiating loggers...
[2025-09-14 01:33:57,352][src.utils.utils][INFO] - Instantiating logger <pytorch_lightning.loggers.csv_logs.CSVLogger>
[2025-09-14 01:33:57,353][src.utils.utils][INFO] - Instantiating logger <pytorch_lightning.loggers.tensorboard.TensorBoardLogger>
[2025-09-14 01:33:57,354][src.utils.utils][INFO] - Instantiating logger <pytorch_lightning.loggers.wandb.WandbLogger>
[2025-09-14 01:34:09,399][__main__][INFO] - Instantiating trainer <pytorch_lightning.Trainer>
[2025-09-14 01:34:09,411][__main__][INFO] - Logging hyperparameters!
[2025-09-14 01:34:09,427][__main__][INFO] - Starting training!
[2025-09-14 01:34:12,572][__main__][INFO] - Total training time: 3.14 seconds
[2025-09-14 01:34:12,576][__main__][INFO] - Starting testing!
[2025-09-14 01:34:12,807][__main__][INFO] - Total testing time: 0.23 seconds
[2025-09-14 01:34:12,809][__main__][INFO] - Best ckpt path: C:\Users\Administrator\Desktop\1PAPER\6_GCOM\logs\train\runs\2025-09-14_01-33-56/checkpoints\epoch_022.ckpt
[2025-09-14 01:34:12,811][src.utils.utils][INFO] - Closing loggers...
[2025-09-14 01:34:12,811][src.utils.utils][INFO] - Closing wandb!
[2025-09-14 01:34:18,222][src.utils.utils][INFO] - Output dir: C:\Users\Administrator\Desktop\1PAPER\6_GCOM\logs\train\runs\2025-09-14_01-33-56
[2025-09-14 01:34:18,223][src.utils.utils][INFO] - Metric name is None! Skipping metric value retrieval...
[2025-09-14 01:34:18,223][__main__][INFO] - Summary: Training time = 3.14 seconds, Testing time = 0.23 seconds
[2025-09-14 01:34:50,846][src.utils.utils][INFO] - Enforcing tags! <cfg.extras.enforce_tags=True>
[2025-09-14 01:34:50,846][src.utils.utils][INFO] - Printing config tree with Rich! <cfg.extras.print_config=True>
[2025-09-14 01:34:50,909][__main__][INFO] - Instantiating datamodule <src.datamodules.SLE_datamodule_cos_knn_graph.SLEGraphDataModule>
[2025-09-14 01:34:50,960][numexpr.utils][INFO] - Note: NumExpr detected 20 cores but "NUMEXPR_MAX_THREADS" not set, so enforcing safe limit of 8.
[2025-09-14 01:34:50,960][numexpr.utils][INFO] - NumExpr defaulting to 8 threads.
[2025-09-14 01:34:51,400][src.datamodules.SLE_datamodule_cos_knn_graph][INFO] - Load data file from C:\Users\Administrator\Desktop\1PAPER\6_GCOM/data//SLE\processed\cos_knn_graph_data_23.pt
[2025-09-14 01:34:51,401][src.datamodules.SLE_datamodule_cos_knn_graph][INFO] - Data loading is done.
[2025-09-14 01:34:51,402][src.datamodules.SLE_datamodule_cos_knn_graph][INFO] - Data(x=[97, 4], edge_index=[2, 2231], y=[97, 2], reference_point=[2], train_mask=[97], val_mask=[97], test_mask=[97], x_dim=4)
[2025-09-14 01:34:51,403][__main__][INFO] - Instantiating model <src.models.gconvloc_localize_module_sle.LocalizationModule>
[2025-09-14 01:34:51,631][__main__][INFO] - Instantiating callbacks...
[2025-09-14 01:34:51,631][src.utils.utils][INFO] - Instantiating callback <pytorch_lightning.callbacks.ModelCheckpoint>
[2025-09-14 01:34:51,631][src.utils.utils][INFO] - Instantiating callback <pytorch_lightning.callbacks.EarlyStopping>
[2025-09-14 01:34:51,631][src.utils.utils][INFO] - Instantiating callback <pytorch_lightning.callbacks.RichModelSummary>
[2025-09-14 01:34:51,631][__main__][INFO] - Instantiating loggers...
[2025-09-14 01:34:51,631][src.utils.utils][INFO] - Instantiating logger <pytorch_lightning.loggers.csv_logs.CSVLogger>
[2025-09-14 01:34:51,640][src.utils.utils][INFO] - Instantiating logger <pytorch_lightning.loggers.tensorboard.TensorBoardLogger>
[2025-09-14 01:34:51,642][src.utils.utils][INFO] - Instantiating logger <pytorch_lightning.loggers.wandb.WandbLogger>
[2025-09-14 01:35:04,316][__main__][INFO] - Instantiating trainer <pytorch_lightning.Trainer>
[2025-09-14 01:35:04,327][__main__][INFO] - Logging hyperparameters!
[2025-09-14 01:35:04,344][__main__][INFO] - Starting training!
[2025-09-14 01:35:07,569][__main__][INFO] - Total training time: 3.22 seconds
[2025-09-14 01:35:07,574][__main__][INFO] - Starting testing!
[2025-09-14 01:35:07,769][__main__][INFO] - Total testing time: 0.19 seconds
[2025-09-14 01:35:07,770][__main__][INFO] - Best ckpt path: C:\Users\Administrator\Desktop\1PAPER\6_GCOM\logs\train\runs\2025-09-14_01-34-50/checkpoints\epoch_022.ckpt
[2025-09-14 01:35:07,771][src.utils.utils][INFO] - Closing loggers...
[2025-09-14 01:35:07,772][src.utils.utils][INFO] - Closing wandb!
[2025-09-14 01:35:11,554][src.utils.utils][INFO] - Output dir: C:\Users\Administrator\Desktop\1PAPER\6_GCOM\logs\train\runs\2025-09-14_01-34-50
[2025-09-14 01:35:11,554][src.utils.utils][INFO] - Metric name is None! Skipping metric value retrieval...
[2025-09-14 01:35:11,554][__main__][INFO] - Summary: Training time = 3.22 seconds, Testing time = 0.19 seconds
[2025-09-14 02:02:44,102][src.utils.utils][INFO] - Enforcing tags! <cfg.extras.enforce_tags=True>
[2025-09-14 02:02:44,107][src.utils.utils][INFO] - Printing config tree with Rich! <cfg.extras.print_config=True>
[2025-09-14 02:02:44,167][__main__][INFO] - Instantiating datamodule <src.datamodules.SLE_datamodule_cos_knn_graph.SLEGraphDataModule>
[2025-09-14 02:02:44,221][numexpr.utils][INFO] - Note: NumExpr detected 20 cores but "NUMEXPR_MAX_THREADS" not set, so enforcing safe limit of 8.
[2025-09-14 02:02:44,221][numexpr.utils][INFO] - NumExpr defaulting to 8 threads.
[2025-09-14 02:02:44,684][src.datamodules.SLE_datamodule_cos_knn_graph][INFO] - Load data file from C:\Users\Administrator\Desktop\1PAPER\6_GCOM/data//SLE\processed\cos_knn_graph_data_23.pt
[2025-09-14 02:02:44,685][src.datamodules.SLE_datamodule_cos_knn_graph][INFO] - Data loading is done.
[2025-09-14 02:02:44,686][src.datamodules.SLE_datamodule_cos_knn_graph][INFO] - Data(x=[97, 4], edge_index=[2, 2231], y=[97, 2], reference_point=[2], train_mask=[97], val_mask=[97], test_mask=[97], x_dim=4)
[2025-09-14 02:02:44,687][__main__][INFO] - Instantiating model <src.models.gconvloc_localize_module_sle.LocalizationModule>
[2025-09-14 02:02:44,922][__main__][INFO] - Instantiating callbacks...
[2025-09-14 02:02:44,923][src.utils.utils][INFO] - Instantiating callback <pytorch_lightning.callbacks.ModelCheckpoint>
[2025-09-14 02:02:44,926][src.utils.utils][INFO] - Instantiating callback <pytorch_lightning.callbacks.EarlyStopping>
[2025-09-14 02:02:44,927][src.utils.utils][INFO] - Instantiating callback <pytorch_lightning.callbacks.RichModelSummary>
[2025-09-14 02:02:44,928][__main__][INFO] - Instantiating loggers...
[2025-09-14 02:02:44,929][src.utils.utils][INFO] - Instantiating logger <pytorch_lightning.loggers.csv_logs.CSVLogger>
[2025-09-14 02:02:44,931][src.utils.utils][INFO] - Instantiating logger <pytorch_lightning.loggers.tensorboard.TensorBoardLogger>
[2025-09-14 02:02:44,933][src.utils.utils][INFO] - Instantiating logger <pytorch_lightning.loggers.wandb.WandbLogger>
[2025-09-14 02:02:56,999][__main__][INFO] - Instantiating trainer <pytorch_lightning.Trainer>
[2025-09-14 02:02:57,010][__main__][INFO] - Logging hyperparameters!
[2025-09-14 02:02:57,027][__main__][INFO] - Starting training!
[2025-09-14 02:03:00,137][__main__][INFO] - Total training time: 3.11 seconds
[2025-09-14 02:03:00,138][__main__][INFO] - Starting testing!
[2025-09-14 02:03:00,415][__main__][INFO] - Total testing time: 0.28 seconds
[2025-09-14 02:03:00,415][__main__][INFO] - Best ckpt path: C:\Users\Administrator\Desktop\1PAPER\6_GCOM\logs\train\runs\2025-09-14_02-02-44/checkpoints\epoch_022.ckpt
[2025-09-14 02:03:00,417][src.utils.utils][INFO] - Closing loggers...
[2025-09-14 02:03:00,418][src.utils.utils][INFO] - Closing wandb!
[2025-09-14 02:03:11,924][src.utils.utils][INFO] - Output dir: C:\Users\Administrator\Desktop\1PAPER\6_GCOM\logs\train\runs\2025-09-14_02-02-44
[2025-09-14 02:03:11,924][src.utils.utils][INFO] - Metric name is None! Skipping metric value retrieval...
[2025-09-14 02:03:11,924][__main__][INFO] - Summary: Training time = 3.11 seconds, Testing time = 0.28 seconds
[2025-09-14 02:03:57,898][src.utils.utils][INFO] - Enforcing tags! <cfg.extras.enforce_tags=True>
[2025-09-14 02:03:57,902][src.utils.utils][INFO] - Printing config tree with Rich! <cfg.extras.print_config=True>
[2025-09-14 02:03:57,960][__main__][INFO] - Instantiating datamodule <src.datamodules.SLE_datamodule_cos_knn_graph.SLEGraphDataModule>
[2025-09-14 02:03:58,016][numexpr.utils][INFO] - Note: NumExpr detected 20 cores but "NUMEXPR_MAX_THREADS" not set, so enforcing safe limit of 8.
[2025-09-14 02:03:58,016][numexpr.utils][INFO] - NumExpr defaulting to 8 threads.
[2025-09-14 02:03:58,459][src.datamodules.SLE_datamodule_cos_knn_graph][INFO] - Load data file from C:\Users\Administrator\Desktop\1PAPER\6_GCOM/data//SLE\processed\cos_knn_graph_data_23.pt
[2025-09-14 02:03:58,461][src.datamodules.SLE_datamodule_cos_knn_graph][INFO] - Data loading is done.
[2025-09-14 02:03:58,461][src.datamodules.SLE_datamodule_cos_knn_graph][INFO] - Data(x=[97, 4], edge_index=[2, 2231], y=[97, 2], reference_point=[2], train_mask=[97], val_mask=[97], test_mask=[97], x_dim=4)
[2025-09-14 02:03:58,463][__main__][INFO] - Instantiating model <src.models.gconvloc_localize_module_sle.LocalizationModule>
[2025-09-14 02:03:58,698][__main__][INFO] - Instantiating callbacks...
[2025-09-14 02:03:58,699][src.utils.utils][INFO] - Instantiating callback <pytorch_lightning.callbacks.ModelCheckpoint>
[2025-09-14 02:03:58,702][src.utils.utils][INFO] - Instantiating callback <pytorch_lightning.callbacks.EarlyStopping>
[2025-09-14 02:03:58,703][src.utils.utils][INFO] - Instantiating callback <pytorch_lightning.callbacks.RichModelSummary>
[2025-09-14 02:03:58,704][__main__][INFO] - Instantiating loggers...
[2025-09-14 02:03:58,704][src.utils.utils][INFO] - Instantiating logger <pytorch_lightning.loggers.csv_logs.CSVLogger>
[2025-09-14 02:03:58,705][src.utils.utils][INFO] - Instantiating logger <pytorch_lightning.loggers.tensorboard.TensorBoardLogger>
[2025-09-14 02:03:58,707][src.utils.utils][INFO] - Instantiating logger <pytorch_lightning.loggers.wandb.WandbLogger>
[2025-09-14 02:04:22,328][__main__][INFO] - Instantiating trainer <pytorch_lightning.Trainer>
[2025-09-14 02:04:22,338][__main__][INFO] - Logging hyperparameters!
[2025-09-14 02:04:22,354][__main__][INFO] - Starting training!
[2025-09-14 02:04:25,348][__main__][INFO] - Total training time: 2.99 seconds
[2025-09-14 02:04:25,349][__main__][INFO] - Starting testing!
[2025-09-14 02:04:25,621][__main__][INFO] - Total testing time: 0.27 seconds
[2025-09-14 02:04:25,622][__main__][INFO] - Best ckpt path: C:\Users\Administrator\Desktop\1PAPER\6_GCOM\logs\train\runs\2025-09-14_02-03-57/checkpoints\epoch_022.ckpt
[2025-09-14 02:04:25,624][src.utils.utils][INFO] - Closing loggers...
[2025-09-14 02:04:25,625][src.utils.utils][INFO] - Closing wandb!
[2025-09-14 02:04:28,133][src.utils.utils][INFO] - Output dir: C:\Users\Administrator\Desktop\1PAPER\6_GCOM\logs\train\runs\2025-09-14_02-03-57
[2025-09-14 02:04:28,133][src.utils.utils][INFO] - Metric name is None! Skipping metric value retrieval...
[2025-09-14 02:04:28,133][__main__][INFO] - Summary: Training time = 2.99 seconds, Testing time = 0.27 seconds
[2025-09-14 02:10:45,849][src.utils.utils][INFO] - Enforcing tags! <cfg.extras.enforce_tags=True>
[2025-09-14 02:10:45,857][src.utils.utils][INFO] - Printing config tree with Rich! <cfg.extras.print_config=True>
[2025-09-14 02:10:45,922][__main__][INFO] - Instantiating datamodule <src.datamodules.SLE_datamodule_cos_knn_graph.SLEGraphDataModule>
[2025-09-14 02:10:45,974][numexpr.utils][INFO] - Note: NumExpr detected 20 cores but "NUMEXPR_MAX_THREADS" not set, so enforcing safe limit of 8.
[2025-09-14 02:10:45,974][numexpr.utils][INFO] - NumExpr defaulting to 8 threads.
[2025-09-14 02:10:46,433][src.datamodules.SLE_datamodule_cos_knn_graph][INFO] - Data file C:\Users\Administrator\Desktop\1PAPER\6_GCOM/data//SLE\processed\cos_knn_graph_data_23.pt does not exists, configure data from raw files
[2025-09-14 02:10:46,441][src.datamodules.SLE_datamodule_cos_knn_graph][INFO] - Data object is created.
[2025-09-14 02:10:46,443][src.datamodules.SLE_datamodule_cos_knn_graph][INFO] - Data file saved at C:\Users\Administrator\Desktop\1PAPER\6_GCOM/data//SLE\processed\cos_knn_graph_data_23.pt.
[2025-09-14 02:10:46,444][src.datamodules.SLE_datamodule_cos_knn_graph][INFO] - Data loading is done.
[2025-09-14 02:10:46,444][src.datamodules.SLE_datamodule_cos_knn_graph][INFO] - Data(x=[97, 4], edge_index=[2, 2231], y=[97, 2], reference_point=[2], train_mask=[97], val_mask=[97], test_mask=[97], x_dim=4)
[2025-09-14 02:10:46,446][__main__][INFO] - Instantiating model <src.models.gconvloc_localize_module_sle.LocalizationModule>
[2025-09-14 02:10:46,683][__main__][INFO] - Instantiating callbacks...
[2025-09-14 02:10:46,684][src.utils.utils][INFO] - Instantiating callback <pytorch_lightning.callbacks.ModelCheckpoint>
[2025-09-14 02:10:46,687][src.utils.utils][INFO] - Instantiating callback <pytorch_lightning.callbacks.EarlyStopping>
[2025-09-14 02:10:46,688][src.utils.utils][INFO] - Instantiating callback <pytorch_lightning.callbacks.RichModelSummary>
[2025-09-14 02:10:46,689][__main__][INFO] - Instantiating loggers...
[2025-09-14 02:10:46,689][src.utils.utils][INFO] - Instantiating logger <pytorch_lightning.loggers.csv_logs.CSVLogger>
[2025-09-14 02:10:46,690][src.utils.utils][INFO] - Instantiating logger <pytorch_lightning.loggers.tensorboard.TensorBoardLogger>
[2025-09-14 02:10:46,692][src.utils.utils][INFO] - Instantiating logger <pytorch_lightning.loggers.wandb.WandbLogger>
[2025-09-14 02:10:58,638][__main__][INFO] - Instantiating trainer <pytorch_lightning.Trainer>
[2025-09-14 02:10:58,650][__main__][INFO] - Logging hyperparameters!
[2025-09-14 02:10:58,667][__main__][INFO] - Starting training!
[2025-09-14 02:11:01,878][__main__][INFO] - Total training time: 3.21 seconds
[2025-09-14 02:11:01,879][__main__][INFO] - Starting testing!
[2025-09-14 02:11:02,180][__main__][INFO] - Total testing time: 0.30 seconds
[2025-09-14 02:11:02,181][__main__][INFO] - Best ckpt path: C:\Users\Administrator\Desktop\1PAPER\6_GCOM\logs\train\runs\2025-09-14_02-10-45/checkpoints\epoch_023.ckpt
[2025-09-14 02:11:02,182][src.utils.utils][INFO] - Closing loggers...
[2025-09-14 02:11:02,182][src.utils.utils][INFO] - Closing wandb!
[2025-09-14 02:11:12,343][src.utils.utils][INFO] - Output dir: C:\Users\Administrator\Desktop\1PAPER\6_GCOM\logs\train\runs\2025-09-14_02-10-45
[2025-09-14 02:11:12,343][src.utils.utils][INFO] - Metric name is None! Skipping metric value retrieval...
[2025-09-14 02:11:12,344][__main__][INFO] - Summary: Training time = 3.21 seconds, Testing time = 0.30 seconds
[2025-09-14 02:14:06,594][src.utils.utils][INFO] - Enforcing tags! <cfg.extras.enforce_tags=True>
[2025-09-14 02:14:06,599][src.utils.utils][INFO] - Printing config tree with Rich! <cfg.extras.print_config=True>
[2025-09-14 02:14:06,655][__main__][INFO] - Instantiating datamodule <src.datamodules.SLE_datamodule_cos_knn_graph.SLEGraphDataModule>
[2025-09-14 02:14:06,706][numexpr.utils][INFO] - Note: NumExpr detected 20 cores but "NUMEXPR_MAX_THREADS" not set, so enforcing safe limit of 8.
[2025-09-14 02:14:06,706][numexpr.utils][INFO] - NumExpr defaulting to 8 threads.
[2025-09-14 02:14:07,149][src.datamodules.SLE_datamodule_cos_knn_graph][INFO] - Load data file from C:\Users\Administrator\Desktop\1PAPER\6_GCOM/data//SLE\processed\cos_knn_graph_data_23.pt
[2025-09-14 02:14:07,150][src.datamodules.SLE_datamodule_cos_knn_graph][INFO] - Data loading is done.
[2025-09-14 02:14:07,151][src.datamodules.SLE_datamodule_cos_knn_graph][INFO] - Data(x=[97, 4], edge_index=[2, 2231], y=[97, 2], reference_point=[2], train_mask=[97], val_mask=[97], test_mask=[97], x_dim=4)
[2025-09-14 02:14:07,152][__main__][INFO] - Instantiating model <src.models.gconvloc_localize_module_sle.LocalizationModule>
[2025-09-14 02:14:07,382][__main__][INFO] - Instantiating callbacks...
[2025-09-14 02:14:07,382][src.utils.utils][INFO] - Instantiating callback <pytorch_lightning.callbacks.ModelCheckpoint>
[2025-09-14 02:14:07,386][src.utils.utils][INFO] - Instantiating callback <pytorch_lightning.callbacks.EarlyStopping>
[2025-09-14 02:14:07,387][src.utils.utils][INFO] - Instantiating callback <pytorch_lightning.callbacks.RichModelSummary>
[2025-09-14 02:14:07,387][__main__][INFO] - Instantiating loggers...
[2025-09-14 02:14:07,388][src.utils.utils][INFO] - Instantiating logger <pytorch_lightning.loggers.csv_logs.CSVLogger>
[2025-09-14 02:14:07,389][src.utils.utils][INFO] - Instantiating logger <pytorch_lightning.loggers.tensorboard.TensorBoardLogger>
[2025-09-14 02:14:07,391][src.utils.utils][INFO] - Instantiating logger <pytorch_lightning.loggers.wandb.WandbLogger>
[2025-09-14 02:14:30,606][__main__][INFO] - Instantiating trainer <pytorch_lightning.Trainer>
[2025-09-14 02:14:30,616][__main__][INFO] - Logging hyperparameters!
[2025-09-14 02:14:30,634][__main__][INFO] - Starting training!
[2025-09-14 02:14:33,697][__main__][INFO] - Total training time: 3.06 seconds
[2025-09-14 02:14:33,698][__main__][INFO] - Starting testing!
[2025-09-14 02:14:33,988][__main__][INFO] - Total testing time: 0.29 seconds
[2025-09-14 02:14:33,989][__main__][INFO] - Best ckpt path: C:\Users\Administrator\Desktop\1PAPER\6_GCOM\logs\train\runs\2025-09-14_02-14-06/checkpoints\epoch_023.ckpt
[2025-09-14 02:14:33,990][src.utils.utils][INFO] - Closing loggers...
[2025-09-14 02:14:33,991][src.utils.utils][INFO] - Closing wandb!
[2025-09-14 02:14:36,285][src.utils.utils][INFO] - Output dir: C:\Users\Administrator\Desktop\1PAPER\6_GCOM\logs\train\runs\2025-09-14_02-14-06
[2025-09-14 02:14:36,285][src.utils.utils][INFO] - Metric name is None! Skipping metric value retrieval...
[2025-09-14 02:14:36,285][__main__][INFO] - Summary: Training time = 3.06 seconds, Testing time = 0.29 seconds
[2025-09-14 02:14:58,559][src.utils.utils][INFO] - Enforcing tags! <cfg.extras.enforce_tags=True>
[2025-09-14 02:14:58,564][src.utils.utils][INFO] - Printing config tree with Rich! <cfg.extras.print_config=True>
[2025-09-14 02:14:58,623][__main__][INFO] - Instantiating datamodule <src.datamodules.SLE_datamodule_cos_knn_graph.SLEGraphDataModule>
[2025-09-14 02:14:58,671][numexpr.utils][INFO] - Note: NumExpr detected 20 cores but "NUMEXPR_MAX_THREADS" not set, so enforcing safe limit of 8.
[2025-09-14 02:14:58,672][numexpr.utils][INFO] - NumExpr defaulting to 8 threads.
[2025-09-14 02:14:59,116][src.datamodules.SLE_datamodule_cos_knn_graph][INFO] - Data file C:\Users\Administrator\Desktop\1PAPER\6_GCOM/data//SLE\processed\cos_knn_graph_data_23.pt does not exists, configure data from raw files
[2025-09-14 02:14:59,123][src.datamodules.SLE_datamodule_cos_knn_graph][INFO] - Data object is created.
[2025-09-14 02:14:59,125][src.datamodules.SLE_datamodule_cos_knn_graph][INFO] - Data file saved at C:\Users\Administrator\Desktop\1PAPER\6_GCOM/data//SLE\processed\cos_knn_graph_data_23.pt.
[2025-09-14 02:14:59,126][src.datamodules.SLE_datamodule_cos_knn_graph][INFO] - Data loading is done.
[2025-09-14 02:14:59,126][src.datamodules.SLE_datamodule_cos_knn_graph][INFO] - Data(x=[97, 4], edge_index=[2, 2231], y=[97, 2], reference_point=[2], train_mask=[97], val_mask=[97], test_mask=[97], x_dim=4)
[2025-09-14 02:14:59,127][__main__][INFO] - Instantiating model <src.models.gconvloc_localize_module_sle.LocalizationModule>
[2025-09-14 02:14:59,358][__main__][INFO] - Instantiating callbacks...
[2025-09-14 02:14:59,359][src.utils.utils][INFO] - Instantiating callback <pytorch_lightning.callbacks.ModelCheckpoint>
[2025-09-14 02:14:59,362][src.utils.utils][INFO] - Instantiating callback <pytorch_lightning.callbacks.EarlyStopping>
[2025-09-14 02:14:59,363][src.utils.utils][INFO] - Instantiating callback <pytorch_lightning.callbacks.RichModelSummary>
[2025-09-14 02:14:59,364][__main__][INFO] - Instantiating loggers...
[2025-09-14 02:14:59,364][src.utils.utils][INFO] - Instantiating logger <pytorch_lightning.loggers.csv_logs.CSVLogger>
[2025-09-14 02:14:59,366][src.utils.utils][INFO] - Instantiating logger <pytorch_lightning.loggers.tensorboard.TensorBoardLogger>
[2025-09-14 02:14:59,368][src.utils.utils][INFO] - Instantiating logger <pytorch_lightning.loggers.wandb.WandbLogger>
[2025-09-14 02:15:11,573][__main__][INFO] - Instantiating trainer <pytorch_lightning.Trainer>
[2025-09-14 02:15:11,584][__main__][INFO] - Logging hyperparameters!
[2025-09-14 02:15:11,600][__main__][INFO] - Starting training!
[2025-09-14 02:15:14,838][__main__][INFO] - Total training time: 3.24 seconds
[2025-09-14 02:15:14,840][__main__][INFO] - Starting testing!
[2025-09-14 02:15:15,069][__main__][INFO] - Total testing time: 0.23 seconds
[2025-09-14 02:15:15,070][__main__][INFO] - Best ckpt path: C:\Users\Administrator\Desktop\1PAPER\6_GCOM\logs\train\runs\2025-09-14_02-14-58/checkpoints\epoch_023.ckpt
[2025-09-14 02:15:15,071][src.utils.utils][INFO] - Closing loggers...
[2025-09-14 02:15:15,072][src.utils.utils][INFO] - Closing wandb!
[2025-09-14 02:15:17,291][src.utils.utils][INFO] - Output dir: C:\Users\Administrator\Desktop\1PAPER\6_GCOM\logs\train\runs\2025-09-14_02-14-58
[2025-09-14 02:15:17,292][src.utils.utils][INFO] - Metric name is None! Skipping metric value retrieval...
[2025-09-14 02:15:17,292][__main__][INFO] - Summary: Training time = 3.24 seconds, Testing time = 0.23 seconds
[2025-09-14 02:15:51,996][src.utils.utils][INFO] - Enforcing tags! <cfg.extras.enforce_tags=True>
[2025-09-14 02:15:52,001][src.utils.utils][INFO] - Printing config tree with Rich! <cfg.extras.print_config=True>
[2025-09-14 02:15:52,056][__main__][INFO] - Instantiating datamodule <src.datamodules.SLE_datamodule_cos_knn_graph.SLEGraphDataModule>
[2025-09-14 02:15:52,105][numexpr.utils][INFO] - Note: NumExpr detected 20 cores but "NUMEXPR_MAX_THREADS" not set, so enforcing safe limit of 8.
[2025-09-14 02:15:52,105][numexpr.utils][INFO] - NumExpr defaulting to 8 threads.
[2025-09-14 02:15:52,541][src.datamodules.SLE_datamodule_cos_knn_graph][INFO] - Data file C:\Users\Administrator\Desktop\1PAPER\6_GCOM/data//SLE\processed\cos_knn_graph_data_23.pt does not exists, configure data from raw files
[2025-09-14 02:15:52,548][src.datamodules.SLE_datamodule_cos_knn_graph][INFO] - Data object is created.
[2025-09-14 02:15:52,550][src.datamodules.SLE_datamodule_cos_knn_graph][INFO] - Data file saved at C:\Users\Administrator\Desktop\1PAPER\6_GCOM/data//SLE\processed\cos_knn_graph_data_23.pt.
[2025-09-14 02:15:52,551][src.datamodules.SLE_datamodule_cos_knn_graph][INFO] - Data loading is done.
[2025-09-14 02:15:52,551][src.datamodules.SLE_datamodule_cos_knn_graph][INFO] - Data(x=[97, 4], edge_index=[2, 2231], y=[97, 2], reference_point=[2], train_mask=[97], val_mask=[97], test_mask=[97], x_dim=4)
[2025-09-14 02:15:52,552][__main__][INFO] - Instantiating model <src.models.gconvloc_localize_module_sle.LocalizationModule>
[2025-09-14 02:15:52,787][__main__][INFO] - Instantiating callbacks...
[2025-09-14 02:15:52,788][src.utils.utils][INFO] - Instantiating callback <pytorch_lightning.callbacks.ModelCheckpoint>
[2025-09-14 02:15:52,791][src.utils.utils][INFO] - Instantiating callback <pytorch_lightning.callbacks.EarlyStopping>
[2025-09-14 02:15:52,792][src.utils.utils][INFO] - Instantiating callback <pytorch_lightning.callbacks.RichModelSummary>
[2025-09-14 02:15:52,793][__main__][INFO] - Instantiating loggers...
[2025-09-14 02:15:52,793][src.utils.utils][INFO] - Instantiating logger <pytorch_lightning.loggers.csv_logs.CSVLogger>
[2025-09-14 02:15:52,794][src.utils.utils][INFO] - Instantiating logger <pytorch_lightning.loggers.tensorboard.TensorBoardLogger>
[2025-09-14 02:15:52,796][src.utils.utils][INFO] - Instantiating logger <pytorch_lightning.loggers.wandb.WandbLogger>
[2025-09-14 02:16:04,845][__main__][INFO] - Instantiating trainer <pytorch_lightning.Trainer>
[2025-09-14 02:16:04,858][__main__][INFO] - Logging hyperparameters!
[2025-09-14 02:16:04,874][__main__][INFO] - Starting training!
[2025-09-14 02:16:17,099][__main__][INFO] - Total training time: 12.22 seconds
[2025-09-14 02:16:17,100][__main__][INFO] - Starting testing!
[2025-09-14 02:16:17,334][__main__][INFO] - Total testing time: 0.23 seconds
[2025-09-14 02:16:17,335][__main__][INFO] - Best ckpt path: C:\Users\Administrator\Desktop\1PAPER\6_GCOM\logs\train\runs\2025-09-14_02-15-51/checkpoints\epoch_145.ckpt
[2025-09-14 02:16:17,337][src.utils.utils][INFO] - Closing loggers...
[2025-09-14 02:16:17,337][src.utils.utils][INFO] - Closing wandb!
[2025-09-14 02:16:20,305][src.utils.utils][INFO] - Output dir: C:\Users\Administrator\Desktop\1PAPER\6_GCOM\logs\train\runs\2025-09-14_02-15-51
[2025-09-14 02:16:20,305][src.utils.utils][INFO] - Metric name is None! Skipping metric value retrieval...
[2025-09-14 02:16:20,306][__main__][INFO] - Summary: Training time = 12.22 seconds, Testing time = 0.23 seconds
[2025-09-14 22:12:08,245][src.utils.utils][INFO] - Enforcing tags! <cfg.extras.enforce_tags=True>
[2025-09-14 22:12:08,250][src.utils.utils][INFO] - Printing config tree with Rich! <cfg.extras.print_config=True>
[2025-09-14 22:12:08,324][__main__][INFO] - Instantiating datamodule <src.datamodules.SLE_datamodule_cos_knn_graph.SLEGraphDataModule>
[2025-09-14 22:12:08,393][numexpr.utils][INFO] - Note: NumExpr detected 20 cores but "NUMEXPR_MAX_THREADS" not set, so enforcing safe limit of 8.
[2025-09-14 22:12:08,393][numexpr.utils][INFO] - NumExpr defaulting to 8 threads.
[2025-09-14 22:12:08,899][src.datamodules.SLE_datamodule_cos_knn_graph][INFO] - Data file C:\Users\Administrator\Desktop\1PAPER\6_GCOM/data//SLE\processed\cos_knn_graph_data_23.pt does not exists, configure data from raw files
[2025-09-14 22:12:08,907][src.datamodules.SLE_datamodule_cos_knn_graph][INFO] - Data object is created.
[2025-09-14 22:12:08,908][src.datamodules.SLE_datamodule_cos_knn_graph][INFO] - Data file saved at C:\Users\Administrator\Desktop\1PAPER\6_GCOM/data//SLE\processed\cos_knn_graph_data_23.pt.
[2025-09-14 22:12:08,909][src.datamodules.SLE_datamodule_cos_knn_graph][INFO] - Data loading is done.
[2025-09-14 22:12:08,909][src.datamodules.SLE_datamodule_cos_knn_graph][INFO] - Data(x=[97, 4], edge_index=[2, 2231], y=[97, 2], reference_point=[2], train_mask=[97], val_mask=[97], test_mask=[97], x_dim=4)
[2025-09-14 22:12:08,910][__main__][INFO] - Instantiating model <src.models.gconvloc_localize_module_sle.LocalizationModule>
[2025-09-14 22:12:09,165][__main__][INFO] - Instantiating callbacks...
[2025-09-14 22:12:09,165][src.utils.utils][INFO] - Instantiating callback <pytorch_lightning.callbacks.ModelCheckpoint>
[2025-09-14 22:12:09,171][src.utils.utils][INFO] - Instantiating callback <pytorch_lightning.callbacks.EarlyStopping>
[2025-09-14 22:12:09,172][src.utils.utils][INFO] - Instantiating callback <pytorch_lightning.callbacks.RichModelSummary>
[2025-09-14 22:12:09,173][__main__][INFO] - Instantiating loggers...
[2025-09-14 22:12:09,173][src.utils.utils][INFO] - Instantiating logger <pytorch_lightning.loggers.csv_logs.CSVLogger>
[2025-09-14 22:12:09,174][src.utils.utils][INFO] - Instantiating logger <pytorch_lightning.loggers.tensorboard.TensorBoardLogger>
[2025-09-14 22:12:09,176][src.utils.utils][INFO] - Instantiating logger <pytorch_lightning.loggers.wandb.WandbLogger>
[2025-09-14 22:12:32,352][__main__][INFO] - Instantiating trainer <pytorch_lightning.Trainer>
[2025-09-14 22:12:32,365][__main__][INFO] - Logging hyperparameters!
[2025-09-14 22:12:32,382][__main__][INFO] - Starting training!
[2025-09-14 22:12:45,507][__main__][INFO] - Total training time: 13.12 seconds
[2025-09-14 22:12:45,511][__main__][INFO] - Starting testing!
[2025-09-14 22:12:45,837][__main__][INFO] - Total testing time: 0.32 seconds
[2025-09-14 22:12:45,837][__main__][INFO] - Best ckpt path: C:\Users\Administrator\Desktop\1PAPER\6_GCOM\logs\train\runs\2025-09-14_22-12-08/checkpoints\epoch_145.ckpt
[2025-09-14 22:12:45,838][src.utils.utils][INFO] - Closing loggers...
[2025-09-14 22:12:45,840][src.utils.utils][INFO] - Closing wandb!
[2025-09-14 22:12:48,957][src.utils.utils][INFO] - Output dir: C:\Users\Administrator\Desktop\1PAPER\6_GCOM\logs\train\runs\2025-09-14_22-12-08
[2025-09-14 22:12:48,959][src.utils.utils][INFO] - Metric name is None! Skipping metric value retrieval...
[2025-09-14 22:12:48,959][__main__][INFO] - Summary: Training time = 13.12 seconds, Testing time = 0.32 seconds
[2025-09-14 22:18:38,447][src.utils.utils][INFO] - Enforcing tags! <cfg.extras.enforce_tags=True>
[2025-09-14 22:18:38,453][src.utils.utils][INFO] - Printing config tree with Rich! <cfg.extras.print_config=True>
[2025-09-14 22:18:38,513][__main__][INFO] - Instantiating datamodule <src.datamodules.SLE_datamodule_cos_knn_graph.SLEGraphDataModule>
[2025-09-14 22:18:38,563][numexpr.utils][INFO] - Note: NumExpr detected 20 cores but "NUMEXPR_MAX_THREADS" not set, so enforcing safe limit of 8.
[2025-09-14 22:18:38,564][numexpr.utils][INFO] - NumExpr defaulting to 8 threads.
[2025-09-14 22:18:39,031][src.datamodules.SLE_datamodule_cos_knn_graph][INFO] - Data file C:\Users\Administrator\Desktop\1PAPER\6_GCOM/data//SLE\processed\cos_knn_graph_data_23.pt does not exists, configure data from raw files
[2025-09-14 22:18:39,039][src.datamodules.SLE_datamodule_cos_knn_graph][INFO] - Data object is created.
[2025-09-14 22:18:39,040][src.datamodules.SLE_datamodule_cos_knn_graph][INFO] - Data file saved at C:\Users\Administrator\Desktop\1PAPER\6_GCOM/data//SLE\processed\cos_knn_graph_data_23.pt.
[2025-09-14 22:18:39,041][src.datamodules.SLE_datamodule_cos_knn_graph][INFO] - Data loading is done.
[2025-09-14 22:18:39,041][src.datamodules.SLE_datamodule_cos_knn_graph][INFO] - Data(x=[97, 4], edge_index=[2, 2231], y=[97, 2], reference_point=[2], train_mask=[97], val_mask=[97], test_mask=[97], x_dim=4)
[2025-09-14 22:18:39,043][__main__][INFO] - Instantiating model <src.models.gconvloc_localize_module_sle.LocalizationModule>
[2025-09-14 22:18:39,322][__main__][INFO] - Instantiating callbacks...
[2025-09-14 22:18:39,327][src.utils.utils][INFO] - Instantiating callback <pytorch_lightning.callbacks.ModelCheckpoint>
[2025-09-14 22:18:39,330][src.utils.utils][INFO] - Instantiating callback <pytorch_lightning.callbacks.EarlyStopping>
[2025-09-14 22:18:39,331][src.utils.utils][INFO] - Instantiating callback <pytorch_lightning.callbacks.RichModelSummary>
[2025-09-14 22:18:39,331][__main__][INFO] - Instantiating loggers...
[2025-09-14 22:18:39,332][src.utils.utils][INFO] - Instantiating logger <pytorch_lightning.loggers.csv_logs.CSVLogger>
[2025-09-14 22:18:39,333][src.utils.utils][INFO] - Instantiating logger <pytorch_lightning.loggers.tensorboard.TensorBoardLogger>
[2025-09-14 22:18:39,335][src.utils.utils][INFO] - Instantiating logger <pytorch_lightning.loggers.wandb.WandbLogger>
[2025-09-14 22:18:52,275][__main__][INFO] - Instantiating trainer <pytorch_lightning.Trainer>
[2025-09-14 22:18:52,286][__main__][INFO] - Logging hyperparameters!
[2025-09-14 22:18:52,303][__main__][INFO] - Starting training!
[2025-09-14 22:19:05,126][__main__][INFO] - Total training time: 12.82 seconds
[2025-09-14 22:19:05,127][__main__][INFO] - Starting testing!
[2025-09-14 22:19:05,367][src.utils.utils][ERROR] - 
Traceback (most recent call last):
  File "C:\Users\Administrator\Desktop\1PAPER\6_GCOM\src\utils\utils.py", line 42, in wrap
    metric_dict, object_dict = task_func(cfg=cfg)
  File "src/train.py", line 81, in train
    trainer.test(model=model, datamodule=datamodule, ckpt_path=ckpt_path)
  File "C:\ProgramData\anaconda3\envs\gconvloc\lib\site-packages\pytorch_lightning\trainer\trainer.py", line 862, in test
    return self._call_and_handle_interrupt(self._test_impl, model, dataloaders, ckpt_path, verbose, datamodule)
  File "C:\ProgramData\anaconda3\envs\gconvloc\lib\site-packages\pytorch_lightning\trainer\trainer.py", line 650, in _call_and_handle_interrupt
    return trainer_fn(*args, **kwargs)
  File "C:\ProgramData\anaconda3\envs\gconvloc\lib\site-packages\pytorch_lightning\trainer\trainer.py", line 909, in _test_impl
    results = self._run(model, ckpt_path=self.ckpt_path)
  File "C:\ProgramData\anaconda3\envs\gconvloc\lib\site-packages\pytorch_lightning\trainer\trainer.py", line 1166, in _run
    results = self._run_stage()
  File "C:\ProgramData\anaconda3\envs\gconvloc\lib\site-packages\pytorch_lightning\trainer\trainer.py", line 1249, in _run_stage
    return self._run_evaluate()
  File "C:\ProgramData\anaconda3\envs\gconvloc\lib\site-packages\pytorch_lightning\trainer\trainer.py", line 1295, in _run_evaluate
    eval_loop_results = self._evaluation_loop.run()
  File "C:\ProgramData\anaconda3\envs\gconvloc\lib\site-packages\pytorch_lightning\loops\loop.py", line 207, in run
    output = self.on_run_end()
  File "C:\ProgramData\anaconda3\envs\gconvloc\lib\site-packages\pytorch_lightning\loops\dataloader\evaluation_loop.py", line 183, in on_run_end
    self._evaluation_epoch_end(self._outputs)
  File "C:\ProgramData\anaconda3\envs\gconvloc\lib\site-packages\pytorch_lightning\loops\dataloader\evaluation_loop.py", line 293, in _evaluation_epoch_end
    self.trainer._call_lightning_module_hook(hook_name, output_or_outputs)
  File "C:\ProgramData\anaconda3\envs\gconvloc\lib\site-packages\pytorch_lightning\trainer\trainer.py", line 1550, in _call_lightning_module_hook
    output = fn(*args, **kwargs)
  File "C:\Users\Administrator\Desktop\1PAPER\6_GCOM\src\models\gconvloc_localize_module_sle.py", line 304, in test_epoch_end
    'test/mean_mae': f"{self.test_mae.compute().item():.4f}",
  File "C:\ProgramData\anaconda3\envs\gconvloc\lib\site-packages\torch\nn\modules\module.py", line 1207, in __getattr__
    raise AttributeError("'{}' object has no attribute '{}'".format(
AttributeError: 'LocalizationModule' object has no attribute 'test_mae'
[2025-09-14 22:19:05,374][src.utils.utils][INFO] - Closing loggers...
[2025-09-14 22:19:05,374][src.utils.utils][INFO] - Closing wandb!
[2025-09-14 22:23:29,984][src.utils.utils][INFO] - Enforcing tags! <cfg.extras.enforce_tags=True>
[2025-09-14 22:23:29,989][src.utils.utils][INFO] - Printing config tree with Rich! <cfg.extras.print_config=True>
[2025-09-14 22:23:30,048][__main__][INFO] - Instantiating datamodule <src.datamodules.SLE_datamodule_cos_knn_graph.SLEGraphDataModule>
[2025-09-14 22:23:30,093][numexpr.utils][INFO] - Note: NumExpr detected 20 cores but "NUMEXPR_MAX_THREADS" not set, so enforcing safe limit of 8.
[2025-09-14 22:23:30,093][numexpr.utils][INFO] - NumExpr defaulting to 8 threads.
[2025-09-14 22:23:30,547][src.datamodules.SLE_datamodule_cos_knn_graph][INFO] - Data file C:\Users\Administrator\Desktop\1PAPER\6_GCOM/data//SLE\processed\cos_knn_graph_data_23.pt does not exists, configure data from raw files
[2025-09-14 22:23:30,555][src.datamodules.SLE_datamodule_cos_knn_graph][INFO] - Data object is created.
[2025-09-14 22:23:30,556][src.datamodules.SLE_datamodule_cos_knn_graph][INFO] - Data file saved at C:\Users\Administrator\Desktop\1PAPER\6_GCOM/data//SLE\processed\cos_knn_graph_data_23.pt.
[2025-09-14 22:23:30,557][src.datamodules.SLE_datamodule_cos_knn_graph][INFO] - Data loading is done.
[2025-09-14 22:23:30,557][src.datamodules.SLE_datamodule_cos_knn_graph][INFO] - Data(x=[97, 4], edge_index=[2, 2231], y=[97, 2], reference_point=[2], train_mask=[97], val_mask=[97], test_mask=[97], x_dim=4)
[2025-09-14 22:23:30,557][__main__][INFO] - Instantiating model <src.models.gconvloc_localize_module_sle.LocalizationModule>
[2025-09-14 22:23:30,800][__main__][INFO] - Instantiating callbacks...
[2025-09-14 22:23:30,800][src.utils.utils][INFO] - Instantiating callback <pytorch_lightning.callbacks.ModelCheckpoint>
[2025-09-14 22:23:30,804][src.utils.utils][INFO] - Instantiating callback <pytorch_lightning.callbacks.EarlyStopping>
[2025-09-14 22:23:30,805][src.utils.utils][INFO] - Instantiating callback <pytorch_lightning.callbacks.RichModelSummary>
[2025-09-14 22:23:30,806][__main__][INFO] - Instantiating loggers...
[2025-09-14 22:23:30,806][src.utils.utils][INFO] - Instantiating logger <pytorch_lightning.loggers.csv_logs.CSVLogger>
[2025-09-14 22:23:30,807][src.utils.utils][INFO] - Instantiating logger <pytorch_lightning.loggers.tensorboard.TensorBoardLogger>
[2025-09-14 22:23:30,809][src.utils.utils][INFO] - Instantiating logger <pytorch_lightning.loggers.wandb.WandbLogger>
[2025-09-14 22:23:53,948][__main__][INFO] - Instantiating trainer <pytorch_lightning.Trainer>
[2025-09-14 22:23:53,959][__main__][INFO] - Logging hyperparameters!
[2025-09-14 22:23:53,975][__main__][INFO] - Starting training!
[2025-09-14 22:24:06,592][__main__][INFO] - Total training time: 12.62 seconds
[2025-09-14 22:24:06,593][__main__][INFO] - Starting testing!
[2025-09-14 22:24:06,816][__main__][INFO] - Total testing time: 0.22 seconds
[2025-09-14 22:24:06,817][__main__][INFO] - Best ckpt path: C:\Users\Administrator\Desktop\1PAPER\6_GCOM\logs\train\runs\2025-09-14_22-23-29/checkpoints\epoch_145.ckpt
[2025-09-14 22:24:06,819][src.utils.utils][INFO] - Closing loggers...
[2025-09-14 22:24:06,820][src.utils.utils][INFO] - Closing wandb!
[2025-09-14 22:24:09,678][src.utils.utils][INFO] - Output dir: C:\Users\Administrator\Desktop\1PAPER\6_GCOM\logs\train\runs\2025-09-14_22-23-29
[2025-09-14 22:24:09,678][src.utils.utils][INFO] - Metric name is None! Skipping metric value retrieval...
[2025-09-14 22:24:09,679][__main__][INFO] - Summary: Training time = 12.62 seconds, Testing time = 0.22 seconds
[2025-09-14 22:28:17,550][src.utils.utils][INFO] - Enforcing tags! <cfg.extras.enforce_tags=True>
[2025-09-14 22:28:17,555][src.utils.utils][INFO] - Printing config tree with Rich! <cfg.extras.print_config=True>
[2025-09-14 22:28:17,619][__main__][INFO] - Instantiating datamodule <src.datamodules.SLE_datamodule_cos_knn_graph.SLEGraphDataModule>
[2025-09-14 22:28:17,666][numexpr.utils][INFO] - Note: NumExpr detected 20 cores but "NUMEXPR_MAX_THREADS" not set, so enforcing safe limit of 8.
[2025-09-14 22:28:17,666][numexpr.utils][INFO] - NumExpr defaulting to 8 threads.
[2025-09-14 22:28:18,113][src.datamodules.SLE_datamodule_cos_knn_graph][INFO] - Data file C:\Users\Administrator\Desktop\1PAPER\6_GCOM/data//SLE\processed\cos_knn_graph_data_23.pt does not exists, configure data from raw files
[2025-09-14 22:28:18,122][src.datamodules.SLE_datamodule_cos_knn_graph][INFO] - Data object is created.
[2025-09-14 22:28:18,123][src.datamodules.SLE_datamodule_cos_knn_graph][INFO] - Data file saved at C:\Users\Administrator\Desktop\1PAPER\6_GCOM/data//SLE\processed\cos_knn_graph_data_23.pt.
[2025-09-14 22:28:18,124][src.datamodules.SLE_datamodule_cos_knn_graph][INFO] - Data loading is done.
[2025-09-14 22:28:18,125][src.datamodules.SLE_datamodule_cos_knn_graph][INFO] - Data(x=[97, 4], edge_index=[2, 2231], y=[97, 2], reference_point=[2], train_mask=[97], val_mask=[97], test_mask=[97], x_dim=4)
[2025-09-14 22:28:18,126][__main__][INFO] - Instantiating model <src.models.gconvloc_localize_module_sle.LocalizationModule>
[2025-09-14 22:28:18,374][__main__][INFO] - Instantiating callbacks...
[2025-09-14 22:28:18,374][src.utils.utils][INFO] - Instantiating callback <pytorch_lightning.callbacks.ModelCheckpoint>
[2025-09-14 22:28:18,380][src.utils.utils][INFO] - Instantiating callback <pytorch_lightning.callbacks.EarlyStopping>
[2025-09-14 22:28:18,381][src.utils.utils][INFO] - Instantiating callback <pytorch_lightning.callbacks.RichModelSummary>
[2025-09-14 22:28:18,381][__main__][INFO] - Instantiating loggers...
[2025-09-14 22:28:18,382][src.utils.utils][INFO] - Instantiating logger <pytorch_lightning.loggers.csv_logs.CSVLogger>
[2025-09-14 22:28:18,383][src.utils.utils][INFO] - Instantiating logger <pytorch_lightning.loggers.tensorboard.TensorBoardLogger>
[2025-09-14 22:28:18,385][src.utils.utils][INFO] - Instantiating logger <pytorch_lightning.loggers.wandb.WandbLogger>
[2025-09-14 22:28:30,476][__main__][INFO] - Instantiating trainer <pytorch_lightning.Trainer>
[2025-09-14 22:28:30,489][__main__][INFO] - Logging hyperparameters!
[2025-09-14 22:28:30,505][__main__][INFO] - Starting training!
[2025-09-14 22:28:54,083][__main__][INFO] - Total training time: 23.58 seconds
[2025-09-14 22:28:54,086][__main__][INFO] - Starting testing!
[2025-09-14 22:28:54,357][__main__][INFO] - Total testing time: 0.27 seconds
[2025-09-14 22:28:54,359][__main__][INFO] - Best ckpt path: C:\Users\Administrator\Desktop\1PAPER\6_GCOM\logs\train\runs\2025-09-14_22-28-17/checkpoints\epoch_286.ckpt
[2025-09-14 22:28:54,360][src.utils.utils][INFO] - Closing loggers...
[2025-09-14 22:28:54,361][src.utils.utils][INFO] - Closing wandb!
[2025-09-14 22:28:57,185][src.utils.utils][INFO] - Output dir: C:\Users\Administrator\Desktop\1PAPER\6_GCOM\logs\train\runs\2025-09-14_22-28-17
[2025-09-14 22:28:57,186][src.utils.utils][INFO] - Metric name is None! Skipping metric value retrieval...
[2025-09-14 22:28:57,186][__main__][INFO] - Summary: Training time = 23.58 seconds, Testing time = 0.27 seconds
[2025-09-14 22:31:47,990][src.utils.utils][INFO] - Enforcing tags! <cfg.extras.enforce_tags=True>
[2025-09-14 22:31:47,996][src.utils.utils][INFO] - Printing config tree with Rich! <cfg.extras.print_config=True>
[2025-09-14 22:31:48,055][__main__][INFO] - Instantiating datamodule <src.datamodules.SLE_datamodule_cos_knn_graph.SLEGraphDataModule>
[2025-09-14 22:31:48,108][numexpr.utils][INFO] - Note: NumExpr detected 20 cores but "NUMEXPR_MAX_THREADS" not set, so enforcing safe limit of 8.
[2025-09-14 22:31:48,108][numexpr.utils][INFO] - NumExpr defaulting to 8 threads.
[2025-09-14 22:31:48,579][src.datamodules.SLE_datamodule_cos_knn_graph][INFO] - Data file C:\Users\Administrator\Desktop\1PAPER\6_GCOM/data//SLE\processed\cos_knn_graph_data_23.pt does not exists, configure data from raw files
[2025-09-14 22:31:48,587][src.datamodules.SLE_datamodule_cos_knn_graph][INFO] - Data object is created.
[2025-09-14 22:31:48,589][src.datamodules.SLE_datamodule_cos_knn_graph][INFO] - Data file saved at C:\Users\Administrator\Desktop\1PAPER\6_GCOM/data//SLE\processed\cos_knn_graph_data_23.pt.
[2025-09-14 22:31:48,591][src.datamodules.SLE_datamodule_cos_knn_graph][INFO] - Data loading is done.
[2025-09-14 22:31:48,592][src.datamodules.SLE_datamodule_cos_knn_graph][INFO] - Data(x=[97, 4], edge_index=[2, 2231], y=[97, 2], reference_point=[2], train_mask=[97], val_mask=[97], test_mask=[97], x_dim=4)
[2025-09-14 22:31:48,595][__main__][INFO] - Instantiating model <src.models.gconvloc_localize_module_sle.LocalizationModule>
[2025-09-14 22:31:48,845][__main__][INFO] - Instantiating callbacks...
[2025-09-14 22:31:48,845][src.utils.utils][INFO] - Instantiating callback <pytorch_lightning.callbacks.ModelCheckpoint>
[2025-09-14 22:31:48,845][src.utils.utils][INFO] - Instantiating callback <pytorch_lightning.callbacks.EarlyStopping>
[2025-09-14 22:31:48,845][src.utils.utils][INFO] - Instantiating callback <pytorch_lightning.callbacks.RichModelSummary>
[2025-09-14 22:31:48,850][__main__][INFO] - Instantiating loggers...
[2025-09-14 22:31:48,851][src.utils.utils][INFO] - Instantiating logger <pytorch_lightning.loggers.csv_logs.CSVLogger>
[2025-09-14 22:31:48,852][src.utils.utils][INFO] - Instantiating logger <pytorch_lightning.loggers.tensorboard.TensorBoardLogger>
[2025-09-14 22:31:48,853][src.utils.utils][INFO] - Instantiating logger <pytorch_lightning.loggers.wandb.WandbLogger>
[2025-09-14 22:32:01,652][__main__][INFO] - Instantiating trainer <pytorch_lightning.Trainer>
[2025-09-14 22:32:01,663][__main__][INFO] - Logging hyperparameters!
[2025-09-14 22:32:01,678][__main__][INFO] - Starting training!
[2025-09-14 22:32:19,817][__main__][INFO] - Total training time: 18.14 seconds
[2025-09-14 22:32:19,822][__main__][INFO] - Starting testing!
[2025-09-14 22:32:20,074][__main__][INFO] - Total testing time: 0.25 seconds
[2025-09-14 22:32:20,074][__main__][INFO] - Best ckpt path: C:\Users\Administrator\Desktop\1PAPER\6_GCOM\logs\train\runs\2025-09-14_22-31-47/checkpoints\epoch_216.ckpt
[2025-09-14 22:32:20,075][src.utils.utils][INFO] - Closing loggers...
[2025-09-14 22:32:20,076][src.utils.utils][INFO] - Closing wandb!
[2025-09-14 22:32:22,617][src.utils.utils][INFO] - Output dir: C:\Users\Administrator\Desktop\1PAPER\6_GCOM\logs\train\runs\2025-09-14_22-31-47
[2025-09-14 22:32:22,617][src.utils.utils][INFO] - Metric name is None! Skipping metric value retrieval...
[2025-09-14 22:32:22,617][__main__][INFO] - Summary: Training time = 18.14 seconds, Testing time = 0.25 seconds
[2025-09-14 22:37:31,580][src.utils.utils][INFO] - Enforcing tags! <cfg.extras.enforce_tags=True>
[2025-09-14 22:37:31,585][src.utils.utils][INFO] - Printing config tree with Rich! <cfg.extras.print_config=True>
[2025-09-14 22:37:31,647][__main__][INFO] - Instantiating datamodule <src.datamodules.SLE_datamodule_cos_knn_graph.SLEGraphDataModule>
[2025-09-14 22:37:31,701][numexpr.utils][INFO] - Note: NumExpr detected 20 cores but "NUMEXPR_MAX_THREADS" not set, so enforcing safe limit of 8.
[2025-09-14 22:37:31,701][numexpr.utils][INFO] - NumExpr defaulting to 8 threads.
[2025-09-14 22:37:32,192][src.datamodules.SLE_datamodule_cos_knn_graph][INFO] - Data file C:\Users\Administrator\Desktop\1PAPER\6_GCOM/data//SLE\processed\cos_knn_graph_data_23.pt does not exists, configure data from raw files
[2025-09-14 22:37:32,200][src.datamodules.SLE_datamodule_cos_knn_graph][INFO] - Data object is created.
[2025-09-14 22:37:32,201][src.datamodules.SLE_datamodule_cos_knn_graph][INFO] - Data file saved at C:\Users\Administrator\Desktop\1PAPER\6_GCOM/data//SLE\processed\cos_knn_graph_data_23.pt.
[2025-09-14 22:37:32,202][src.datamodules.SLE_datamodule_cos_knn_graph][INFO] - Data loading is done.
[2025-09-14 22:37:32,202][src.datamodules.SLE_datamodule_cos_knn_graph][INFO] - Data(x=[97, 8], edge_index=[2, 2231], y=[97, 2], reference_point=[2], train_mask=[97], val_mask=[97], test_mask=[97], x_dim=8)
[2025-09-14 22:37:32,204][__main__][INFO] - Instantiating model <src.models.gconvloc_localize_module_sle.LocalizationModule>
[2025-09-14 22:37:32,443][__main__][INFO] - Instantiating callbacks...
[2025-09-14 22:37:32,443][src.utils.utils][INFO] - Instantiating callback <pytorch_lightning.callbacks.ModelCheckpoint>
[2025-09-14 22:37:32,448][src.utils.utils][INFO] - Instantiating callback <pytorch_lightning.callbacks.EarlyStopping>
[2025-09-14 22:37:32,452][src.utils.utils][INFO] - Instantiating callback <pytorch_lightning.callbacks.RichModelSummary>
[2025-09-14 22:37:32,452][__main__][INFO] - Instantiating loggers...
[2025-09-14 22:37:32,453][src.utils.utils][INFO] - Instantiating logger <pytorch_lightning.loggers.csv_logs.CSVLogger>
[2025-09-14 22:37:32,454][src.utils.utils][INFO] - Instantiating logger <pytorch_lightning.loggers.tensorboard.TensorBoardLogger>
[2025-09-14 22:37:32,456][src.utils.utils][INFO] - Instantiating logger <pytorch_lightning.loggers.wandb.WandbLogger>
[2025-09-14 22:37:55,751][__main__][INFO] - Instantiating trainer <pytorch_lightning.Trainer>
[2025-09-14 22:37:55,762][__main__][INFO] - Logging hyperparameters!
[2025-09-14 22:37:55,778][__main__][INFO] - Starting training!
[2025-09-14 22:38:12,322][__main__][INFO] - Total training time: 16.54 seconds
[2025-09-14 22:38:12,323][__main__][INFO] - Starting testing!
[2025-09-14 22:38:12,564][__main__][INFO] - Total testing time: 0.24 seconds
[2025-09-14 22:38:12,564][__main__][INFO] - Best ckpt path: C:\Users\Administrator\Desktop\1PAPER\6_GCOM\logs\train\runs\2025-09-14_22-37-31/checkpoints\epoch_198.ckpt
[2025-09-14 22:38:12,569][src.utils.utils][INFO] - Closing loggers...
[2025-09-14 22:38:12,569][src.utils.utils][INFO] - Closing wandb!
[2025-09-14 22:38:16,575][src.utils.utils][INFO] - Output dir: C:\Users\Administrator\Desktop\1PAPER\6_GCOM\logs\train\runs\2025-09-14_22-37-31
[2025-09-14 22:38:16,575][src.utils.utils][INFO] - Metric name is None! Skipping metric value retrieval...
[2025-09-14 22:38:16,575][__main__][INFO] - Summary: Training time = 16.54 seconds, Testing time = 0.24 seconds
[2025-09-14 22:39:46,685][src.utils.utils][INFO] - Enforcing tags! <cfg.extras.enforce_tags=True>
[2025-09-14 22:39:46,690][src.utils.utils][INFO] - Printing config tree with Rich! <cfg.extras.print_config=True>
[2025-09-14 22:39:46,751][__main__][INFO] - Instantiating datamodule <src.datamodules.SLE_datamodule_cos_knn_graph.SLEGraphDataModule>
[2025-09-14 22:39:46,802][numexpr.utils][INFO] - Note: NumExpr detected 20 cores but "NUMEXPR_MAX_THREADS" not set, so enforcing safe limit of 8.
[2025-09-14 22:39:46,802][numexpr.utils][INFO] - NumExpr defaulting to 8 threads.
[2025-09-14 22:39:47,250][src.datamodules.SLE_datamodule_cos_knn_graph][INFO] - Data file C:\Users\Administrator\Desktop\1PAPER\6_GCOM/data//SLE\processed\cos_knn_graph_data_23.pt does not exists, configure data from raw files
[2025-09-14 22:39:47,261][src.datamodules.SLE_datamodule_cos_knn_graph][INFO] - Data object is created.
[2025-09-14 22:39:47,261][src.datamodules.SLE_datamodule_cos_knn_graph][INFO] - Data file saved at C:\Users\Administrator\Desktop\1PAPER\6_GCOM/data//SLE\processed\cos_knn_graph_data_23.pt.
[2025-09-14 22:39:47,264][src.datamodules.SLE_datamodule_cos_knn_graph][INFO] - Data loading is done.
[2025-09-14 22:39:47,264][src.datamodules.SLE_datamodule_cos_knn_graph][INFO] - Data(x=[97, 8], edge_index=[2, 2231], y=[97, 2], reference_point=[2], train_mask=[97], val_mask=[97], test_mask=[97], x_dim=8)
[2025-09-14 22:39:47,265][__main__][INFO] - Instantiating model <src.models.gconvloc_localize_module_sle.LocalizationModule>
[2025-09-14 22:39:47,516][__main__][INFO] - Instantiating callbacks...
[2025-09-14 22:39:47,516][src.utils.utils][INFO] - Instantiating callback <pytorch_lightning.callbacks.ModelCheckpoint>
[2025-09-14 22:39:47,521][src.utils.utils][INFO] - Instantiating callback <pytorch_lightning.callbacks.EarlyStopping>
[2025-09-14 22:39:47,521][src.utils.utils][INFO] - Instantiating callback <pytorch_lightning.callbacks.RichModelSummary>
[2025-09-14 22:39:47,521][__main__][INFO] - Instantiating loggers...
[2025-09-14 22:39:47,523][src.utils.utils][INFO] - Instantiating logger <pytorch_lightning.loggers.csv_logs.CSVLogger>
[2025-09-14 22:39:47,525][src.utils.utils][INFO] - Instantiating logger <pytorch_lightning.loggers.tensorboard.TensorBoardLogger>
[2025-09-14 22:39:47,527][src.utils.utils][INFO] - Instantiating logger <pytorch_lightning.loggers.wandb.WandbLogger>
[2025-09-14 22:39:59,586][__main__][INFO] - Instantiating trainer <pytorch_lightning.Trainer>
[2025-09-14 22:39:59,599][__main__][INFO] - Logging hyperparameters!
[2025-09-14 22:39:59,615][__main__][INFO] - Starting training!
[2025-09-14 22:40:13,783][__main__][INFO] - Total training time: 14.17 seconds
[2025-09-14 22:40:13,784][__main__][INFO] - Starting testing!
[2025-09-14 22:40:14,013][__main__][INFO] - Total testing time: 0.23 seconds
[2025-09-14 22:40:14,013][__main__][INFO] - Best ckpt path: C:\Users\Administrator\Desktop\1PAPER\6_GCOM\logs\train\runs\2025-09-14_22-39-46/checkpoints\epoch_166.ckpt
[2025-09-14 22:40:14,018][src.utils.utils][INFO] - Closing loggers...
[2025-09-14 22:40:14,019][src.utils.utils][INFO] - Closing wandb!
[2025-09-14 22:40:17,143][src.utils.utils][INFO] - Output dir: C:\Users\Administrator\Desktop\1PAPER\6_GCOM\logs\train\runs\2025-09-14_22-39-46
[2025-09-14 22:40:17,143][src.utils.utils][INFO] - Metric name is None! Skipping metric value retrieval...
[2025-09-14 22:40:17,143][__main__][INFO] - Summary: Training time = 14.17 seconds, Testing time = 0.23 seconds
[2025-09-14 22:42:54,322][src.utils.utils][INFO] - Enforcing tags! <cfg.extras.enforce_tags=True>
[2025-09-14 22:42:54,329][src.utils.utils][INFO] - Printing config tree with Rich! <cfg.extras.print_config=True>
[2025-09-14 22:42:54,384][__main__][INFO] - Instantiating datamodule <src.datamodules.SLE_datamodule_cos_knn_graph.SLEGraphDataModule>
[2025-09-14 22:42:54,431][numexpr.utils][INFO] - Note: NumExpr detected 20 cores but "NUMEXPR_MAX_THREADS" not set, so enforcing safe limit of 8.
[2025-09-14 22:42:54,431][numexpr.utils][INFO] - NumExpr defaulting to 8 threads.
[2025-09-14 22:42:54,880][src.datamodules.SLE_datamodule_cos_knn_graph][INFO] - Data file C:\Users\Administrator\Desktop\1PAPER\6_GCOM/data//SLE\processed\cos_knn_graph_data_23.pt does not exists, configure data from raw files
[2025-09-14 22:42:54,890][src.datamodules.SLE_datamodule_cos_knn_graph][INFO] - Data object is created.
[2025-09-14 22:42:54,893][src.datamodules.SLE_datamodule_cos_knn_graph][INFO] - Data file saved at C:\Users\Administrator\Desktop\1PAPER\6_GCOM/data//SLE\processed\cos_knn_graph_data_23.pt.
[2025-09-14 22:42:54,894][src.datamodules.SLE_datamodule_cos_knn_graph][INFO] - Data loading is done.
[2025-09-14 22:42:54,894][src.datamodules.SLE_datamodule_cos_knn_graph][INFO] - Data(x=[97, 8], edge_index=[2, 2231], y=[97, 2], reference_point=[2], train_mask=[97], val_mask=[97], test_mask=[97], x_dim=8)
[2025-09-14 22:42:54,894][__main__][INFO] - Instantiating model <src.models.gconvloc_localize_module_sle.LocalizationModule>
[2025-09-14 22:42:55,134][__main__][INFO] - Instantiating callbacks...
[2025-09-14 22:42:55,135][src.utils.utils][INFO] - Instantiating callback <pytorch_lightning.callbacks.ModelCheckpoint>
[2025-09-14 22:42:55,138][src.utils.utils][INFO] - Instantiating callback <pytorch_lightning.callbacks.EarlyStopping>
[2025-09-14 22:42:55,139][src.utils.utils][INFO] - Instantiating callback <pytorch_lightning.callbacks.RichModelSummary>
[2025-09-14 22:42:55,140][__main__][INFO] - Instantiating loggers...
[2025-09-14 22:42:55,140][src.utils.utils][INFO] - Instantiating logger <pytorch_lightning.loggers.csv_logs.CSVLogger>
[2025-09-14 22:42:55,142][src.utils.utils][INFO] - Instantiating logger <pytorch_lightning.loggers.tensorboard.TensorBoardLogger>
[2025-09-14 22:42:55,144][src.utils.utils][INFO] - Instantiating logger <pytorch_lightning.loggers.wandb.WandbLogger>
[2025-09-14 22:43:07,223][__main__][INFO] - Instantiating trainer <pytorch_lightning.Trainer>
[2025-09-14 22:43:07,235][__main__][INFO] - Logging hyperparameters!
[2025-09-14 22:43:07,252][__main__][INFO] - Starting training!
[2025-09-14 22:43:24,894][__main__][INFO] - Total training time: 17.64 seconds
[2025-09-14 22:43:24,897][__main__][INFO] - Starting testing!
[2025-09-14 22:43:25,180][__main__][INFO] - Total testing time: 0.28 seconds
[2025-09-14 22:43:25,184][__main__][INFO] - Best ckpt path: C:\Users\Administrator\Desktop\1PAPER\6_GCOM\logs\train\runs\2025-09-14_22-42-54/checkpoints\epoch_211.ckpt
[2025-09-14 22:43:25,186][src.utils.utils][INFO] - Closing loggers...
[2025-09-14 22:43:25,186][src.utils.utils][INFO] - Closing wandb!
[2025-09-14 22:43:29,952][src.utils.utils][INFO] - Output dir: C:\Users\Administrator\Desktop\1PAPER\6_GCOM\logs\train\runs\2025-09-14_22-42-54
[2025-09-14 22:43:29,952][src.utils.utils][INFO] - Metric name is None! Skipping metric value retrieval...
[2025-09-14 22:43:29,953][__main__][INFO] - Summary: Training time = 17.64 seconds, Testing time = 0.28 seconds
[2025-09-14 22:46:10,667][src.utils.utils][INFO] - Enforcing tags! <cfg.extras.enforce_tags=True>
[2025-09-14 22:46:10,672][src.utils.utils][INFO] - Printing config tree with Rich! <cfg.extras.print_config=True>
[2025-09-14 22:46:10,731][__main__][INFO] - Instantiating datamodule <src.datamodules.SLE_datamodule_cos_knn_graph.SLEGraphDataModule>
[2025-09-14 22:46:10,781][numexpr.utils][INFO] - Note: NumExpr detected 20 cores but "NUMEXPR_MAX_THREADS" not set, so enforcing safe limit of 8.
[2025-09-14 22:46:10,781][numexpr.utils][INFO] - NumExpr defaulting to 8 threads.
[2025-09-14 22:46:11,239][src.datamodules.SLE_datamodule_cos_knn_graph][INFO] - Data file C:\Users\Administrator\Desktop\1PAPER\6_GCOM/data//SLE\processed\cos_knn_graph_data_23.pt does not exists, configure data from raw files
[2025-09-14 22:46:11,250][src.datamodules.SLE_datamodule_cos_knn_graph][INFO] - Data object is created.
[2025-09-14 22:46:11,252][src.datamodules.SLE_datamodule_cos_knn_graph][INFO] - Data file saved at C:\Users\Administrator\Desktop\1PAPER\6_GCOM/data//SLE\processed\cos_knn_graph_data_23.pt.
[2025-09-14 22:46:11,253][src.datamodules.SLE_datamodule_cos_knn_graph][INFO] - Data loading is done.
[2025-09-14 22:46:11,254][src.datamodules.SLE_datamodule_cos_knn_graph][INFO] - Data(x=[97, 12], edge_index=[2, 2231], y=[97, 2], reference_point=[2], train_mask=[97], val_mask=[97], test_mask=[97], x_dim=12)
[2025-09-14 22:46:11,254][__main__][INFO] - Instantiating model <src.models.gconvloc_localize_module_sle.LocalizationModule>
[2025-09-14 22:46:11,495][__main__][INFO] - Instantiating callbacks...
[2025-09-14 22:46:11,495][src.utils.utils][INFO] - Instantiating callback <pytorch_lightning.callbacks.ModelCheckpoint>
[2025-09-14 22:46:11,500][src.utils.utils][INFO] - Instantiating callback <pytorch_lightning.callbacks.EarlyStopping>
[2025-09-14 22:46:11,500][src.utils.utils][INFO] - Instantiating callback <pytorch_lightning.callbacks.RichModelSummary>
[2025-09-14 22:46:11,500][__main__][INFO] - Instantiating loggers...
[2025-09-14 22:46:11,502][src.utils.utils][INFO] - Instantiating logger <pytorch_lightning.loggers.csv_logs.CSVLogger>
[2025-09-14 22:46:11,504][src.utils.utils][INFO] - Instantiating logger <pytorch_lightning.loggers.tensorboard.TensorBoardLogger>
[2025-09-14 22:46:11,505][src.utils.utils][INFO] - Instantiating logger <pytorch_lightning.loggers.wandb.WandbLogger>
[2025-09-14 22:46:23,623][__main__][INFO] - Instantiating trainer <pytorch_lightning.Trainer>
[2025-09-14 22:46:23,637][__main__][INFO] - Logging hyperparameters!
[2025-09-14 22:46:23,653][__main__][INFO] - Starting training!
[2025-09-14 22:46:43,225][__main__][INFO] - Total training time: 19.57 seconds
[2025-09-14 22:46:43,229][__main__][INFO] - Starting testing!
[2025-09-14 22:46:43,477][__main__][INFO] - Total testing time: 0.25 seconds
[2025-09-14 22:46:43,478][__main__][INFO] - Best ckpt path: C:\Users\Administrator\Desktop\1PAPER\6_GCOM\logs\train\runs\2025-09-14_22-46-10/checkpoints\epoch_232.ckpt
[2025-09-14 22:46:43,479][src.utils.utils][INFO] - Closing loggers...
[2025-09-14 22:46:43,480][src.utils.utils][INFO] - Closing wandb!
[2025-09-14 22:46:46,106][src.utils.utils][INFO] - Output dir: C:\Users\Administrator\Desktop\1PAPER\6_GCOM\logs\train\runs\2025-09-14_22-46-10
[2025-09-14 22:46:46,106][src.utils.utils][INFO] - Metric name is None! Skipping metric value retrieval...
[2025-09-14 22:46:46,107][__main__][INFO] - Summary: Training time = 19.57 seconds, Testing time = 0.25 seconds
[2025-09-14 22:50:41,138][src.utils.utils][INFO] - Enforcing tags! <cfg.extras.enforce_tags=True>
[2025-09-14 22:50:41,143][src.utils.utils][INFO] - Printing config tree with Rich! <cfg.extras.print_config=True>
[2025-09-14 22:50:41,202][__main__][INFO] - Instantiating datamodule <src.datamodules.SLE_datamodule_cos_knn_graph.SLEGraphDataModule>
[2025-09-14 22:50:41,256][numexpr.utils][INFO] - Note: NumExpr detected 20 cores but "NUMEXPR_MAX_THREADS" not set, so enforcing safe limit of 8.
[2025-09-14 22:50:41,256][numexpr.utils][INFO] - NumExpr defaulting to 8 threads.
[2025-09-14 22:50:41,720][src.datamodules.SLE_datamodule_cos_knn_graph][INFO] - Data file C:\Users\Administrator\Desktop\1PAPER\6_GCOM/data//SLE\processed\cos_knn_graph_data_23.pt does not exists, configure data from raw files
[2025-09-14 22:50:41,727][src.datamodules.SLE_datamodule_cos_knn_graph][INFO] - Data object is created.
[2025-09-14 22:50:41,729][src.datamodules.SLE_datamodule_cos_knn_graph][INFO] - Data file saved at C:\Users\Administrator\Desktop\1PAPER\6_GCOM/data//SLE\processed\cos_knn_graph_data_23.pt.
[2025-09-14 22:50:41,730][src.datamodules.SLE_datamodule_cos_knn_graph][INFO] - Data loading is done.
[2025-09-14 22:50:41,730][src.datamodules.SLE_datamodule_cos_knn_graph][INFO] - Data(x=[97, 4], edge_index=[2, 2231], y=[97, 2], reference_point=[2], train_mask=[97], val_mask=[97], test_mask=[97], x_dim=4)
[2025-09-14 22:50:41,732][__main__][INFO] - Instantiating model <src.models.gconvloc_localize_module_sle.LocalizationModule>
[2025-09-14 22:50:41,968][__main__][INFO] - Instantiating callbacks...
[2025-09-14 22:50:41,968][src.utils.utils][INFO] - Instantiating callback <pytorch_lightning.callbacks.ModelCheckpoint>
[2025-09-14 22:50:41,973][src.utils.utils][INFO] - Instantiating callback <pytorch_lightning.callbacks.EarlyStopping>
[2025-09-14 22:50:41,973][src.utils.utils][INFO] - Instantiating callback <pytorch_lightning.callbacks.RichModelSummary>
[2025-09-14 22:50:41,975][__main__][INFO] - Instantiating loggers...
[2025-09-14 22:50:41,975][src.utils.utils][INFO] - Instantiating logger <pytorch_lightning.loggers.csv_logs.CSVLogger>
[2025-09-14 22:50:41,976][src.utils.utils][INFO] - Instantiating logger <pytorch_lightning.loggers.tensorboard.TensorBoardLogger>
[2025-09-14 22:50:41,978][src.utils.utils][INFO] - Instantiating logger <pytorch_lightning.loggers.wandb.WandbLogger>
[2025-09-14 22:51:05,303][__main__][INFO] - Instantiating trainer <pytorch_lightning.Trainer>
[2025-09-14 22:51:05,315][__main__][INFO] - Logging hyperparameters!
[2025-09-14 22:51:05,331][__main__][INFO] - Starting training!
[2025-09-14 22:51:26,789][__main__][INFO] - Total training time: 21.46 seconds
[2025-09-14 22:51:26,791][__main__][INFO] - Starting testing!
[2025-09-14 22:51:27,060][__main__][INFO] - Total testing time: 0.27 seconds
[2025-09-14 22:51:27,061][__main__][INFO] - Best ckpt path: C:\Users\Administrator\Desktop\1PAPER\6_GCOM\logs\train\runs\2025-09-14_22-50-41/checkpoints\epoch_261.ckpt
[2025-09-14 22:51:27,062][src.utils.utils][INFO] - Closing loggers...
[2025-09-14 22:51:27,063][src.utils.utils][INFO] - Closing wandb!
[2025-09-14 22:51:30,016][src.utils.utils][INFO] - Output dir: C:\Users\Administrator\Desktop\1PAPER\6_GCOM\logs\train\runs\2025-09-14_22-50-41
[2025-09-14 22:51:30,018][src.utils.utils][INFO] - Metric name is None! Skipping metric value retrieval...
[2025-09-14 22:51:30,018][__main__][INFO] - Summary: Training time = 21.46 seconds, Testing time = 0.27 seconds
[2025-09-14 22:53:32,120][src.utils.utils][INFO] - Enforcing tags! <cfg.extras.enforce_tags=True>
[2025-09-14 22:53:32,125][src.utils.utils][INFO] - Printing config tree with Rich! <cfg.extras.print_config=True>
[2025-09-14 22:53:32,185][__main__][INFO] - Instantiating datamodule <src.datamodules.SLE_datamodule_cos_knn_graph.SLEGraphDataModule>
[2025-09-14 22:53:32,235][numexpr.utils][INFO] - Note: NumExpr detected 20 cores but "NUMEXPR_MAX_THREADS" not set, so enforcing safe limit of 8.
[2025-09-14 22:53:32,235][numexpr.utils][INFO] - NumExpr defaulting to 8 threads.
[2025-09-14 22:53:32,681][src.datamodules.SLE_datamodule_cos_knn_graph][INFO] - Data file C:\Users\Administrator\Desktop\1PAPER\6_GCOM/data//SLE\processed\cos_knn_graph_data_23.pt does not exists, configure data from raw files
[2025-09-14 22:53:32,688][src.datamodules.SLE_datamodule_cos_knn_graph][INFO] - Data object is created.
[2025-09-14 22:53:32,692][src.datamodules.SLE_datamodule_cos_knn_graph][INFO] - Data file saved at C:\Users\Administrator\Desktop\1PAPER\6_GCOM/data//SLE\processed\cos_knn_graph_data_23.pt.
[2025-09-14 22:53:32,692][src.datamodules.SLE_datamodule_cos_knn_graph][INFO] - Data loading is done.
[2025-09-14 22:53:32,694][src.datamodules.SLE_datamodule_cos_knn_graph][INFO] - Data(x=[97, 4], edge_index=[2, 2231], y=[97, 2], reference_point=[2], train_mask=[97], val_mask=[97], test_mask=[97], x_dim=4)
[2025-09-14 22:53:32,694][__main__][INFO] - Instantiating model <src.models.gconvloc_localize_module_sle.LocalizationModule>
[2025-09-14 22:53:32,935][__main__][INFO] - Instantiating callbacks...
[2025-09-14 22:53:32,935][src.utils.utils][INFO] - Instantiating callback <pytorch_lightning.callbacks.ModelCheckpoint>
[2025-09-14 22:53:32,940][src.utils.utils][INFO] - Instantiating callback <pytorch_lightning.callbacks.EarlyStopping>
[2025-09-14 22:53:32,943][src.utils.utils][INFO] - Instantiating callback <pytorch_lightning.callbacks.RichModelSummary>
[2025-09-14 22:53:32,943][__main__][INFO] - Instantiating loggers...
[2025-09-14 22:53:32,943][src.utils.utils][INFO] - Instantiating logger <pytorch_lightning.loggers.csv_logs.CSVLogger>
[2025-09-14 22:53:32,945][src.utils.utils][INFO] - Instantiating logger <pytorch_lightning.loggers.tensorboard.TensorBoardLogger>
[2025-09-14 22:53:32,946][src.utils.utils][INFO] - Instantiating logger <pytorch_lightning.loggers.wandb.WandbLogger>
[2025-09-14 22:53:45,070][__main__][INFO] - Instantiating trainer <pytorch_lightning.Trainer>
[2025-09-14 22:53:45,082][__main__][INFO] - Logging hyperparameters!
[2025-09-14 22:53:45,099][__main__][INFO] - Starting training!
[2025-09-14 22:53:53,662][__main__][INFO] - Total training time: 8.56 seconds
[2025-09-14 22:53:53,663][__main__][INFO] - Starting testing!
[2025-09-14 22:53:54,017][__main__][INFO] - Total testing time: 0.35 seconds
[2025-09-14 22:53:54,020][__main__][INFO] - Best ckpt path: C:\Users\Administrator\Desktop\1PAPER\6_GCOM\logs\train\runs\2025-09-14_22-53-32/checkpoints\epoch_093.ckpt
[2025-09-14 22:53:54,021][src.utils.utils][INFO] - Closing loggers...
[2025-09-14 22:53:54,022][src.utils.utils][INFO] - Closing wandb!
[2025-09-14 22:53:59,453][src.utils.utils][INFO] - Output dir: C:\Users\Administrator\Desktop\1PAPER\6_GCOM\logs\train\runs\2025-09-14_22-53-32
[2025-09-14 22:53:59,453][src.utils.utils][INFO] - Metric name is None! Skipping metric value retrieval...
[2025-09-14 22:53:59,454][__main__][INFO] - Summary: Training time = 8.56 seconds, Testing time = 0.35 seconds
[2025-09-14 22:56:09,650][src.utils.utils][INFO] - Enforcing tags! <cfg.extras.enforce_tags=True>
[2025-09-14 22:56:09,656][src.utils.utils][INFO] - Printing config tree with Rich! <cfg.extras.print_config=True>
[2025-09-14 22:56:09,715][__main__][INFO] - Instantiating datamodule <src.datamodules.SLE_datamodule_cos_knn_graph.SLEGraphDataModule>
[2025-09-14 22:56:09,769][numexpr.utils][INFO] - Note: NumExpr detected 20 cores but "NUMEXPR_MAX_THREADS" not set, so enforcing safe limit of 8.
[2025-09-14 22:56:09,770][numexpr.utils][INFO] - NumExpr defaulting to 8 threads.
[2025-09-14 22:56:10,248][src.datamodules.SLE_datamodule_cos_knn_graph][INFO] - Data file C:\Users\Administrator\Desktop\1PAPER\6_GCOM/data//SLE\processed\cos_knn_graph_data_23.pt does not exists, configure data from raw files
[2025-09-14 22:56:10,258][src.datamodules.SLE_datamodule_cos_knn_graph][INFO] - Data object is created.
[2025-09-14 22:56:10,259][src.datamodules.SLE_datamodule_cos_knn_graph][INFO] - Data file saved at C:\Users\Administrator\Desktop\1PAPER\6_GCOM/data//SLE\processed\cos_knn_graph_data_23.pt.
[2025-09-14 22:56:10,260][src.datamodules.SLE_datamodule_cos_knn_graph][INFO] - Data loading is done.
[2025-09-14 22:56:10,261][src.datamodules.SLE_datamodule_cos_knn_graph][INFO] - Data(x=[97, 4], edge_index=[2, 2231], y=[97, 2], reference_point=[2], train_mask=[97], val_mask=[97], test_mask=[97], x_dim=4)
[2025-09-14 22:56:10,262][__main__][INFO] - Instantiating model <src.models.gconvloc_localize_module_sle.LocalizationModule>
[2025-09-14 22:56:10,509][__main__][INFO] - Instantiating callbacks...
[2025-09-14 22:56:10,509][src.utils.utils][INFO] - Instantiating callback <pytorch_lightning.callbacks.ModelCheckpoint>
[2025-09-14 22:56:10,514][src.utils.utils][INFO] - Instantiating callback <pytorch_lightning.callbacks.EarlyStopping>
[2025-09-14 22:56:10,514][src.utils.utils][INFO] - Instantiating callback <pytorch_lightning.callbacks.RichModelSummary>
[2025-09-14 22:56:10,514][__main__][INFO] - Instantiating loggers...
[2025-09-14 22:56:10,516][src.utils.utils][INFO] - Instantiating logger <pytorch_lightning.loggers.csv_logs.CSVLogger>
[2025-09-14 22:56:10,518][src.utils.utils][INFO] - Instantiating logger <pytorch_lightning.loggers.tensorboard.TensorBoardLogger>
[2025-09-14 22:56:10,519][src.utils.utils][INFO] - Instantiating logger <pytorch_lightning.loggers.wandb.WandbLogger>
[2025-09-14 22:56:22,590][__main__][INFO] - Instantiating trainer <pytorch_lightning.Trainer>
[2025-09-14 22:56:22,602][__main__][INFO] - Logging hyperparameters!
[2025-09-14 22:56:22,619][__main__][INFO] - Starting training!
[2025-09-14 22:56:37,924][__main__][INFO] - Total training time: 15.30 seconds
[2025-09-14 22:56:37,924][__main__][INFO] - Starting testing!
[2025-09-14 22:56:38,160][__main__][INFO] - Total testing time: 0.24 seconds
[2025-09-14 22:56:38,160][__main__][INFO] - Best ckpt path: C:\Users\Administrator\Desktop\1PAPER\6_GCOM\logs\train\runs\2025-09-14_22-56-09/checkpoints\epoch_179.ckpt
[2025-09-14 22:56:38,163][src.utils.utils][INFO] - Closing loggers...
[2025-09-14 22:56:38,164][src.utils.utils][INFO] - Closing wandb!
[2025-09-14 22:56:43,353][src.utils.utils][INFO] - Output dir: C:\Users\Administrator\Desktop\1PAPER\6_GCOM\logs\train\runs\2025-09-14_22-56-09
[2025-09-14 22:56:43,354][src.utils.utils][INFO] - Metric name is None! Skipping metric value retrieval...
[2025-09-14 22:56:43,355][__main__][INFO] - Summary: Training time = 15.30 seconds, Testing time = 0.24 seconds
[2025-09-14 22:59:17,878][src.utils.utils][INFO] - Enforcing tags! <cfg.extras.enforce_tags=True>
[2025-09-14 22:59:17,883][src.utils.utils][INFO] - Printing config tree with Rich! <cfg.extras.print_config=True>
[2025-09-14 22:59:17,943][__main__][INFO] - Instantiating datamodule <src.datamodules.SLE_datamodule_cos_knn_graph.SLEGraphDataModule>
[2025-09-14 22:59:17,990][numexpr.utils][INFO] - Note: NumExpr detected 20 cores but "NUMEXPR_MAX_THREADS" not set, so enforcing safe limit of 8.
[2025-09-14 22:59:17,990][numexpr.utils][INFO] - NumExpr defaulting to 8 threads.
[2025-09-14 22:59:18,451][src.datamodules.SLE_datamodule_cos_knn_graph][INFO] - Data file C:\Users\Administrator\Desktop\1PAPER\6_GCOM/data//SLE\processed\cos_knn_graph_data_23.pt does not exists, configure data from raw files
[2025-09-14 22:59:18,461][src.datamodules.SLE_datamodule_cos_knn_graph][INFO] - Data object is created.
[2025-09-14 22:59:18,462][src.datamodules.SLE_datamodule_cos_knn_graph][INFO] - Data file saved at C:\Users\Administrator\Desktop\1PAPER\6_GCOM/data//SLE\processed\cos_knn_graph_data_23.pt.
[2025-09-14 22:59:18,463][src.datamodules.SLE_datamodule_cos_knn_graph][INFO] - Data loading is done.
[2025-09-14 22:59:18,463][src.datamodules.SLE_datamodule_cos_knn_graph][INFO] - Data(x=[97, 8], edge_index=[2, 2231], y=[97, 2], reference_point=[2], train_mask=[97], val_mask=[97], test_mask=[97], x_dim=8)
[2025-09-14 22:59:18,464][__main__][INFO] - Instantiating model <src.models.gconvloc_localize_module_sle.LocalizationModule>
[2025-09-14 22:59:18,708][__main__][INFO] - Instantiating callbacks...
[2025-09-14 22:59:18,709][src.utils.utils][INFO] - Instantiating callback <pytorch_lightning.callbacks.ModelCheckpoint>
[2025-09-14 22:59:18,712][src.utils.utils][INFO] - Instantiating callback <pytorch_lightning.callbacks.EarlyStopping>
[2025-09-14 22:59:18,713][src.utils.utils][INFO] - Instantiating callback <pytorch_lightning.callbacks.RichModelSummary>
[2025-09-14 22:59:18,715][__main__][INFO] - Instantiating loggers...
[2025-09-14 22:59:18,715][src.utils.utils][INFO] - Instantiating logger <pytorch_lightning.loggers.csv_logs.CSVLogger>
[2025-09-14 22:59:18,716][src.utils.utils][INFO] - Instantiating logger <pytorch_lightning.loggers.tensorboard.TensorBoardLogger>
[2025-09-14 22:59:18,718][src.utils.utils][INFO] - Instantiating logger <pytorch_lightning.loggers.wandb.WandbLogger>
[2025-09-14 22:59:31,423][__main__][INFO] - Instantiating trainer <pytorch_lightning.Trainer>
[2025-09-14 22:59:31,434][__main__][INFO] - Logging hyperparameters!
[2025-09-14 22:59:31,450][__main__][INFO] - Starting training!
[2025-09-14 22:59:39,021][__main__][INFO] - Total training time: 7.57 seconds
[2025-09-14 22:59:39,026][__main__][INFO] - Starting testing!
[2025-09-14 22:59:39,274][__main__][INFO] - Total testing time: 0.25 seconds
[2025-09-14 22:59:39,275][__main__][INFO] - Best ckpt path: C:\Users\Administrator\Desktop\1PAPER\6_GCOM\logs\train\runs\2025-09-14_22-59-17/checkpoints\epoch_078.ckpt
[2025-09-14 22:59:39,276][src.utils.utils][INFO] - Closing loggers...
[2025-09-14 22:59:39,276][src.utils.utils][INFO] - Closing wandb!
[2025-09-14 22:59:45,371][src.utils.utils][INFO] - Output dir: C:\Users\Administrator\Desktop\1PAPER\6_GCOM\logs\train\runs\2025-09-14_22-59-17
[2025-09-14 22:59:45,372][src.utils.utils][INFO] - Metric name is None! Skipping metric value retrieval...
[2025-09-14 22:59:45,372][__main__][INFO] - Summary: Training time = 7.57 seconds, Testing time = 0.25 seconds
[2025-09-14 23:01:29,406][src.utils.utils][INFO] - Enforcing tags! <cfg.extras.enforce_tags=True>
[2025-09-14 23:01:29,411][src.utils.utils][INFO] - Printing config tree with Rich! <cfg.extras.print_config=True>
[2025-09-14 23:01:29,469][__main__][INFO] - Instantiating datamodule <src.datamodules.SLE_datamodule_cos_knn_graph.SLEGraphDataModule>
[2025-09-14 23:01:29,521][numexpr.utils][INFO] - Note: NumExpr detected 20 cores but "NUMEXPR_MAX_THREADS" not set, so enforcing safe limit of 8.
[2025-09-14 23:01:29,522][numexpr.utils][INFO] - NumExpr defaulting to 8 threads.
[2025-09-14 23:01:30,003][src.datamodules.SLE_datamodule_cos_knn_graph][INFO] - Data file C:\Users\Administrator\Desktop\1PAPER\6_GCOM/data//SLE\processed\cos_knn_graph_data_23.pt does not exists, configure data from raw files
[2025-09-14 23:01:30,017][src.datamodules.SLE_datamodule_cos_knn_graph][INFO] - Data object is created.
[2025-09-14 23:01:30,019][src.datamodules.SLE_datamodule_cos_knn_graph][INFO] - Data file saved at C:\Users\Administrator\Desktop\1PAPER\6_GCOM/data//SLE\processed\cos_knn_graph_data_23.pt.
[2025-09-14 23:01:30,020][src.datamodules.SLE_datamodule_cos_knn_graph][INFO] - Data loading is done.
[2025-09-14 23:01:30,020][src.datamodules.SLE_datamodule_cos_knn_graph][INFO] - Data(x=[97, 8], edge_index=[2, 2231], y=[97, 2], reference_point=[2], train_mask=[97], val_mask=[97], test_mask=[97], x_dim=8)
[2025-09-14 23:01:30,021][__main__][INFO] - Instantiating model <src.models.gconvloc_localize_module_sle.LocalizationModule>
[2025-09-14 23:01:30,274][__main__][INFO] - Instantiating callbacks...
[2025-09-14 23:01:30,275][src.utils.utils][INFO] - Instantiating callback <pytorch_lightning.callbacks.ModelCheckpoint>
[2025-09-14 23:01:30,277][src.utils.utils][INFO] - Instantiating callback <pytorch_lightning.callbacks.EarlyStopping>
[2025-09-14 23:01:30,277][src.utils.utils][INFO] - Instantiating callback <pytorch_lightning.callbacks.RichModelSummary>
[2025-09-14 23:01:30,277][__main__][INFO] - Instantiating loggers...
[2025-09-14 23:01:30,281][src.utils.utils][INFO] - Instantiating logger <pytorch_lightning.loggers.csv_logs.CSVLogger>
[2025-09-14 23:01:30,282][src.utils.utils][INFO] - Instantiating logger <pytorch_lightning.loggers.tensorboard.TensorBoardLogger>
[2025-09-14 23:01:30,283][src.utils.utils][INFO] - Instantiating logger <pytorch_lightning.loggers.wandb.WandbLogger>
[2025-09-14 23:01:53,552][__main__][INFO] - Instantiating trainer <pytorch_lightning.Trainer>
[2025-09-14 23:01:53,562][__main__][INFO] - Logging hyperparameters!
[2025-09-14 23:01:53,579][__main__][INFO] - Starting training!
[2025-09-14 23:02:12,549][__main__][INFO] - Total training time: 18.97 seconds
[2025-09-14 23:02:12,550][__main__][INFO] - Starting testing!
[2025-09-14 23:02:12,793][__main__][INFO] - Total testing time: 0.24 seconds
[2025-09-14 23:02:12,794][__main__][INFO] - Best ckpt path: C:\Users\Administrator\Desktop\1PAPER\6_GCOM\logs\train\runs\2025-09-14_23-01-29/checkpoints\epoch_233.ckpt
[2025-09-14 23:02:12,795][src.utils.utils][INFO] - Closing loggers...
[2025-09-14 23:02:12,796][src.utils.utils][INFO] - Closing wandb!
[2025-09-14 23:02:18,550][src.utils.utils][INFO] - Output dir: C:\Users\Administrator\Desktop\1PAPER\6_GCOM\logs\train\runs\2025-09-14_23-01-29
[2025-09-14 23:02:18,550][src.utils.utils][INFO] - Metric name is None! Skipping metric value retrieval...
[2025-09-14 23:02:18,550][__main__][INFO] - Summary: Training time = 18.97 seconds, Testing time = 0.24 seconds
[2025-09-14 23:04:07,642][src.utils.utils][INFO] - Enforcing tags! <cfg.extras.enforce_tags=True>
[2025-09-14 23:04:07,647][src.utils.utils][INFO] - Printing config tree with Rich! <cfg.extras.print_config=True>
[2025-09-14 23:04:07,713][__main__][INFO] - Instantiating datamodule <src.datamodules.SLE_datamodule_cos_knn_graph.SLEGraphDataModule>
[2025-09-14 23:04:07,765][numexpr.utils][INFO] - Note: NumExpr detected 20 cores but "NUMEXPR_MAX_THREADS" not set, so enforcing safe limit of 8.
[2025-09-14 23:04:07,765][numexpr.utils][INFO] - NumExpr defaulting to 8 threads.
[2025-09-14 23:04:08,250][src.datamodules.SLE_datamodule_cos_knn_graph][INFO] - Data file C:\Users\Administrator\Desktop\1PAPER\6_GCOM/data//SLE\processed\cos_knn_graph_data_23.pt does not exists, configure data from raw files
[2025-09-14 23:04:08,259][src.datamodules.SLE_datamodule_cos_knn_graph][INFO] - Data object is created.
[2025-09-14 23:04:08,261][src.datamodules.SLE_datamodule_cos_knn_graph][INFO] - Data file saved at C:\Users\Administrator\Desktop\1PAPER\6_GCOM/data//SLE\processed\cos_knn_graph_data_23.pt.
[2025-09-14 23:04:08,262][src.datamodules.SLE_datamodule_cos_knn_graph][INFO] - Data loading is done.
[2025-09-14 23:04:08,263][src.datamodules.SLE_datamodule_cos_knn_graph][INFO] - Data(x=[97, 8], edge_index=[2, 2231], y=[97, 2], reference_point=[2], train_mask=[97], val_mask=[97], test_mask=[97], x_dim=8)
[2025-09-14 23:04:08,263][__main__][INFO] - Instantiating model <src.models.gconvloc_localize_module_sle.LocalizationModule>
[2025-09-14 23:04:08,510][__main__][INFO] - Instantiating callbacks...
[2025-09-14 23:04:08,510][src.utils.utils][INFO] - Instantiating callback <pytorch_lightning.callbacks.ModelCheckpoint>
[2025-09-14 23:04:08,519][src.utils.utils][INFO] - Instantiating callback <pytorch_lightning.callbacks.EarlyStopping>
[2025-09-14 23:04:08,520][src.utils.utils][INFO] - Instantiating callback <pytorch_lightning.callbacks.RichModelSummary>
[2025-09-14 23:04:08,520][__main__][INFO] - Instantiating loggers...
[2025-09-14 23:04:08,521][src.utils.utils][INFO] - Instantiating logger <pytorch_lightning.loggers.csv_logs.CSVLogger>
[2025-09-14 23:04:08,522][src.utils.utils][INFO] - Instantiating logger <pytorch_lightning.loggers.tensorboard.TensorBoardLogger>
[2025-09-14 23:04:08,524][src.utils.utils][INFO] - Instantiating logger <pytorch_lightning.loggers.wandb.WandbLogger>
[2025-09-14 23:04:21,526][__main__][INFO] - Instantiating trainer <pytorch_lightning.Trainer>
[2025-09-14 23:04:21,537][__main__][INFO] - Logging hyperparameters!
[2025-09-14 23:04:21,553][__main__][INFO] - Starting training!
[2025-09-14 23:04:46,055][__main__][INFO] - Total training time: 24.50 seconds
[2025-09-14 23:04:46,059][__main__][INFO] - Starting testing!
[2025-09-14 23:04:46,403][__main__][INFO] - Total testing time: 0.34 seconds
[2025-09-14 23:04:46,403][__main__][INFO] - Best ckpt path: C:\Users\Administrator\Desktop\1PAPER\6_GCOM\logs\train\runs\2025-09-14_23-04-07/checkpoints\epoch_299.ckpt
[2025-09-14 23:04:46,405][src.utils.utils][INFO] - Closing loggers...
[2025-09-14 23:04:46,405][src.utils.utils][INFO] - Closing wandb!
[2025-09-14 23:04:55,779][src.utils.utils][INFO] - Output dir: C:\Users\Administrator\Desktop\1PAPER\6_GCOM\logs\train\runs\2025-09-14_23-04-07
[2025-09-14 23:04:55,779][src.utils.utils][INFO] - Metric name is None! Skipping metric value retrieval...
[2025-09-14 23:04:55,779][__main__][INFO] - Summary: Training time = 24.50 seconds, Testing time = 0.34 seconds
[2025-09-14 23:07:22,500][src.utils.utils][INFO] - Enforcing tags! <cfg.extras.enforce_tags=True>
[2025-09-14 23:07:22,505][src.utils.utils][INFO] - Printing config tree with Rich! <cfg.extras.print_config=True>
[2025-09-14 23:07:22,566][__main__][INFO] - Instantiating datamodule <src.datamodules.SLE_datamodule_cos_knn_graph.SLEGraphDataModule>
[2025-09-14 23:07:22,619][numexpr.utils][INFO] - Note: NumExpr detected 20 cores but "NUMEXPR_MAX_THREADS" not set, so enforcing safe limit of 8.
[2025-09-14 23:07:22,619][numexpr.utils][INFO] - NumExpr defaulting to 8 threads.
[2025-09-14 23:07:23,066][src.datamodules.SLE_datamodule_cos_knn_graph][INFO] - Data file C:\Users\Administrator\Desktop\1PAPER\6_GCOM/data//SLE\processed\cos_knn_graph_data_23.pt does not exists, configure data from raw files
[2025-09-14 23:07:23,075][src.datamodules.SLE_datamodule_cos_knn_graph][INFO] - Data object is created.
[2025-09-14 23:07:23,077][src.datamodules.SLE_datamodule_cos_knn_graph][INFO] - Data file saved at C:\Users\Administrator\Desktop\1PAPER\6_GCOM/data//SLE\processed\cos_knn_graph_data_23.pt.
[2025-09-14 23:07:23,078][src.datamodules.SLE_datamodule_cos_knn_graph][INFO] - Data loading is done.
[2025-09-14 23:07:23,079][src.datamodules.SLE_datamodule_cos_knn_graph][INFO] - Data(x=[97, 12], edge_index=[2, 2231], y=[97, 2], reference_point=[2], train_mask=[97], val_mask=[97], test_mask=[97], x_dim=12)
[2025-09-14 23:07:23,079][__main__][INFO] - Instantiating model <src.models.gconvloc_localize_module_sle.LocalizationModule>
[2025-09-14 23:07:23,324][__main__][INFO] - Instantiating callbacks...
[2025-09-14 23:07:23,325][src.utils.utils][INFO] - Instantiating callback <pytorch_lightning.callbacks.ModelCheckpoint>
[2025-09-14 23:07:23,328][src.utils.utils][INFO] - Instantiating callback <pytorch_lightning.callbacks.EarlyStopping>
[2025-09-14 23:07:23,329][src.utils.utils][INFO] - Instantiating callback <pytorch_lightning.callbacks.RichModelSummary>
[2025-09-14 23:07:23,330][__main__][INFO] - Instantiating loggers...
[2025-09-14 23:07:23,330][src.utils.utils][INFO] - Instantiating logger <pytorch_lightning.loggers.csv_logs.CSVLogger>
[2025-09-14 23:07:23,331][src.utils.utils][INFO] - Instantiating logger <pytorch_lightning.loggers.tensorboard.TensorBoardLogger>
[2025-09-14 23:07:23,333][src.utils.utils][INFO] - Instantiating logger <pytorch_lightning.loggers.wandb.WandbLogger>
[2025-09-14 23:07:35,934][__main__][INFO] - Instantiating trainer <pytorch_lightning.Trainer>
[2025-09-14 23:07:35,945][__main__][INFO] - Logging hyperparameters!
[2025-09-14 23:07:35,961][__main__][INFO] - Starting training!
[2025-09-14 23:07:53,932][__main__][INFO] - Total training time: 17.97 seconds
[2025-09-14 23:07:53,937][__main__][INFO] - Starting testing!
[2025-09-14 23:07:54,190][__main__][INFO] - Total testing time: 0.25 seconds
[2025-09-14 23:07:54,192][__main__][INFO] - Best ckpt path: C:\Users\Administrator\Desktop\1PAPER\6_GCOM\logs\train\runs\2025-09-14_23-07-22/checkpoints\epoch_214.ckpt
[2025-09-14 23:07:54,193][src.utils.utils][INFO] - Closing loggers...
[2025-09-14 23:07:54,194][src.utils.utils][INFO] - Closing wandb!
[2025-09-14 23:07:57,728][src.utils.utils][INFO] - Output dir: C:\Users\Administrator\Desktop\1PAPER\6_GCOM\logs\train\runs\2025-09-14_23-07-22
[2025-09-14 23:07:57,729][src.utils.utils][INFO] - Metric name is None! Skipping metric value retrieval...
[2025-09-14 23:07:57,729][__main__][INFO] - Summary: Training time = 17.97 seconds, Testing time = 0.25 seconds
[2025-09-14 23:27:31,382][src.utils.utils][INFO] - Enforcing tags! <cfg.extras.enforce_tags=True>
[2025-09-14 23:27:31,390][src.utils.utils][INFO] - Printing config tree with Rich! <cfg.extras.print_config=True>
[2025-09-14 23:27:31,445][__main__][INFO] - Instantiating datamodule <src.datamodules.SLE_datamodule_cos_knn_graph.SLEGraphDataModule>
[2025-09-14 23:27:31,501][numexpr.utils][INFO] - Note: NumExpr detected 20 cores but "NUMEXPR_MAX_THREADS" not set, so enforcing safe limit of 8.
[2025-09-14 23:27:31,502][numexpr.utils][INFO] - NumExpr defaulting to 8 threads.
[2025-09-14 23:27:32,025][src.datamodules.SLE_datamodule_cos_knn_graph][INFO] - Data file C:\Users\Administrator\Desktop\1PAPER\6_GCOM/data//SLE\processed\cos_knn_graph_data_23.pt does not exists, configure data from raw files
[2025-09-14 23:27:32,040][src.datamodules.SLE_datamodule_cos_knn_graph][INFO] - Data object is created.
[2025-09-14 23:27:32,044][src.datamodules.SLE_datamodule_cos_knn_graph][INFO] - Data file saved at C:\Users\Administrator\Desktop\1PAPER\6_GCOM/data//SLE\processed\cos_knn_graph_data_23.pt.
[2025-09-14 23:27:32,045][src.datamodules.SLE_datamodule_cos_knn_graph][INFO] - Data loading is done.
[2025-09-14 23:27:32,046][src.datamodules.SLE_datamodule_cos_knn_graph][INFO] - Data(x=[302, 8], edge_index=[2, 6946], y=[302, 2], reference_point=[2], train_mask=[302], val_mask=[302], test_mask=[302], x_dim=8)
[2025-09-14 23:27:32,047][__main__][INFO] - Instantiating model <src.models.gconvloc_localize_module_sle.LocalizationModule>
[2025-09-14 23:27:32,289][__main__][INFO] - Instantiating callbacks...
[2025-09-14 23:27:32,289][src.utils.utils][INFO] - Instantiating callback <pytorch_lightning.callbacks.ModelCheckpoint>
[2025-09-14 23:27:32,292][src.utils.utils][INFO] - Instantiating callback <pytorch_lightning.callbacks.EarlyStopping>
[2025-09-14 23:27:32,292][src.utils.utils][INFO] - Instantiating callback <pytorch_lightning.callbacks.RichModelSummary>
[2025-09-14 23:27:32,292][__main__][INFO] - Instantiating loggers...
[2025-09-14 23:27:32,292][src.utils.utils][INFO] - Instantiating logger <pytorch_lightning.loggers.csv_logs.CSVLogger>
[2025-09-14 23:27:32,296][src.utils.utils][INFO] - Instantiating logger <pytorch_lightning.loggers.tensorboard.TensorBoardLogger>
[2025-09-14 23:27:32,298][src.utils.utils][INFO] - Instantiating logger <pytorch_lightning.loggers.wandb.WandbLogger>
[2025-09-14 23:27:55,597][__main__][INFO] - Instantiating trainer <pytorch_lightning.Trainer>
[2025-09-14 23:27:55,607][__main__][INFO] - Logging hyperparameters!
[2025-09-14 23:27:55,623][__main__][INFO] - Starting training!
[2025-09-14 23:28:16,518][__main__][INFO] - Total training time: 20.89 seconds
[2025-09-14 23:28:16,518][__main__][INFO] - Starting testing!
[2025-09-14 23:28:16,763][__main__][INFO] - Total testing time: 0.24 seconds
[2025-09-14 23:28:16,766][__main__][INFO] - Best ckpt path: C:\Users\Administrator\Desktop\1PAPER\6_GCOM\logs\train\runs\2025-09-14_23-27-31/checkpoints\epoch_179.ckpt
[2025-09-14 23:28:16,768][src.utils.utils][INFO] - Closing loggers...
[2025-09-14 23:28:16,768][src.utils.utils][INFO] - Closing wandb!
[2025-09-14 23:28:19,232][src.utils.utils][INFO] - Output dir: C:\Users\Administrator\Desktop\1PAPER\6_GCOM\logs\train\runs\2025-09-14_23-27-31
[2025-09-14 23:28:19,233][src.utils.utils][INFO] - Metric name is None! Skipping metric value retrieval...
[2025-09-14 23:28:19,233][__main__][INFO] - Summary: Training time = 20.89 seconds, Testing time = 0.24 seconds
[2025-09-14 23:33:00,113][src.utils.utils][INFO] - Enforcing tags! <cfg.extras.enforce_tags=True>
[2025-09-14 23:33:00,118][src.utils.utils][INFO] - Printing config tree with Rich! <cfg.extras.print_config=True>
[2025-09-14 23:33:00,178][__main__][INFO] - Instantiating datamodule <src.datamodules.SLE_datamodule_cos_knn_graph.SLEGraphDataModule>
[2025-09-14 23:33:00,236][numexpr.utils][INFO] - Note: NumExpr detected 20 cores but "NUMEXPR_MAX_THREADS" not set, so enforcing safe limit of 8.
[2025-09-14 23:33:00,237][numexpr.utils][INFO] - NumExpr defaulting to 8 threads.
[2025-09-14 23:33:00,704][src.datamodules.SLE_datamodule_cos_knn_graph][INFO] - Data file C:\Users\Administrator\Desktop\1PAPER\6_GCOM/data//SLE\processed\cos_knn_graph_data_23.pt does not exists, configure data from raw files
[2025-09-14 23:33:00,719][src.datamodules.SLE_datamodule_cos_knn_graph][INFO] - Data object is created.
[2025-09-14 23:33:00,720][src.datamodules.SLE_datamodule_cos_knn_graph][INFO] - Data file saved at C:\Users\Administrator\Desktop\1PAPER\6_GCOM/data//SLE\processed\cos_knn_graph_data_23.pt.
[2025-09-14 23:33:00,720][src.datamodules.SLE_datamodule_cos_knn_graph][INFO] - Data loading is done.
[2025-09-14 23:33:00,720][src.datamodules.SLE_datamodule_cos_knn_graph][INFO] - Data(x=[302, 8], edge_index=[2, 6946], y=[302, 2], reference_point=[2], train_mask=[302], val_mask=[302], test_mask=[302], x_dim=8)
[2025-09-14 23:33:00,723][__main__][INFO] - Instantiating model <src.models.gconvloc_localize_module_sle.LocalizationModule>
[2025-09-14 23:33:00,962][__main__][INFO] - Instantiating callbacks...
[2025-09-14 23:33:00,964][src.utils.utils][INFO] - Instantiating callback <pytorch_lightning.callbacks.ModelCheckpoint>
[2025-09-14 23:33:00,964][src.utils.utils][INFO] - Instantiating callback <pytorch_lightning.callbacks.EarlyStopping>
[2025-09-14 23:33:00,964][src.utils.utils][INFO] - Instantiating callback <pytorch_lightning.callbacks.RichModelSummary>
[2025-09-14 23:33:00,969][__main__][INFO] - Instantiating loggers...
[2025-09-14 23:33:00,969][src.utils.utils][INFO] - Instantiating logger <pytorch_lightning.loggers.csv_logs.CSVLogger>
[2025-09-14 23:33:00,970][src.utils.utils][INFO] - Instantiating logger <pytorch_lightning.loggers.tensorboard.TensorBoardLogger>
[2025-09-14 23:33:00,971][src.utils.utils][INFO] - Instantiating logger <pytorch_lightning.loggers.wandb.WandbLogger>
[2025-09-14 23:33:24,865][__main__][INFO] - Instantiating trainer <pytorch_lightning.Trainer>
[2025-09-14 23:33:24,876][__main__][INFO] - Logging hyperparameters!
[2025-09-14 23:33:24,892][__main__][INFO] - Starting training!
[2025-09-14 23:33:45,158][__main__][INFO] - Total training time: 20.26 seconds
[2025-09-14 23:33:45,160][__main__][INFO] - Starting testing!
[2025-09-14 23:33:45,411][__main__][INFO] - Total testing time: 0.25 seconds
[2025-09-14 23:33:45,412][__main__][INFO] - Best ckpt path: C:\Users\Administrator\Desktop\1PAPER\6_GCOM\logs\train\runs\2025-09-14_23-33-00/checkpoints\epoch_164.ckpt
[2025-09-14 23:33:45,413][src.utils.utils][INFO] - Closing loggers...
[2025-09-14 23:33:45,414][src.utils.utils][INFO] - Closing wandb!
[2025-09-14 23:33:48,372][src.utils.utils][INFO] - Output dir: C:\Users\Administrator\Desktop\1PAPER\6_GCOM\logs\train\runs\2025-09-14_23-33-00
[2025-09-14 23:33:48,372][src.utils.utils][INFO] - Metric name is None! Skipping metric value retrieval...
[2025-09-14 23:33:48,373][__main__][INFO] - Summary: Training time = 20.26 seconds, Testing time = 0.25 seconds
[2025-09-14 23:35:16,426][src.utils.utils][INFO] - Enforcing tags! <cfg.extras.enforce_tags=True>
[2025-09-14 23:35:16,431][src.utils.utils][INFO] - Printing config tree with Rich! <cfg.extras.print_config=True>
[2025-09-14 23:35:16,491][__main__][INFO] - Instantiating datamodule <src.datamodules.SLE_datamodule_cos_knn_graph.SLEGraphDataModule>
[2025-09-14 23:35:16,547][numexpr.utils][INFO] - Note: NumExpr detected 20 cores but "NUMEXPR_MAX_THREADS" not set, so enforcing safe limit of 8.
[2025-09-14 23:35:16,547][numexpr.utils][INFO] - NumExpr defaulting to 8 threads.
[2025-09-14 23:35:17,016][src.datamodules.SLE_datamodule_cos_knn_graph][INFO] - Data file C:\Users\Administrator\Desktop\1PAPER\6_GCOM/data//SLE\processed\cos_knn_graph_data_23.pt does not exists, configure data from raw files
[2025-09-14 23:35:17,030][src.datamodules.SLE_datamodule_cos_knn_graph][INFO] - Data object is created.
[2025-09-14 23:35:17,032][src.datamodules.SLE_datamodule_cos_knn_graph][INFO] - Data file saved at C:\Users\Administrator\Desktop\1PAPER\6_GCOM/data//SLE\processed\cos_knn_graph_data_23.pt.
[2025-09-14 23:35:17,033][src.datamodules.SLE_datamodule_cos_knn_graph][INFO] - Data loading is done.
[2025-09-14 23:35:17,034][src.datamodules.SLE_datamodule_cos_knn_graph][INFO] - Data(x=[302, 8], edge_index=[2, 6946], y=[302, 2], reference_point=[2], train_mask=[302], val_mask=[302], test_mask=[302], x_dim=8)
[2025-09-14 23:35:17,035][__main__][INFO] - Instantiating model <src.models.gconvloc_localize_module_sle.LocalizationModule>
[2025-09-14 23:35:17,271][__main__][INFO] - Instantiating callbacks...
[2025-09-14 23:35:17,271][src.utils.utils][INFO] - Instantiating callback <pytorch_lightning.callbacks.ModelCheckpoint>
[2025-09-14 23:35:17,276][src.utils.utils][INFO] - Instantiating callback <pytorch_lightning.callbacks.EarlyStopping>
[2025-09-14 23:35:17,280][src.utils.utils][INFO] - Instantiating callback <pytorch_lightning.callbacks.RichModelSummary>
[2025-09-14 23:35:17,281][__main__][INFO] - Instantiating loggers...
[2025-09-14 23:35:17,281][src.utils.utils][INFO] - Instantiating logger <pytorch_lightning.loggers.csv_logs.CSVLogger>
[2025-09-14 23:35:17,283][src.utils.utils][INFO] - Instantiating logger <pytorch_lightning.loggers.tensorboard.TensorBoardLogger>
[2025-09-14 23:35:17,285][src.utils.utils][INFO] - Instantiating logger <pytorch_lightning.loggers.wandb.WandbLogger>
[2025-09-14 23:35:29,723][__main__][INFO] - Instantiating trainer <pytorch_lightning.Trainer>
[2025-09-14 23:35:29,735][__main__][INFO] - Logging hyperparameters!
[2025-09-14 23:35:29,750][__main__][INFO] - Starting training!
[2025-09-14 23:36:04,228][__main__][INFO] - Total training time: 34.48 seconds
[2025-09-14 23:36:04,229][__main__][INFO] - Starting testing!
[2025-09-14 23:36:04,494][__main__][INFO] - Total testing time: 0.26 seconds
[2025-09-14 23:36:04,496][__main__][INFO] - Best ckpt path: C:\Users\Administrator\Desktop\1PAPER\6_GCOM\logs\train\runs\2025-09-14_23-35-16/checkpoints\epoch_294.ckpt
[2025-09-14 23:36:04,498][src.utils.utils][INFO] - Closing loggers...
[2025-09-14 23:36:04,498][src.utils.utils][INFO] - Closing wandb!
[2025-09-14 23:36:08,536][src.utils.utils][INFO] - Output dir: C:\Users\Administrator\Desktop\1PAPER\6_GCOM\logs\train\runs\2025-09-14_23-35-16
[2025-09-14 23:36:08,536][src.utils.utils][INFO] - Metric name is None! Skipping metric value retrieval...
[2025-09-14 23:36:08,537][__main__][INFO] - Summary: Training time = 34.48 seconds, Testing time = 0.26 seconds
[2025-09-14 23:40:04,146][src.utils.utils][INFO] - Enforcing tags! <cfg.extras.enforce_tags=True>
[2025-09-14 23:40:04,151][src.utils.utils][INFO] - Printing config tree with Rich! <cfg.extras.print_config=True>
[2025-09-14 23:40:04,213][__main__][INFO] - Instantiating datamodule <src.datamodules.SLE_datamodule_cos_knn_graph.SLEGraphDataModule>
[2025-09-14 23:40:04,263][numexpr.utils][INFO] - Note: NumExpr detected 20 cores but "NUMEXPR_MAX_THREADS" not set, so enforcing safe limit of 8.
[2025-09-14 23:40:04,263][numexpr.utils][INFO] - NumExpr defaulting to 8 threads.
[2025-09-14 23:40:04,730][src.datamodules.SLE_datamodule_cos_knn_graph][INFO] - Data file C:\Users\Administrator\Desktop\1PAPER\6_GCOM/data//SLE\processed\cos_knn_graph_data_23.pt does not exists, configure data from raw files
[2025-09-14 23:40:04,749][src.datamodules.SLE_datamodule_cos_knn_graph][INFO] - Data object is created.
[2025-09-14 23:40:04,751][src.datamodules.SLE_datamodule_cos_knn_graph][INFO] - Data file saved at C:\Users\Administrator\Desktop\1PAPER\6_GCOM/data//SLE\processed\cos_knn_graph_data_23.pt.
[2025-09-14 23:40:04,752][src.datamodules.SLE_datamodule_cos_knn_graph][INFO] - Data loading is done.
[2025-09-14 23:40:04,753][src.datamodules.SLE_datamodule_cos_knn_graph][INFO] - Data(x=[302, 16], edge_index=[2, 6946], y=[302, 2], reference_point=[2], train_mask=[302], val_mask=[302], test_mask=[302], x_dim=16)
[2025-09-14 23:40:04,754][__main__][INFO] - Instantiating model <src.models.gconvloc_localize_module_sle.LocalizationModule>
[2025-09-14 23:40:05,000][__main__][INFO] - Instantiating callbacks...
[2025-09-14 23:40:05,001][src.utils.utils][INFO] - Instantiating callback <pytorch_lightning.callbacks.ModelCheckpoint>
[2025-09-14 23:40:05,004][src.utils.utils][INFO] - Instantiating callback <pytorch_lightning.callbacks.EarlyStopping>
[2025-09-14 23:40:05,005][src.utils.utils][INFO] - Instantiating callback <pytorch_lightning.callbacks.RichModelSummary>
[2025-09-14 23:40:05,006][__main__][INFO] - Instantiating loggers...
[2025-09-14 23:40:05,006][src.utils.utils][INFO] - Instantiating logger <pytorch_lightning.loggers.csv_logs.CSVLogger>
[2025-09-14 23:40:05,008][src.utils.utils][INFO] - Instantiating logger <pytorch_lightning.loggers.tensorboard.TensorBoardLogger>
[2025-09-14 23:40:05,010][src.utils.utils][INFO] - Instantiating logger <pytorch_lightning.loggers.wandb.WandbLogger>
[2025-09-14 23:40:17,259][__main__][INFO] - Instantiating trainer <pytorch_lightning.Trainer>
[2025-09-14 23:40:17,271][__main__][INFO] - Logging hyperparameters!
[2025-09-14 23:40:17,287][__main__][INFO] - Starting training!
[2025-09-14 23:40:45,716][__main__][INFO] - Total training time: 28.43 seconds
[2025-09-14 23:40:45,717][__main__][INFO] - Starting testing!
[2025-09-14 23:40:46,001][__main__][INFO] - Total testing time: 0.28 seconds
[2025-09-14 23:40:46,002][__main__][INFO] - Best ckpt path: C:\Users\Administrator\Desktop\1PAPER\6_GCOM\logs\train\runs\2025-09-14_23-40-04/checkpoints\epoch_237.ckpt
[2025-09-14 23:40:46,005][src.utils.utils][INFO] - Closing loggers...
[2025-09-14 23:40:46,005][src.utils.utils][INFO] - Closing wandb!
[2025-09-14 23:40:48,920][src.utils.utils][INFO] - Output dir: C:\Users\Administrator\Desktop\1PAPER\6_GCOM\logs\train\runs\2025-09-14_23-40-04
[2025-09-14 23:40:48,920][src.utils.utils][INFO] - Metric name is None! Skipping metric value retrieval...
[2025-09-14 23:40:48,920][__main__][INFO] - Summary: Training time = 28.43 seconds, Testing time = 0.28 seconds
[2025-09-14 23:42:53,483][src.utils.utils][INFO] - Enforcing tags! <cfg.extras.enforce_tags=True>
[2025-09-14 23:42:53,488][src.utils.utils][INFO] - Printing config tree with Rich! <cfg.extras.print_config=True>
[2025-09-14 23:42:53,547][__main__][INFO] - Instantiating datamodule <src.datamodules.SLE_datamodule_cos_knn_graph.SLEGraphDataModule>
[2025-09-14 23:42:53,601][numexpr.utils][INFO] - Note: NumExpr detected 20 cores but "NUMEXPR_MAX_THREADS" not set, so enforcing safe limit of 8.
[2025-09-14 23:42:53,601][numexpr.utils][INFO] - NumExpr defaulting to 8 threads.
[2025-09-14 23:42:54,055][src.datamodules.SLE_datamodule_cos_knn_graph][INFO] - Data file C:\Users\Administrator\Desktop\1PAPER\6_GCOM/data//SLE\processed\cos_knn_graph_data_23.pt does not exists, configure data from raw files
[2025-09-14 23:42:54,071][src.datamodules.SLE_datamodule_cos_knn_graph][INFO] - Data object is created.
[2025-09-14 23:42:54,072][src.datamodules.SLE_datamodule_cos_knn_graph][INFO] - Data file saved at C:\Users\Administrator\Desktop\1PAPER\6_GCOM/data//SLE\processed\cos_knn_graph_data_23.pt.
[2025-09-14 23:42:54,074][src.datamodules.SLE_datamodule_cos_knn_graph][INFO] - Data loading is done.
[2025-09-14 23:42:54,074][src.datamodules.SLE_datamodule_cos_knn_graph][INFO] - Data(x=[302, 16], edge_index=[2, 6946], y=[302, 2], reference_point=[2], train_mask=[302], val_mask=[302], test_mask=[302], x_dim=16)
[2025-09-14 23:42:54,076][__main__][INFO] - Instantiating model <src.models.gconvloc_localize_module_sle.LocalizationModule>
[2025-09-14 23:42:54,313][__main__][INFO] - Instantiating callbacks...
[2025-09-14 23:42:54,314][src.utils.utils][INFO] - Instantiating callback <pytorch_lightning.callbacks.ModelCheckpoint>
[2025-09-14 23:42:54,317][src.utils.utils][INFO] - Instantiating callback <pytorch_lightning.callbacks.EarlyStopping>
[2025-09-14 23:42:54,318][src.utils.utils][INFO] - Instantiating callback <pytorch_lightning.callbacks.RichModelSummary>
[2025-09-14 23:42:54,318][__main__][INFO] - Instantiating loggers...
[2025-09-14 23:42:54,319][src.utils.utils][INFO] - Instantiating logger <pytorch_lightning.loggers.csv_logs.CSVLogger>
[2025-09-14 23:42:54,320][src.utils.utils][INFO] - Instantiating logger <pytorch_lightning.loggers.tensorboard.TensorBoardLogger>
[2025-09-14 23:42:54,322][src.utils.utils][INFO] - Instantiating logger <pytorch_lightning.loggers.wandb.WandbLogger>
[2025-09-14 23:43:07,509][__main__][INFO] - Instantiating trainer <pytorch_lightning.Trainer>
[2025-09-14 23:43:07,521][__main__][INFO] - Logging hyperparameters!
[2025-09-14 23:43:07,537][__main__][INFO] - Starting training!
[2025-09-14 23:43:35,001][__main__][INFO] - Total training time: 27.46 seconds
[2025-09-14 23:43:35,002][__main__][INFO] - Starting testing!
[2025-09-14 23:43:35,318][__main__][INFO] - Total testing time: 0.32 seconds
[2025-09-14 23:43:35,319][__main__][INFO] - Best ckpt path: C:\Users\Administrator\Desktop\1PAPER\6_GCOM\logs\train\runs\2025-09-14_23-42-53/checkpoints\epoch_230.ckpt
[2025-09-14 23:43:35,322][src.utils.utils][INFO] - Closing loggers...
[2025-09-14 23:43:35,322][src.utils.utils][INFO] - Closing wandb!
[2025-09-14 23:43:37,744][src.utils.utils][INFO] - Output dir: C:\Users\Administrator\Desktop\1PAPER\6_GCOM\logs\train\runs\2025-09-14_23-42-53
[2025-09-14 23:43:37,744][src.utils.utils][INFO] - Metric name is None! Skipping metric value retrieval...
[2025-09-14 23:43:37,744][__main__][INFO] - Summary: Training time = 27.46 seconds, Testing time = 0.32 seconds
[2025-09-14 23:45:39,877][src.utils.utils][INFO] - Enforcing tags! <cfg.extras.enforce_tags=True>
[2025-09-14 23:45:39,886][src.utils.utils][INFO] - Printing config tree with Rich! <cfg.extras.print_config=True>
[2025-09-14 23:45:39,946][__main__][INFO] - Instantiating datamodule <src.datamodules.SLE_datamodule_cos_knn_graph.SLEGraphDataModule>
[2025-09-14 23:45:40,001][numexpr.utils][INFO] - Note: NumExpr detected 20 cores but "NUMEXPR_MAX_THREADS" not set, so enforcing safe limit of 8.
[2025-09-14 23:45:40,001][numexpr.utils][INFO] - NumExpr defaulting to 8 threads.
[2025-09-14 23:45:40,472][src.datamodules.SLE_datamodule_cos_knn_graph][INFO] - Data file C:\Users\Administrator\Desktop\1PAPER\6_GCOM/data//SLE\processed\cos_knn_graph_data_23.pt does not exists, configure data from raw files
[2025-09-14 23:45:40,485][src.datamodules.SLE_datamodule_cos_knn_graph][INFO] - Data object is created.
[2025-09-14 23:45:40,488][src.datamodules.SLE_datamodule_cos_knn_graph][INFO] - Data file saved at C:\Users\Administrator\Desktop\1PAPER\6_GCOM/data//SLE\processed\cos_knn_graph_data_23.pt.
[2025-09-14 23:45:40,489][src.datamodules.SLE_datamodule_cos_knn_graph][INFO] - Data loading is done.
[2025-09-14 23:45:40,489][src.datamodules.SLE_datamodule_cos_knn_graph][INFO] - Data(x=[302, 16], edge_index=[2, 6946], y=[302, 2], reference_point=[2], train_mask=[302], val_mask=[302], test_mask=[302], x_dim=16)
[2025-09-14 23:45:40,490][__main__][INFO] - Instantiating model <src.models.gconvloc_localize_module_sle.LocalizationModule>
[2025-09-14 23:45:40,723][__main__][INFO] - Instantiating callbacks...
[2025-09-14 23:45:40,723][src.utils.utils][INFO] - Instantiating callback <pytorch_lightning.callbacks.ModelCheckpoint>
[2025-09-14 23:45:40,728][src.utils.utils][INFO] - Instantiating callback <pytorch_lightning.callbacks.EarlyStopping>
[2025-09-14 23:45:40,728][src.utils.utils][INFO] - Instantiating callback <pytorch_lightning.callbacks.RichModelSummary>
[2025-09-14 23:45:40,728][__main__][INFO] - Instantiating loggers...
[2025-09-14 23:45:40,731][src.utils.utils][INFO] - Instantiating logger <pytorch_lightning.loggers.csv_logs.CSVLogger>
[2025-09-14 23:45:40,732][src.utils.utils][INFO] - Instantiating logger <pytorch_lightning.loggers.tensorboard.TensorBoardLogger>
[2025-09-14 23:45:40,733][src.utils.utils][INFO] - Instantiating logger <pytorch_lightning.loggers.wandb.WandbLogger>
[2025-09-14 23:46:04,098][__main__][INFO] - Instantiating trainer <pytorch_lightning.Trainer>
[2025-09-14 23:46:04,110][__main__][INFO] - Logging hyperparameters!
[2025-09-14 23:46:04,126][__main__][INFO] - Starting training!
[2025-09-14 23:46:26,206][__main__][INFO] - Total training time: 22.08 seconds
[2025-09-14 23:46:26,208][__main__][INFO] - Starting testing!
[2025-09-14 23:46:26,451][__main__][INFO] - Total testing time: 0.24 seconds
[2025-09-14 23:46:26,453][__main__][INFO] - Best ckpt path: C:\Users\Administrator\Desktop\1PAPER\6_GCOM\logs\train\runs\2025-09-14_23-45-39/checkpoints\epoch_183.ckpt
[2025-09-14 23:46:26,454][src.utils.utils][INFO] - Closing loggers...
[2025-09-14 23:46:26,455][src.utils.utils][INFO] - Closing wandb!
[2025-09-14 23:46:29,327][src.utils.utils][INFO] - Output dir: C:\Users\Administrator\Desktop\1PAPER\6_GCOM\logs\train\runs\2025-09-14_23-45-39
[2025-09-14 23:46:29,329][src.utils.utils][INFO] - Metric name is None! Skipping metric value retrieval...
[2025-09-14 23:46:29,329][__main__][INFO] - Summary: Training time = 22.08 seconds, Testing time = 0.24 seconds
[2025-09-14 23:49:29,846][src.utils.utils][INFO] - Enforcing tags! <cfg.extras.enforce_tags=True>
[2025-09-14 23:49:29,851][src.utils.utils][INFO] - Printing config tree with Rich! <cfg.extras.print_config=True>
[2025-09-14 23:49:29,909][__main__][INFO] - Instantiating datamodule <src.datamodules.SLE_datamodule_cos_knn_graph.SLEGraphDataModule>
[2025-09-14 23:49:29,960][numexpr.utils][INFO] - Note: NumExpr detected 20 cores but "NUMEXPR_MAX_THREADS" not set, so enforcing safe limit of 8.
[2025-09-14 23:49:29,961][numexpr.utils][INFO] - NumExpr defaulting to 8 threads.
[2025-09-14 23:49:30,408][src.datamodules.SLE_datamodule_cos_knn_graph][INFO] - Data file C:\Users\Administrator\Desktop\1PAPER\6_GCOM/data//SLE\processed\cos_knn_graph_data_23.pt does not exists, configure data from raw files
[2025-09-14 23:49:30,423][src.datamodules.SLE_datamodule_cos_knn_graph][INFO] - Data object is created.
[2025-09-14 23:49:30,423][src.datamodules.SLE_datamodule_cos_knn_graph][INFO] - Data file saved at C:\Users\Administrator\Desktop\1PAPER\6_GCOM/data//SLE\processed\cos_knn_graph_data_23.pt.
[2025-09-14 23:49:30,428][src.datamodules.SLE_datamodule_cos_knn_graph][INFO] - Data loading is done.
[2025-09-14 23:49:30,428][src.datamodules.SLE_datamodule_cos_knn_graph][INFO] - Data(x=[302, 24], edge_index=[2, 6946], y=[302, 2], reference_point=[2], train_mask=[302], val_mask=[302], test_mask=[302], x_dim=24)
[2025-09-14 23:49:30,428][__main__][INFO] - Instantiating model <src.models.gconvloc_localize_module_sle.LocalizationModule>
[2025-09-14 23:49:30,671][__main__][INFO] - Instantiating callbacks...
[2025-09-14 23:49:30,671][src.utils.utils][INFO] - Instantiating callback <pytorch_lightning.callbacks.ModelCheckpoint>
[2025-09-14 23:49:30,675][src.utils.utils][INFO] - Instantiating callback <pytorch_lightning.callbacks.EarlyStopping>
[2025-09-14 23:49:30,676][src.utils.utils][INFO] - Instantiating callback <pytorch_lightning.callbacks.RichModelSummary>
[2025-09-14 23:49:30,677][__main__][INFO] - Instantiating loggers...
[2025-09-14 23:49:30,677][src.utils.utils][INFO] - Instantiating logger <pytorch_lightning.loggers.csv_logs.CSVLogger>
[2025-09-14 23:49:30,679][src.utils.utils][INFO] - Instantiating logger <pytorch_lightning.loggers.tensorboard.TensorBoardLogger>
[2025-09-14 23:49:30,680][src.utils.utils][INFO] - Instantiating logger <pytorch_lightning.loggers.wandb.WandbLogger>
[2025-09-14 23:49:43,118][__main__][INFO] - Instantiating trainer <pytorch_lightning.Trainer>
[2025-09-14 23:49:43,130][__main__][INFO] - Logging hyperparameters!
[2025-09-14 23:49:43,145][__main__][INFO] - Starting training!
[2025-09-14 23:50:14,515][__main__][INFO] - Total training time: 31.37 seconds
[2025-09-14 23:50:14,515][__main__][INFO] - Starting testing!
[2025-09-14 23:50:14,793][__main__][INFO] - Total testing time: 0.28 seconds
[2025-09-14 23:50:14,794][__main__][INFO] - Best ckpt path: C:\Users\Administrator\Desktop\1PAPER\6_GCOM\logs\train\runs\2025-09-14_23-49-29/checkpoints\epoch_263.ckpt
[2025-09-14 23:50:14,795][src.utils.utils][INFO] - Closing loggers...
[2025-09-14 23:50:14,796][src.utils.utils][INFO] - Closing wandb!
[2025-09-14 23:50:17,170][src.utils.utils][INFO] - Output dir: C:\Users\Administrator\Desktop\1PAPER\6_GCOM\logs\train\runs\2025-09-14_23-49-29
[2025-09-14 23:50:17,171][src.utils.utils][INFO] - Metric name is None! Skipping metric value retrieval...
[2025-09-14 23:50:17,172][__main__][INFO] - Summary: Training time = 31.37 seconds, Testing time = 0.28 seconds
[2025-09-14 23:57:10,014][src.utils.utils][INFO] - Enforcing tags! <cfg.extras.enforce_tags=True>
[2025-09-14 23:57:10,019][src.utils.utils][INFO] - Printing config tree with Rich! <cfg.extras.print_config=True>
[2025-09-14 23:57:10,082][__main__][INFO] - Instantiating datamodule <src.datamodules.SLE_datamodule_cos_knn_graph.SLEGraphDataModule>
[2025-09-14 23:57:10,139][numexpr.utils][INFO] - Note: NumExpr detected 20 cores but "NUMEXPR_MAX_THREADS" not set, so enforcing safe limit of 8.
[2025-09-14 23:57:10,139][numexpr.utils][INFO] - NumExpr defaulting to 8 threads.
[2025-09-14 23:57:10,627][src.datamodules.SLE_datamodule_cos_knn_graph][INFO] - Data file C:\Users\Administrator\Desktop\1PAPER\6_GCOM/data//SLE\processed\cos_knn_graph_data_23.pt does not exists, configure data from raw files
[2025-09-14 23:57:10,639][src.datamodules.SLE_datamodule_cos_knn_graph][INFO] - Data object is created.
[2025-09-14 23:57:10,641][src.datamodules.SLE_datamodule_cos_knn_graph][INFO] - Data file saved at C:\Users\Administrator\Desktop\1PAPER\6_GCOM/data//SLE\processed\cos_knn_graph_data_23.pt.
[2025-09-14 23:57:10,642][src.datamodules.SLE_datamodule_cos_knn_graph][INFO] - Data loading is done.
[2025-09-14 23:57:10,642][src.datamodules.SLE_datamodule_cos_knn_graph][INFO] - Data(x=[270, 8], edge_index=[2, 6210], y=[270, 2], reference_point=[2], train_mask=[270], val_mask=[270], test_mask=[270], x_dim=8)
[2025-09-14 23:57:10,644][__main__][INFO] - Instantiating model <src.models.gconvloc_localize_module_sle.LocalizationModule>
[2025-09-14 23:57:10,886][__main__][INFO] - Instantiating callbacks...
[2025-09-14 23:57:10,886][src.utils.utils][INFO] - Instantiating callback <pytorch_lightning.callbacks.ModelCheckpoint>
[2025-09-14 23:57:10,891][src.utils.utils][INFO] - Instantiating callback <pytorch_lightning.callbacks.EarlyStopping>
[2025-09-14 23:57:10,891][src.utils.utils][INFO] - Instantiating callback <pytorch_lightning.callbacks.RichModelSummary>
[2025-09-14 23:57:10,891][__main__][INFO] - Instantiating loggers...
[2025-09-14 23:57:10,893][src.utils.utils][INFO] - Instantiating logger <pytorch_lightning.loggers.csv_logs.CSVLogger>
[2025-09-14 23:57:10,895][src.utils.utils][INFO] - Instantiating logger <pytorch_lightning.loggers.tensorboard.TensorBoardLogger>
[2025-09-14 23:57:10,896][src.utils.utils][INFO] - Instantiating logger <pytorch_lightning.loggers.wandb.WandbLogger>
[2025-09-14 23:57:34,147][__main__][INFO] - Instantiating trainer <pytorch_lightning.Trainer>
[2025-09-14 23:57:34,158][__main__][INFO] - Logging hyperparameters!
[2025-09-14 23:57:34,173][__main__][INFO] - Starting training!
[2025-09-14 23:57:39,321][__main__][INFO] - Total training time: 5.15 seconds
[2025-09-14 23:57:39,322][__main__][INFO] - Starting testing!
[2025-09-14 23:57:39,563][__main__][INFO] - Total testing time: 0.24 seconds
[2025-09-14 23:57:39,568][__main__][INFO] - Best ckpt path: C:\Users\Administrator\Desktop\1PAPER\6_GCOM\logs\train\runs\2025-09-14_23-57-09/checkpoints\epoch_032.ckpt
[2025-09-14 23:57:39,569][src.utils.utils][INFO] - Closing loggers...
[2025-09-14 23:57:39,570][src.utils.utils][INFO] - Closing wandb!
[2025-09-14 23:57:44,807][src.utils.utils][INFO] - Output dir: C:\Users\Administrator\Desktop\1PAPER\6_GCOM\logs\train\runs\2025-09-14_23-57-09
[2025-09-14 23:57:44,808][src.utils.utils][INFO] - Metric name is None! Skipping metric value retrieval...
[2025-09-14 23:57:44,808][__main__][INFO] - Summary: Training time = 5.15 seconds, Testing time = 0.24 seconds
[2025-09-15 00:05:16,228][src.utils.utils][INFO] - Enforcing tags! <cfg.extras.enforce_tags=True>
[2025-09-15 00:05:16,236][src.utils.utils][INFO] - Printing config tree with Rich! <cfg.extras.print_config=True>
[2025-09-15 00:05:16,293][__main__][INFO] - Instantiating datamodule <src.datamodules.SLE_datamodule_cos_knn_graph.SLEGraphDataModule>
[2025-09-15 00:05:16,352][numexpr.utils][INFO] - Note: NumExpr detected 20 cores but "NUMEXPR_MAX_THREADS" not set, so enforcing safe limit of 8.
[2025-09-15 00:05:16,352][numexpr.utils][INFO] - NumExpr defaulting to 8 threads.
[2025-09-15 00:05:16,814][src.datamodules.SLE_datamodule_cos_knn_graph][INFO] - Data file C:\Users\Administrator\Desktop\1PAPER\6_GCOM/data//SLE\processed\cos_knn_graph_data_23.pt does not exists, configure data from raw files
[2025-09-15 00:05:16,827][src.datamodules.SLE_datamodule_cos_knn_graph][INFO] - Data object is created.
[2025-09-15 00:05:16,829][src.datamodules.SLE_datamodule_cos_knn_graph][INFO] - Data file saved at C:\Users\Administrator\Desktop\1PAPER\6_GCOM/data//SLE\processed\cos_knn_graph_data_23.pt.
[2025-09-15 00:05:16,830][src.datamodules.SLE_datamodule_cos_knn_graph][INFO] - Data loading is done.
[2025-09-15 00:05:16,830][src.datamodules.SLE_datamodule_cos_knn_graph][INFO] - Data(x=[270, 8], edge_index=[2, 6210], y=[270, 2], reference_point=[2], train_mask=[270], val_mask=[270], test_mask=[270], x_dim=8)
[2025-09-15 00:05:16,832][__main__][INFO] - Instantiating model <src.models.gconvloc_localize_module_sle.LocalizationModule>
[2025-09-15 00:05:17,069][__main__][INFO] - Instantiating callbacks...
[2025-09-15 00:05:17,074][src.utils.utils][INFO] - Instantiating callback <pytorch_lightning.callbacks.ModelCheckpoint>
[2025-09-15 00:05:17,074][src.utils.utils][INFO] - Instantiating callback <pytorch_lightning.callbacks.EarlyStopping>
[2025-09-15 00:05:17,074][src.utils.utils][INFO] - Instantiating callback <pytorch_lightning.callbacks.RichModelSummary>
[2025-09-15 00:05:17,079][__main__][INFO] - Instantiating loggers...
[2025-09-15 00:05:17,079][src.utils.utils][INFO] - Instantiating logger <pytorch_lightning.loggers.csv_logs.CSVLogger>
[2025-09-15 00:05:17,080][src.utils.utils][INFO] - Instantiating logger <pytorch_lightning.loggers.tensorboard.TensorBoardLogger>
[2025-09-15 00:05:17,080][src.utils.utils][INFO] - Instantiating logger <pytorch_lightning.loggers.wandb.WandbLogger>
[2025-09-15 00:05:29,210][__main__][INFO] - Instantiating trainer <pytorch_lightning.Trainer>
[2025-09-15 00:05:29,221][__main__][INFO] - Logging hyperparameters!
[2025-09-15 00:05:29,237][__main__][INFO] - Starting training!
[2025-09-15 00:05:34,905][__main__][INFO] - Total training time: 5.67 seconds
[2025-09-15 00:05:34,908][__main__][INFO] - Starting testing!
[2025-09-15 00:05:35,212][__main__][INFO] - Total testing time: 0.30 seconds
[2025-09-15 00:05:35,212][__main__][INFO] - Best ckpt path: C:\Users\Administrator\Desktop\1PAPER\6_GCOM\logs\train\runs\2025-09-15_00-05-16/checkpoints\epoch_034.ckpt
[2025-09-15 00:05:35,214][src.utils.utils][INFO] - Closing loggers...
[2025-09-15 00:05:35,214][src.utils.utils][INFO] - Closing wandb!
[2025-09-15 00:05:43,986][src.utils.utils][INFO] - Output dir: C:\Users\Administrator\Desktop\1PAPER\6_GCOM\logs\train\runs\2025-09-15_00-05-16
[2025-09-15 00:05:43,986][src.utils.utils][INFO] - Metric name is None! Skipping metric value retrieval...
[2025-09-15 00:05:43,987][__main__][INFO] - Summary: Training time = 5.67 seconds, Testing time = 0.30 seconds
[2025-09-15 00:10:10,545][src.utils.utils][INFO] - Enforcing tags! <cfg.extras.enforce_tags=True>
[2025-09-15 00:10:10,551][src.utils.utils][INFO] - Printing config tree with Rich! <cfg.extras.print_config=True>
[2025-09-15 00:10:10,611][__main__][INFO] - Instantiating datamodule <src.datamodules.SLE_datamodule_cos_knn_graph.SLEGraphDataModule>
[2025-09-15 00:10:10,663][numexpr.utils][INFO] - Note: NumExpr detected 20 cores but "NUMEXPR_MAX_THREADS" not set, so enforcing safe limit of 8.
[2025-09-15 00:10:10,664][numexpr.utils][INFO] - NumExpr defaulting to 8 threads.
[2025-09-15 00:10:11,118][src.datamodules.SLE_datamodule_cos_knn_graph][INFO] - Data file C:\Users\Administrator\Desktop\1PAPER\6_GCOM/data//SLE\processed\cos_knn_graph_data_23.pt does not exists, configure data from raw files
[2025-09-15 00:10:11,133][src.datamodules.SLE_datamodule_cos_knn_graph][INFO] - Data object is created.
[2025-09-15 00:10:11,135][src.datamodules.SLE_datamodule_cos_knn_graph][INFO] - Data file saved at C:\Users\Administrator\Desktop\1PAPER\6_GCOM/data//SLE\processed\cos_knn_graph_data_23.pt.
[2025-09-15 00:10:11,135][src.datamodules.SLE_datamodule_cos_knn_graph][INFO] - Data loading is done.
[2025-09-15 00:10:11,135][src.datamodules.SLE_datamodule_cos_knn_graph][INFO] - Data(x=[270, 8], edge_index=[2, 6210], y=[270, 2], reference_point=[2], train_mask=[270], val_mask=[270], test_mask=[270], x_dim=8)
[2025-09-15 00:10:11,135][__main__][INFO] - Instantiating model <src.models.gconvloc_localize_module_sle.LocalizationModule>
[2025-09-15 00:10:11,375][__main__][INFO] - Instantiating callbacks...
[2025-09-15 00:10:11,375][src.utils.utils][INFO] - Instantiating callback <pytorch_lightning.callbacks.ModelCheckpoint>
[2025-09-15 00:10:11,380][src.utils.utils][INFO] - Instantiating callback <pytorch_lightning.callbacks.EarlyStopping>
[2025-09-15 00:10:11,380][src.utils.utils][INFO] - Instantiating callback <pytorch_lightning.callbacks.RichModelSummary>
[2025-09-15 00:10:11,380][__main__][INFO] - Instantiating loggers...
[2025-09-15 00:10:11,385][src.utils.utils][INFO] - Instantiating logger <pytorch_lightning.loggers.csv_logs.CSVLogger>
[2025-09-15 00:10:11,386][src.utils.utils][INFO] - Instantiating logger <pytorch_lightning.loggers.tensorboard.TensorBoardLogger>
[2025-09-15 00:10:11,387][src.utils.utils][INFO] - Instantiating logger <pytorch_lightning.loggers.wandb.WandbLogger>
[2025-09-15 00:10:35,025][__main__][INFO] - Instantiating trainer <pytorch_lightning.Trainer>
[2025-09-15 00:10:35,036][__main__][INFO] - Logging hyperparameters!
[2025-09-15 00:10:35,053][__main__][INFO] - Starting training!
[2025-09-15 00:10:40,612][__main__][INFO] - Total training time: 5.56 seconds
[2025-09-15 00:10:40,612][__main__][INFO] - Starting testing!
[2025-09-15 00:10:40,892][__main__][INFO] - Total testing time: 0.28 seconds
[2025-09-15 00:10:40,894][__main__][INFO] - Best ckpt path: C:\Users\Administrator\Desktop\1PAPER\6_GCOM\logs\train\runs\2025-09-15_00-10-10/checkpoints\epoch_035.ckpt
[2025-09-15 00:10:40,895][src.utils.utils][INFO] - Closing loggers...
[2025-09-15 00:10:40,896][src.utils.utils][INFO] - Closing wandb!
[2025-09-15 00:10:44,187][src.utils.utils][INFO] - Output dir: C:\Users\Administrator\Desktop\1PAPER\6_GCOM\logs\train\runs\2025-09-15_00-10-10
[2025-09-15 00:10:44,187][src.utils.utils][INFO] - Metric name is None! Skipping metric value retrieval...
[2025-09-15 00:10:44,187][__main__][INFO] - Summary: Training time = 5.56 seconds, Testing time = 0.28 seconds
[2025-09-15 00:22:21,580][src.utils.utils][INFO] - Enforcing tags! <cfg.extras.enforce_tags=True>
[2025-09-15 00:22:21,585][src.utils.utils][INFO] - Printing config tree with Rich! <cfg.extras.print_config=True>
[2025-09-15 00:22:21,648][__main__][INFO] - Instantiating datamodule <src.datamodules.SLE_datamodule_cos_knn_graph.SLEGraphDataModule>
[2025-09-15 00:22:21,703][numexpr.utils][INFO] - Note: NumExpr detected 20 cores but "NUMEXPR_MAX_THREADS" not set, so enforcing safe limit of 8.
[2025-09-15 00:22:21,703][numexpr.utils][INFO] - NumExpr defaulting to 8 threads.
[2025-09-15 00:22:22,189][src.datamodules.SLE_datamodule_cos_knn_graph][INFO] - Data file C:\Users\Administrator\Desktop\1PAPER\6_GCOM/data//SLE\processed\cos_knn_graph_data_23.pt does not exists, configure data from raw files
[2025-09-15 00:22:22,203][src.datamodules.SLE_datamodule_cos_knn_graph][INFO] - Data object is created.
[2025-09-15 00:22:22,205][src.datamodules.SLE_datamodule_cos_knn_graph][INFO] - Data file saved at C:\Users\Administrator\Desktop\1PAPER\6_GCOM/data//SLE\processed\cos_knn_graph_data_23.pt.
[2025-09-15 00:22:22,205][src.datamodules.SLE_datamodule_cos_knn_graph][INFO] - Data loading is done.
[2025-09-15 00:22:22,205][src.datamodules.SLE_datamodule_cos_knn_graph][INFO] - Data(x=[270, 16], edge_index=[2, 6210], y=[270, 2], reference_point=[2], train_mask=[270], val_mask=[270], test_mask=[270], x_dim=16)
[2025-09-15 00:22:22,205][__main__][INFO] - Instantiating model <src.models.gconvloc_localize_module_sle.LocalizationModule>
[2025-09-15 00:22:22,481][__main__][INFO] - Instantiating callbacks...
[2025-09-15 00:22:22,482][src.utils.utils][INFO] - Instantiating callback <pytorch_lightning.callbacks.ModelCheckpoint>
[2025-09-15 00:22:22,486][src.utils.utils][INFO] - Instantiating callback <pytorch_lightning.callbacks.EarlyStopping>
[2025-09-15 00:22:22,486][src.utils.utils][INFO] - Instantiating callback <pytorch_lightning.callbacks.RichModelSummary>
[2025-09-15 00:22:22,487][__main__][INFO] - Instantiating loggers...
[2025-09-15 00:22:22,487][src.utils.utils][INFO] - Instantiating logger <pytorch_lightning.loggers.csv_logs.CSVLogger>
[2025-09-15 00:22:22,489][src.utils.utils][INFO] - Instantiating logger <pytorch_lightning.loggers.tensorboard.TensorBoardLogger>
[2025-09-15 00:22:22,490][src.utils.utils][INFO] - Instantiating logger <pytorch_lightning.loggers.wandb.WandbLogger>
[2025-09-15 00:22:45,762][__main__][INFO] - Instantiating trainer <pytorch_lightning.Trainer>
[2025-09-15 00:22:45,774][__main__][INFO] - Logging hyperparameters!
[2025-09-15 00:22:45,790][__main__][INFO] - Starting training!
[2025-09-15 00:22:52,221][__main__][INFO] - Total training time: 6.43 seconds
[2025-09-15 00:22:52,221][__main__][INFO] - Starting testing!
[2025-09-15 00:22:52,508][__main__][INFO] - Total testing time: 0.29 seconds
[2025-09-15 00:22:52,508][__main__][INFO] - Best ckpt path: C:\Users\Administrator\Desktop\1PAPER\6_GCOM\logs\train\runs\2025-09-15_00-22-21/checkpoints\epoch_043.ckpt
[2025-09-15 00:22:52,510][src.utils.utils][INFO] - Closing loggers...
[2025-09-15 00:22:52,511][src.utils.utils][INFO] - Closing wandb!
[2025-09-15 00:22:55,382][src.utils.utils][INFO] - Output dir: C:\Users\Administrator\Desktop\1PAPER\6_GCOM\logs\train\runs\2025-09-15_00-22-21
[2025-09-15 00:22:55,383][src.utils.utils][INFO] - Metric name is None! Skipping metric value retrieval...
[2025-09-15 00:22:55,383][__main__][INFO] - Summary: Training time = 6.43 seconds, Testing time = 0.29 seconds
[2025-09-15 00:25:27,823][src.utils.utils][INFO] - Enforcing tags! <cfg.extras.enforce_tags=True>
[2025-09-15 00:25:27,829][src.utils.utils][INFO] - Printing config tree with Rich! <cfg.extras.print_config=True>
[2025-09-15 00:25:27,889][__main__][INFO] - Instantiating datamodule <src.datamodules.SLE_datamodule_cos_knn_graph.SLEGraphDataModule>
[2025-09-15 00:25:27,941][numexpr.utils][INFO] - Note: NumExpr detected 20 cores but "NUMEXPR_MAX_THREADS" not set, so enforcing safe limit of 8.
[2025-09-15 00:25:27,941][numexpr.utils][INFO] - NumExpr defaulting to 8 threads.
[2025-09-15 00:25:28,402][src.datamodules.SLE_datamodule_cos_knn_graph][INFO] - Data file C:\Users\Administrator\Desktop\1PAPER\6_GCOM/data//SLE\processed\cos_knn_graph_data_23.pt does not exists, configure data from raw files
[2025-09-15 00:25:28,419][src.datamodules.SLE_datamodule_cos_knn_graph][INFO] - Data object is created.
[2025-09-15 00:25:28,421][src.datamodules.SLE_datamodule_cos_knn_graph][INFO] - Data file saved at C:\Users\Administrator\Desktop\1PAPER\6_GCOM/data//SLE\processed\cos_knn_graph_data_23.pt.
[2025-09-15 00:25:28,422][src.datamodules.SLE_datamodule_cos_knn_graph][INFO] - Data loading is done.
[2025-09-15 00:25:28,422][src.datamodules.SLE_datamodule_cos_knn_graph][INFO] - Data(x=[270, 16], edge_index=[2, 6210], y=[270, 2], reference_point=[2], train_mask=[270], val_mask=[270], test_mask=[270], x_dim=16)
[2025-09-15 00:25:28,423][__main__][INFO] - Instantiating model <src.models.gconvloc_localize_module_sle.LocalizationModule>
[2025-09-15 00:25:28,669][__main__][INFO] - Instantiating callbacks...
[2025-09-15 00:25:28,669][src.utils.utils][INFO] - Instantiating callback <pytorch_lightning.callbacks.ModelCheckpoint>
[2025-09-15 00:25:28,677][src.utils.utils][INFO] - Instantiating callback <pytorch_lightning.callbacks.EarlyStopping>
[2025-09-15 00:25:28,678][src.utils.utils][INFO] - Instantiating callback <pytorch_lightning.callbacks.RichModelSummary>
[2025-09-15 00:25:28,679][__main__][INFO] - Instantiating loggers...
[2025-09-15 00:25:28,679][src.utils.utils][INFO] - Instantiating logger <pytorch_lightning.loggers.csv_logs.CSVLogger>
[2025-09-15 00:25:28,680][src.utils.utils][INFO] - Instantiating logger <pytorch_lightning.loggers.tensorboard.TensorBoardLogger>
[2025-09-15 00:25:28,682][src.utils.utils][INFO] - Instantiating logger <pytorch_lightning.loggers.wandb.WandbLogger>
[2025-09-15 00:25:41,484][__main__][INFO] - Instantiating trainer <pytorch_lightning.Trainer>
[2025-09-15 00:25:41,496][__main__][INFO] - Logging hyperparameters!
[2025-09-15 00:25:41,512][__main__][INFO] - Starting training!
[2025-09-15 00:25:47,755][__main__][INFO] - Total training time: 6.24 seconds
[2025-09-15 00:25:47,756][__main__][INFO] - Starting testing!
[2025-09-15 00:25:48,022][__main__][INFO] - Total testing time: 0.26 seconds
[2025-09-15 00:25:48,023][__main__][INFO] - Best ckpt path: C:\Users\Administrator\Desktop\1PAPER\6_GCOM\logs\train\runs\2025-09-15_00-25-27/checkpoints\epoch_043.ckpt
[2025-09-15 00:25:48,024][src.utils.utils][INFO] - Closing loggers...
[2025-09-15 00:25:48,025][src.utils.utils][INFO] - Closing wandb!
[2025-09-15 00:25:50,982][src.utils.utils][INFO] - Output dir: C:\Users\Administrator\Desktop\1PAPER\6_GCOM\logs\train\runs\2025-09-15_00-25-27
[2025-09-15 00:25:50,983][src.utils.utils][INFO] - Metric name is None! Skipping metric value retrieval...
[2025-09-15 00:25:50,984][__main__][INFO] - Summary: Training time = 6.24 seconds, Testing time = 0.26 seconds
[2025-09-15 00:31:46,083][src.utils.utils][INFO] - Enforcing tags! <cfg.extras.enforce_tags=True>
[2025-09-15 00:31:46,089][src.utils.utils][INFO] - Printing config tree with Rich! <cfg.extras.print_config=True>
[2025-09-15 00:31:46,147][__main__][INFO] - Instantiating datamodule <src.datamodules.SLE_datamodule_cos_knn_graph.SLEGraphDataModule>
[2025-09-15 00:31:46,211][numexpr.utils][INFO] - Note: NumExpr detected 20 cores but "NUMEXPR_MAX_THREADS" not set, so enforcing safe limit of 8.
[2025-09-15 00:31:46,211][numexpr.utils][INFO] - NumExpr defaulting to 8 threads.
[2025-09-15 00:31:46,683][src.datamodules.SLE_datamodule_cos_knn_graph][INFO] - Data file C:\Users\Administrator\Desktop\1PAPER\6_GCOM/data//SLE\processed\cos_knn_graph_data_23.pt does not exists, configure data from raw files
[2025-09-15 00:31:46,696][src.datamodules.SLE_datamodule_cos_knn_graph][INFO] - Data object is created.
[2025-09-15 00:31:46,699][src.datamodules.SLE_datamodule_cos_knn_graph][INFO] - Data file saved at C:\Users\Administrator\Desktop\1PAPER\6_GCOM/data//SLE\processed\cos_knn_graph_data_23.pt.
[2025-09-15 00:31:46,699][src.datamodules.SLE_datamodule_cos_knn_graph][INFO] - Data loading is done.
[2025-09-15 00:31:46,699][src.datamodules.SLE_datamodule_cos_knn_graph][INFO] - Data(x=[270, 16], edge_index=[2, 6210], y=[270, 2], reference_point=[2], train_mask=[270], val_mask=[270], test_mask=[270], x_dim=16)
[2025-09-15 00:31:46,702][__main__][INFO] - Instantiating model <src.models.gconvloc_localize_module_sle.LocalizationModule>
[2025-09-15 00:31:46,936][__main__][INFO] - Instantiating callbacks...
[2025-09-15 00:31:46,941][src.utils.utils][INFO] - Instantiating callback <pytorch_lightning.callbacks.ModelCheckpoint>
[2025-09-15 00:31:46,941][src.utils.utils][INFO] - Instantiating callback <pytorch_lightning.callbacks.EarlyStopping>
[2025-09-15 00:31:46,941][src.utils.utils][INFO] - Instantiating callback <pytorch_lightning.callbacks.RichModelSummary>
[2025-09-15 00:31:46,946][__main__][INFO] - Instantiating loggers...
[2025-09-15 00:31:46,946][src.utils.utils][INFO] - Instantiating logger <pytorch_lightning.loggers.csv_logs.CSVLogger>
[2025-09-15 00:31:46,947][src.utils.utils][INFO] - Instantiating logger <pytorch_lightning.loggers.tensorboard.TensorBoardLogger>
[2025-09-15 00:31:46,949][src.utils.utils][INFO] - Instantiating logger <pytorch_lightning.loggers.wandb.WandbLogger>
[2025-09-15 00:32:10,346][__main__][INFO] - Instantiating trainer <pytorch_lightning.Trainer>
[2025-09-15 00:32:10,357][__main__][INFO] - Logging hyperparameters!
[2025-09-15 00:32:10,373][__main__][INFO] - Starting training!
[2025-09-15 00:32:32,266][__main__][INFO] - Total training time: 21.89 seconds
[2025-09-15 00:32:32,266][__main__][INFO] - Starting testing!
[2025-09-15 00:32:32,609][__main__][INFO] - Total testing time: 0.34 seconds
[2025-09-15 00:32:32,609][__main__][INFO] - Best ckpt path: C:\Users\Administrator\Desktop\1PAPER\6_GCOM\logs\train\runs\2025-09-15_00-31-46/checkpoints\epoch_207.ckpt
[2025-09-15 00:32:32,612][src.utils.utils][INFO] - Closing loggers...
[2025-09-15 00:32:32,612][src.utils.utils][INFO] - Closing wandb!
[2025-09-15 00:32:34,979][src.utils.utils][INFO] - Output dir: C:\Users\Administrator\Desktop\1PAPER\6_GCOM\logs\train\runs\2025-09-15_00-31-46
[2025-09-15 00:32:34,979][src.utils.utils][INFO] - Metric name is None! Skipping metric value retrieval...
[2025-09-15 00:32:34,979][__main__][INFO] - Summary: Training time = 21.89 seconds, Testing time = 0.34 seconds
[2025-09-15 00:36:24,303][src.utils.utils][INFO] - Enforcing tags! <cfg.extras.enforce_tags=True>
[2025-09-15 00:36:24,312][src.utils.utils][INFO] - Printing config tree with Rich! <cfg.extras.print_config=True>
[2025-09-15 00:36:24,368][__main__][INFO] - Instantiating datamodule <src.datamodules.SLE_datamodule_cos_knn_graph.SLEGraphDataModule>
[2025-09-15 00:36:24,415][numexpr.utils][INFO] - Note: NumExpr detected 20 cores but "NUMEXPR_MAX_THREADS" not set, so enforcing safe limit of 8.
[2025-09-15 00:36:24,415][numexpr.utils][INFO] - NumExpr defaulting to 8 threads.
[2025-09-15 00:36:24,868][src.datamodules.SLE_datamodule_cos_knn_graph][INFO] - Data file C:\Users\Administrator\Desktop\1PAPER\6_GCOM/data//SLE\processed\cos_knn_graph_data_23.pt does not exists, configure data from raw files
[2025-09-15 00:36:24,883][src.datamodules.SLE_datamodule_cos_knn_graph][INFO] - Data object is created.
[2025-09-15 00:36:24,885][src.datamodules.SLE_datamodule_cos_knn_graph][INFO] - Data file saved at C:\Users\Administrator\Desktop\1PAPER\6_GCOM/data//SLE\processed\cos_knn_graph_data_23.pt.
[2025-09-15 00:36:24,886][src.datamodules.SLE_datamodule_cos_knn_graph][INFO] - Data loading is done.
[2025-09-15 00:36:24,886][src.datamodules.SLE_datamodule_cos_knn_graph][INFO] - Data(x=[270, 24], edge_index=[2, 6210], y=[270, 2], reference_point=[2], train_mask=[270], val_mask=[270], test_mask=[270], x_dim=24)
[2025-09-15 00:36:24,887][__main__][INFO] - Instantiating model <src.models.gconvloc_localize_module_sle.LocalizationModule>
[2025-09-15 00:36:25,127][__main__][INFO] - Instantiating callbacks...
[2025-09-15 00:36:25,128][src.utils.utils][INFO] - Instantiating callback <pytorch_lightning.callbacks.ModelCheckpoint>
[2025-09-15 00:36:25,131][src.utils.utils][INFO] - Instantiating callback <pytorch_lightning.callbacks.EarlyStopping>
[2025-09-15 00:36:25,132][src.utils.utils][INFO] - Instantiating callback <pytorch_lightning.callbacks.RichModelSummary>
[2025-09-15 00:36:25,133][__main__][INFO] - Instantiating loggers...
[2025-09-15 00:36:25,133][src.utils.utils][INFO] - Instantiating logger <pytorch_lightning.loggers.csv_logs.CSVLogger>
[2025-09-15 00:36:25,135][src.utils.utils][INFO] - Instantiating logger <pytorch_lightning.loggers.tensorboard.TensorBoardLogger>
[2025-09-15 00:36:25,136][src.utils.utils][INFO] - Instantiating logger <pytorch_lightning.loggers.wandb.WandbLogger>
[2025-09-15 00:36:37,596][__main__][INFO] - Instantiating trainer <pytorch_lightning.Trainer>
[2025-09-15 00:36:37,606][__main__][INFO] - Logging hyperparameters!
[2025-09-15 00:36:37,621][__main__][INFO] - Starting training!
[2025-09-15 00:36:54,377][__main__][INFO] - Total training time: 16.76 seconds
[2025-09-15 00:36:54,377][__main__][INFO] - Starting testing!
[2025-09-15 00:36:54,684][__main__][INFO] - Total testing time: 0.31 seconds
[2025-09-15 00:36:54,684][__main__][INFO] - Best ckpt path: C:\Users\Administrator\Desktop\1PAPER\6_GCOM\logs\train\runs\2025-09-15_00-36-24/checkpoints\epoch_156.ckpt
[2025-09-15 00:36:54,688][src.utils.utils][INFO] - Closing loggers...
[2025-09-15 00:36:54,688][src.utils.utils][INFO] - Closing wandb!
[2025-09-15 00:36:56,677][src.utils.utils][INFO] - Output dir: C:\Users\Administrator\Desktop\1PAPER\6_GCOM\logs\train\runs\2025-09-15_00-36-24
[2025-09-15 00:36:56,678][src.utils.utils][INFO] - Metric name is None! Skipping metric value retrieval...
[2025-09-15 00:36:56,678][__main__][INFO] - Summary: Training time = 16.76 seconds, Testing time = 0.31 seconds
[2025-09-15 00:40:52,732][src.utils.utils][INFO] - Enforcing tags! <cfg.extras.enforce_tags=True>
[2025-09-15 00:40:52,737][src.utils.utils][INFO] - Printing config tree with Rich! <cfg.extras.print_config=True>
[2025-09-15 00:40:52,801][__main__][INFO] - Instantiating datamodule <src.datamodules.SLE_datamodule_cos_knn_graph.SLEGraphDataModule>
[2025-09-15 00:40:52,855][numexpr.utils][INFO] - Note: NumExpr detected 20 cores but "NUMEXPR_MAX_THREADS" not set, so enforcing safe limit of 8.
[2025-09-15 00:40:52,855][numexpr.utils][INFO] - NumExpr defaulting to 8 threads.
[2025-09-15 00:40:53,323][src.datamodules.SLE_datamodule_cos_knn_graph][INFO] - Data file C:\Users\Administrator\Desktop\1PAPER\6_GCOM/data//SLE\processed\cos_knn_graph_data_23.pt does not exists, configure data from raw files
[2025-09-15 00:40:53,337][src.datamodules.SLE_datamodule_cos_knn_graph][INFO] - Data object is created.
[2025-09-15 00:40:53,339][src.datamodules.SLE_datamodule_cos_knn_graph][INFO] - Data file saved at C:\Users\Administrator\Desktop\1PAPER\6_GCOM/data//SLE\processed\cos_knn_graph_data_23.pt.
[2025-09-15 00:40:53,340][src.datamodules.SLE_datamodule_cos_knn_graph][INFO] - Data loading is done.
[2025-09-15 00:40:53,340][src.datamodules.SLE_datamodule_cos_knn_graph][INFO] - Data(x=[270, 8], edge_index=[2, 6210], y=[270, 2], reference_point=[2], train_mask=[270], val_mask=[270], test_mask=[270], x_dim=8)
[2025-09-15 00:40:53,341][__main__][INFO] - Instantiating model <src.models.gconvloc_localize_module_sle.LocalizationModule>
[2025-09-15 00:40:53,582][__main__][INFO] - Instantiating callbacks...
[2025-09-15 00:40:53,582][src.utils.utils][INFO] - Instantiating callback <pytorch_lightning.callbacks.ModelCheckpoint>
[2025-09-15 00:40:53,590][src.utils.utils][INFO] - Instantiating callback <pytorch_lightning.callbacks.EarlyStopping>
[2025-09-15 00:40:53,591][src.utils.utils][INFO] - Instantiating callback <pytorch_lightning.callbacks.RichModelSummary>
[2025-09-15 00:40:53,591][__main__][INFO] - Instantiating loggers...
[2025-09-15 00:40:53,592][src.utils.utils][INFO] - Instantiating logger <pytorch_lightning.loggers.csv_logs.CSVLogger>
[2025-09-15 00:40:53,593][src.utils.utils][INFO] - Instantiating logger <pytorch_lightning.loggers.tensorboard.TensorBoardLogger>
[2025-09-15 00:40:53,595][src.utils.utils][INFO] - Instantiating logger <pytorch_lightning.loggers.wandb.WandbLogger>
[2025-09-15 00:41:06,376][__main__][INFO] - Instantiating trainer <pytorch_lightning.Trainer>
[2025-09-15 00:41:06,387][__main__][INFO] - Logging hyperparameters!
[2025-09-15 00:41:06,403][__main__][INFO] - Starting training!
[2025-09-15 00:41:11,595][__main__][INFO] - Total training time: 5.19 seconds
[2025-09-15 00:41:11,596][__main__][INFO] - Starting testing!
[2025-09-15 00:41:11,850][__main__][INFO] - Total testing time: 0.25 seconds
[2025-09-15 00:41:11,850][__main__][INFO] - Best ckpt path: C:\Users\Administrator\Desktop\1PAPER\6_GCOM\logs\train\runs\2025-09-15_00-40-52/checkpoints\epoch_032.ckpt
[2025-09-15 00:41:11,852][src.utils.utils][INFO] - Closing loggers...
[2025-09-15 00:41:11,853][src.utils.utils][INFO] - Closing wandb!
[2025-09-15 00:41:14,271][src.utils.utils][INFO] - Output dir: C:\Users\Administrator\Desktop\1PAPER\6_GCOM\logs\train\runs\2025-09-15_00-40-52
[2025-09-15 00:41:14,271][src.utils.utils][INFO] - Metric name is None! Skipping metric value retrieval...
[2025-09-15 00:41:14,271][__main__][INFO] - Summary: Training time = 5.19 seconds, Testing time = 0.25 seconds
[2025-09-15 01:25:35,175][src.utils.utils][INFO] - Enforcing tags! <cfg.extras.enforce_tags=True>
[2025-09-15 01:25:35,180][src.utils.utils][INFO] - Printing config tree with Rich! <cfg.extras.print_config=True>
[2025-09-15 01:25:35,243][__main__][INFO] - Instantiating datamodule <src.datamodules.SLE_datamodule_cos_knn_graph.SLEGraphDataModule>
[2025-09-15 01:25:35,296][numexpr.utils][INFO] - Note: NumExpr detected 20 cores but "NUMEXPR_MAX_THREADS" not set, so enforcing safe limit of 8.
[2025-09-15 01:25:35,296][numexpr.utils][INFO] - NumExpr defaulting to 8 threads.
[2025-09-15 01:25:35,760][src.datamodules.SLE_datamodule_cos_knn_graph][INFO] - Data file C:\Users\Administrator\Desktop\1PAPER\6_GCOM/data//SLE\processed\cos_knn_graph_data_23.pt does not exists, configure data from raw files
[2025-09-15 01:25:35,772][src.datamodules.SLE_datamodule_cos_knn_graph][INFO] - Data object is created.
[2025-09-15 01:25:35,774][src.datamodules.SLE_datamodule_cos_knn_graph][INFO] - Data file saved at C:\Users\Administrator\Desktop\1PAPER\6_GCOM/data//SLE\processed\cos_knn_graph_data_23.pt.
[2025-09-15 01:25:35,775][src.datamodules.SLE_datamodule_cos_knn_graph][INFO] - Data loading is done.
[2025-09-15 01:25:35,775][src.datamodules.SLE_datamodule_cos_knn_graph][INFO] - Data(x=[270, 8], edge_index=[2, 6210], y=[270, 2], reference_point=[2], train_mask=[270], val_mask=[270], test_mask=[270], x_dim=8)
[2025-09-15 01:25:35,776][__main__][INFO] - Instantiating model <src.models.gconvloc_localize_module_sle.LocalizationModule>
[2025-09-15 01:25:36,020][__main__][INFO] - Instantiating callbacks...
[2025-09-15 01:25:36,020][src.utils.utils][INFO] - Instantiating callback <pytorch_lightning.callbacks.ModelCheckpoint>
[2025-09-15 01:25:36,020][src.utils.utils][INFO] - Instantiating callback <pytorch_lightning.callbacks.EarlyStopping>
[2025-09-15 01:25:36,025][src.utils.utils][INFO] - Instantiating callback <pytorch_lightning.callbacks.RichModelSummary>
[2025-09-15 01:25:36,025][__main__][INFO] - Instantiating loggers...
[2025-09-15 01:25:36,026][src.utils.utils][INFO] - Instantiating logger <pytorch_lightning.loggers.csv_logs.CSVLogger>
[2025-09-15 01:25:36,027][src.utils.utils][INFO] - Instantiating logger <pytorch_lightning.loggers.tensorboard.TensorBoardLogger>
[2025-09-15 01:25:36,030][src.utils.utils][INFO] - Instantiating logger <pytorch_lightning.loggers.wandb.WandbLogger>
[2025-09-15 01:25:59,184][__main__][INFO] - Instantiating trainer <pytorch_lightning.Trainer>
[2025-09-15 01:25:59,195][__main__][INFO] - Logging hyperparameters!
[2025-09-15 01:25:59,211][__main__][INFO] - Starting training!
[2025-09-15 01:26:03,780][__main__][INFO] - Total training time: 4.57 seconds
[2025-09-15 01:26:03,781][__main__][INFO] - Starting testing!
[2025-09-15 01:26:04,034][__main__][INFO] - Total testing time: 0.25 seconds
[2025-09-15 01:26:04,035][__main__][INFO] - Best ckpt path: C:\Users\Administrator\Desktop\1PAPER\6_GCOM\logs\train\runs\2025-09-15_01-25-35/checkpoints\epoch_026.ckpt
[2025-09-15 01:26:04,036][src.utils.utils][INFO] - Closing loggers...
[2025-09-15 01:26:04,037][src.utils.utils][INFO] - Closing wandb!
[2025-09-15 01:26:07,036][src.utils.utils][INFO] - Output dir: C:\Users\Administrator\Desktop\1PAPER\6_GCOM\logs\train\runs\2025-09-15_01-25-35
[2025-09-15 01:26:07,037][src.utils.utils][INFO] - Metric name is None! Skipping metric value retrieval...
[2025-09-15 01:26:07,037][__main__][INFO] - Summary: Training time = 4.57 seconds, Testing time = 0.25 seconds
[2025-09-15 01:42:52,048][src.utils.utils][INFO] - Enforcing tags! <cfg.extras.enforce_tags=True>
[2025-09-15 01:42:52,053][src.utils.utils][INFO] - Printing config tree with Rich! <cfg.extras.print_config=True>
[2025-09-15 01:42:52,112][__main__][INFO] - Instantiating datamodule <src.datamodules.SLE_datamodule_cos_knn_graph.SLEGraphDataModule>
[2025-09-15 01:42:52,161][numexpr.utils][INFO] - Note: NumExpr detected 20 cores but "NUMEXPR_MAX_THREADS" not set, so enforcing safe limit of 8.
[2025-09-15 01:42:52,162][numexpr.utils][INFO] - NumExpr defaulting to 8 threads.
[2025-09-15 01:42:52,626][src.datamodules.SLE_datamodule_cos_knn_graph][INFO] - Data file C:\Users\Administrator\Desktop\1PAPER\6_GCOM/data//SLE\processed\cos_knn_graph_data_23.pt does not exists, configure data from raw files
[2025-09-15 01:42:52,636][src.datamodules.SLE_datamodule_cos_knn_graph][INFO] - Data object is created.
[2025-09-15 01:42:52,636][src.datamodules.SLE_datamodule_cos_knn_graph][INFO] - Data file saved at C:\Users\Administrator\Desktop\1PAPER\6_GCOM/data//SLE\processed\cos_knn_graph_data_23.pt.
[2025-09-15 01:42:52,641][src.datamodules.SLE_datamodule_cos_knn_graph][INFO] - Data loading is done.
[2025-09-15 01:42:52,641][src.datamodules.SLE_datamodule_cos_knn_graph][INFO] - Data(x=[270, 8], edge_index=[2, 6210], y=[270, 2], reference_point=[2], train_mask=[270], val_mask=[270], test_mask=[270], x_dim=8)
[2025-09-15 01:42:52,641][__main__][INFO] - Instantiating model <src.models.gconvloc_localize_module_sle.LocalizationModule>
[2025-09-15 01:42:52,916][__main__][INFO] - Instantiating callbacks...
[2025-09-15 01:42:52,916][src.utils.utils][INFO] - Instantiating callback <pytorch_lightning.callbacks.ModelCheckpoint>
[2025-09-15 01:42:52,917][src.utils.utils][INFO] - Instantiating callback <pytorch_lightning.callbacks.EarlyStopping>
[2025-09-15 01:42:52,917][src.utils.utils][INFO] - Instantiating callback <pytorch_lightning.callbacks.RichModelSummary>
[2025-09-15 01:42:52,917][__main__][INFO] - Instantiating loggers...
[2025-09-15 01:42:52,922][src.utils.utils][INFO] - Instantiating logger <pytorch_lightning.loggers.csv_logs.CSVLogger>
[2025-09-15 01:42:52,924][src.utils.utils][INFO] - Instantiating logger <pytorch_lightning.loggers.tensorboard.TensorBoardLogger>
[2025-09-15 01:42:52,925][src.utils.utils][INFO] - Instantiating logger <pytorch_lightning.loggers.wandb.WandbLogger>
[2025-09-15 01:43:16,153][__main__][INFO] - Instantiating trainer <pytorch_lightning.Trainer>
[2025-09-15 01:43:16,164][__main__][INFO] - Logging hyperparameters!
[2025-09-15 01:43:16,179][__main__][INFO] - Starting training!
[2025-09-15 01:43:21,262][__main__][INFO] - Total training time: 5.08 seconds
[2025-09-15 01:43:21,264][__main__][INFO] - Starting testing!
[2025-09-15 01:43:21,536][__main__][INFO] - Total testing time: 0.27 seconds
[2025-09-15 01:43:21,537][__main__][INFO] - Best ckpt path: C:\Users\Administrator\Desktop\1PAPER\6_GCOM\logs\train\runs\2025-09-15_01-42-51/checkpoints\epoch_030.ckpt
[2025-09-15 01:43:21,539][src.utils.utils][INFO] - Closing loggers...
[2025-09-15 01:43:21,539][src.utils.utils][INFO] - Closing wandb!
[2025-09-15 01:43:23,841][src.utils.utils][INFO] - Output dir: C:\Users\Administrator\Desktop\1PAPER\6_GCOM\logs\train\runs\2025-09-15_01-42-51
[2025-09-15 01:43:23,842][src.utils.utils][INFO] - Metric name is None! Skipping metric value retrieval...
[2025-09-15 01:43:23,842][__main__][INFO] - Summary: Training time = 5.08 seconds, Testing time = 0.27 seconds
[2025-09-15 02:05:25,691][src.utils.utils][INFO] - Enforcing tags! <cfg.extras.enforce_tags=True>
[2025-09-15 02:05:25,696][src.utils.utils][INFO] - Printing config tree with Rich! <cfg.extras.print_config=True>
[2025-09-15 02:05:25,757][__main__][INFO] - Instantiating datamodule <src.datamodules.SLE_datamodule_cos_knn_graph.SLEGraphDataModule>
[2025-09-15 02:05:25,822][numexpr.utils][INFO] - Note: NumExpr detected 20 cores but "NUMEXPR_MAX_THREADS" not set, so enforcing safe limit of 8.
[2025-09-15 02:05:25,822][numexpr.utils][INFO] - NumExpr defaulting to 8 threads.
[2025-09-15 02:05:26,323][src.datamodules.SLE_datamodule_cos_knn_graph][INFO] - Data file C:\Users\Administrator\Desktop\1PAPER\6_GCOM/data//SLE\processed\cos_knn_graph_data_23.pt does not exists, configure data from raw files
[2025-09-15 02:05:26,335][src.datamodules.SLE_datamodule_cos_knn_graph][INFO] - Data object is created.
[2025-09-15 02:05:26,337][src.datamodules.SLE_datamodule_cos_knn_graph][INFO] - Data file saved at C:\Users\Administrator\Desktop\1PAPER\6_GCOM/data//SLE\processed\cos_knn_graph_data_23.pt.
[2025-09-15 02:05:26,338][src.datamodules.SLE_datamodule_cos_knn_graph][INFO] - Data loading is done.
[2025-09-15 02:05:26,338][src.datamodules.SLE_datamodule_cos_knn_graph][INFO] - Data(x=[270, 8], edge_index=[2, 6210], y=[270, 2], reference_point=[2], train_mask=[270], val_mask=[270], test_mask=[270], x_dim=8)
[2025-09-15 02:05:26,339][__main__][INFO] - Instantiating model <src.models.gconvloc_localize_module_sle.LocalizationModule>
[2025-09-15 02:05:26,573][__main__][INFO] - Instantiating callbacks...
[2025-09-15 02:05:26,573][src.utils.utils][INFO] - Instantiating callback <pytorch_lightning.callbacks.ModelCheckpoint>
[2025-09-15 02:05:26,583][src.utils.utils][INFO] - Instantiating callback <pytorch_lightning.callbacks.EarlyStopping>
[2025-09-15 02:05:26,586][src.utils.utils][INFO] - Instantiating callback <pytorch_lightning.callbacks.RichModelSummary>
[2025-09-15 02:05:26,586][__main__][INFO] - Instantiating loggers...
[2025-09-15 02:05:26,587][src.utils.utils][INFO] - Instantiating logger <pytorch_lightning.loggers.csv_logs.CSVLogger>
[2025-09-15 02:05:26,588][src.utils.utils][INFO] - Instantiating logger <pytorch_lightning.loggers.tensorboard.TensorBoardLogger>
[2025-09-15 02:05:26,589][src.utils.utils][INFO] - Instantiating logger <pytorch_lightning.loggers.wandb.WandbLogger>
[2025-09-15 02:05:50,789][__main__][INFO] - Instantiating trainer <pytorch_lightning.Trainer>
[2025-09-15 02:05:50,800][__main__][INFO] - Logging hyperparameters!
[2025-09-15 02:05:50,817][__main__][INFO] - Starting training!
[2025-09-15 02:05:55,916][__main__][INFO] - Total training time: 5.10 seconds
[2025-09-15 02:05:55,929][__main__][INFO] - Starting testing!
[2025-09-15 02:05:56,177][__main__][INFO] - Total testing time: 0.25 seconds
[2025-09-15 02:05:56,178][__main__][INFO] - Best ckpt path: C:\Users\Administrator\Desktop\1PAPER\6_GCOM\logs\train\runs\2025-09-15_02-05-25/checkpoints\epoch_030.ckpt
[2025-09-15 02:05:56,179][src.utils.utils][INFO] - Closing loggers...
[2025-09-15 02:05:56,180][src.utils.utils][INFO] - Closing wandb!
[2025-09-15 02:05:58,656][src.utils.utils][INFO] - Output dir: C:\Users\Administrator\Desktop\1PAPER\6_GCOM\logs\train\runs\2025-09-15_02-05-25
[2025-09-15 02:05:58,656][src.utils.utils][INFO] - Metric name is None! Skipping metric value retrieval...
[2025-09-15 02:05:58,657][__main__][INFO] - Summary: Training time = 5.10 seconds, Testing time = 0.25 seconds
[2025-09-15 02:06:35,671][src.utils.utils][INFO] - Enforcing tags! <cfg.extras.enforce_tags=True>
[2025-09-15 02:06:35,671][src.utils.utils][INFO] - Printing config tree with Rich! <cfg.extras.print_config=True>
[2025-09-15 02:06:35,746][__main__][INFO] - Instantiating datamodule <src.datamodules.SLE_datamodule_cos_knn_graph.SLEGraphDataModule>
[2025-09-15 02:06:35,797][numexpr.utils][INFO] - Note: NumExpr detected 20 cores but "NUMEXPR_MAX_THREADS" not set, so enforcing safe limit of 8.
[2025-09-15 02:06:35,798][numexpr.utils][INFO] - NumExpr defaulting to 8 threads.
[2025-09-15 02:06:36,231][src.datamodules.SLE_datamodule_cos_knn_graph][INFO] - Data file C:\Users\Administrator\Desktop\1PAPER\6_GCOM/data//SLE\processed\cos_knn_graph_data_23.pt does not exists, configure data from raw files
[2025-09-15 02:06:36,256][src.datamodules.SLE_datamodule_cos_knn_graph][INFO] - Data object is created.
[2025-09-15 02:06:36,258][src.datamodules.SLE_datamodule_cos_knn_graph][INFO] - Data file saved at C:\Users\Administrator\Desktop\1PAPER\6_GCOM/data//SLE\processed\cos_knn_graph_data_23.pt.
[2025-09-15 02:06:36,259][src.datamodules.SLE_datamodule_cos_knn_graph][INFO] - Data loading is done.
[2025-09-15 02:06:36,259][src.datamodules.SLE_datamodule_cos_knn_graph][INFO] - Data(x=[270, 8], edge_index=[2, 6210], y=[270, 2], reference_point=[2], train_mask=[270], val_mask=[270], test_mask=[270], x_dim=8)
[2025-09-15 02:06:36,260][__main__][INFO] - Instantiating model <src.models.gconvloc_localize_module_sle.LocalizationModule>
[2025-09-15 02:06:36,510][__main__][INFO] - Instantiating callbacks...
[2025-09-15 02:06:36,510][src.utils.utils][INFO] - Instantiating callback <pytorch_lightning.callbacks.ModelCheckpoint>
[2025-09-15 02:06:36,514][src.utils.utils][INFO] - Instantiating callback <pytorch_lightning.callbacks.EarlyStopping>
[2025-09-15 02:06:36,515][src.utils.utils][INFO] - Instantiating callback <pytorch_lightning.callbacks.RichModelSummary>
[2025-09-15 02:06:36,515][__main__][INFO] - Instantiating loggers...
[2025-09-15 02:06:36,516][src.utils.utils][INFO] - Instantiating logger <pytorch_lightning.loggers.csv_logs.CSVLogger>
[2025-09-15 02:06:36,517][src.utils.utils][INFO] - Instantiating logger <pytorch_lightning.loggers.tensorboard.TensorBoardLogger>
[2025-09-15 02:06:36,519][src.utils.utils][INFO] - Instantiating logger <pytorch_lightning.loggers.wandb.WandbLogger>
[2025-09-15 02:06:48,643][__main__][INFO] - Instantiating trainer <pytorch_lightning.Trainer>
[2025-09-15 02:06:48,655][__main__][INFO] - Logging hyperparameters!
[2025-09-15 02:06:48,672][__main__][INFO] - Starting training!
[2025-09-15 02:06:53,876][__main__][INFO] - Total training time: 5.20 seconds
[2025-09-15 02:06:53,877][__main__][INFO] - Starting testing!
[2025-09-15 02:06:54,265][__main__][INFO] - Total testing time: 0.39 seconds
[2025-09-15 02:06:54,266][__main__][INFO] - Best ckpt path: C:\Users\Administrator\Desktop\1PAPER\6_GCOM\logs\train\runs\2025-09-15_02-06-35/checkpoints\epoch_030.ckpt
[2025-09-15 02:06:54,268][src.utils.utils][INFO] - Closing loggers...
[2025-09-15 02:06:54,268][src.utils.utils][INFO] - Closing wandb!
[2025-09-15 02:07:03,517][src.utils.utils][INFO] - Output dir: C:\Users\Administrator\Desktop\1PAPER\6_GCOM\logs\train\runs\2025-09-15_02-06-35
[2025-09-15 02:07:03,517][src.utils.utils][INFO] - Metric name is None! Skipping metric value retrieval...
[2025-09-15 02:07:03,518][__main__][INFO] - Summary: Training time = 5.20 seconds, Testing time = 0.39 seconds
[2025-09-15 02:19:43,230][src.utils.utils][INFO] - Enforcing tags! <cfg.extras.enforce_tags=True>
[2025-09-15 02:19:43,230][src.utils.utils][INFO] - Printing config tree with Rich! <cfg.extras.print_config=True>
[2025-09-15 02:19:43,298][__main__][INFO] - Instantiating datamodule <src.datamodules.UJIIndoorLoc_datamodule_cos_knn_graph.UJIIndoorLocGraphDataModule>
[2025-09-15 02:19:43,348][numexpr.utils][INFO] - Note: NumExpr detected 20 cores but "NUMEXPR_MAX_THREADS" not set, so enforcing safe limit of 8.
[2025-09-15 02:19:43,349][numexpr.utils][INFO] - NumExpr defaulting to 8 threads.
[2025-09-15 02:19:43,832][src.datamodules.UJIIndoorLoc_datamodule_cos_knn_graph][INFO] - Load data file from C:\Users\Administrator\Desktop\1PAPER\6_GCOM/data//UJIIndoorLoc\processed\cos_knn_graph_data_23.pt
[2025-09-15 02:19:43,837][src.datamodules.UJIIndoorLoc_datamodule_cos_knn_graph][INFO] - Data loading is done.
[2025-09-15 02:19:43,837][src.datamodules.UJIIndoorLoc_datamodule_cos_knn_graph][INFO] - Data(x=[20982, 520], edge_index=[2, 480815], y=[20982, 2], y_min=[2], y_max=[2], train_mask=[20982], val_mask=[20982], test_mask=[20982], x_dim=520)
[2025-09-15 02:19:43,843][__main__][INFO] - Instantiating model <src.models.gconvloc_localize_module.LocalizationModule>
[2025-09-15 02:19:43,855][__main__][INFO] - Instantiating callbacks...
[2025-09-15 02:19:43,855][src.utils.utils][INFO] - Instantiating callback <pytorch_lightning.callbacks.ModelCheckpoint>
[2025-09-15 02:19:43,859][src.utils.utils][INFO] - Instantiating callback <pytorch_lightning.callbacks.EarlyStopping>
[2025-09-15 02:19:43,860][src.utils.utils][INFO] - Instantiating callback <pytorch_lightning.callbacks.RichModelSummary>
[2025-09-15 02:19:43,860][__main__][INFO] - Instantiating loggers...
[2025-09-15 02:19:43,861][src.utils.utils][INFO] - Instantiating logger <pytorch_lightning.loggers.csv_logs.CSVLogger>
[2025-09-15 02:19:43,862][src.utils.utils][INFO] - Instantiating logger <pytorch_lightning.loggers.tensorboard.TensorBoardLogger>
[2025-09-15 02:19:43,864][src.utils.utils][INFO] - Instantiating logger <pytorch_lightning.loggers.wandb.WandbLogger>
[2025-09-15 02:19:52,778][src.utils.utils][INFO] - Enforcing tags! <cfg.extras.enforce_tags=True>
[2025-09-15 02:19:52,779][src.utils.utils][INFO] - Printing config tree with Rich! <cfg.extras.print_config=True>
[2025-09-15 02:19:52,841][__main__][INFO] - Instantiating datamodule <src.datamodules.SLE_datamodule_cos_knn_graph.SLEGraphDataModule>
[2025-09-15 02:19:52,890][numexpr.utils][INFO] - Note: NumExpr detected 20 cores but "NUMEXPR_MAX_THREADS" not set, so enforcing safe limit of 8.
[2025-09-15 02:19:52,891][numexpr.utils][INFO] - NumExpr defaulting to 8 threads.
[2025-09-15 02:19:53,375][src.datamodules.SLE_datamodule_cos_knn_graph][INFO] - Data file C:\Users\Administrator\Desktop\1PAPER\6_GCOM/data//SLE\processed\cos_knn_graph_data_23.pt does not exists, configure data from raw files
[2025-09-15 02:19:53,387][src.datamodules.SLE_datamodule_cos_knn_graph][INFO] - Data object is created.
[2025-09-15 02:19:53,389][src.datamodules.SLE_datamodule_cos_knn_graph][INFO] - Data file saved at C:\Users\Administrator\Desktop\1PAPER\6_GCOM/data//SLE\processed\cos_knn_graph_data_23.pt.
[2025-09-15 02:19:53,390][src.datamodules.SLE_datamodule_cos_knn_graph][INFO] - Data loading is done.
[2025-09-15 02:19:53,390][src.datamodules.SLE_datamodule_cos_knn_graph][INFO] - Data(x=[270, 8], edge_index=[2, 6210], y=[270, 2], reference_point=[2], train_mask=[270], val_mask=[270], test_mask=[270], x_dim=8)
[2025-09-15 02:19:53,391][__main__][INFO] - Instantiating model <src.models.gconvloc_localize_module_sle.LocalizationModule>
[2025-09-15 02:19:53,640][__main__][INFO] - Instantiating callbacks...
[2025-09-15 02:19:53,640][src.utils.utils][INFO] - Instantiating callback <pytorch_lightning.callbacks.ModelCheckpoint>
[2025-09-15 02:19:53,657][src.utils.utils][INFO] - Instantiating callback <pytorch_lightning.callbacks.EarlyStopping>
[2025-09-15 02:19:53,657][src.utils.utils][INFO] - Instantiating callback <pytorch_lightning.callbacks.RichModelSummary>
[2025-09-15 02:19:53,657][__main__][INFO] - Instantiating loggers...
[2025-09-15 02:19:53,661][src.utils.utils][INFO] - Instantiating logger <pytorch_lightning.loggers.csv_logs.CSVLogger>
[2025-09-15 02:19:53,662][src.utils.utils][INFO] - Instantiating logger <pytorch_lightning.loggers.tensorboard.TensorBoardLogger>
[2025-09-15 02:19:53,664][src.utils.utils][INFO] - Instantiating logger <pytorch_lightning.loggers.wandb.WandbLogger>
[2025-09-15 02:20:17,537][__main__][INFO] - Instantiating trainer <pytorch_lightning.Trainer>
[2025-09-15 02:20:17,548][__main__][INFO] - Logging hyperparameters!
[2025-09-15 02:20:17,564][__main__][INFO] - Starting training!
[2025-09-15 02:20:40,671][__main__][INFO] - Total training time: 23.11 seconds
[2025-09-15 02:20:40,678][__main__][INFO] - Starting testing!
[2025-09-15 02:20:40,963][__main__][INFO] - Total testing time: 0.28 seconds
[2025-09-15 02:20:40,963][__main__][INFO] - Best ckpt path: C:\Users\Administrator\Desktop\1PAPER\6_GCOM\logs\train\runs\2025-09-15_02-19-52/checkpoints\epoch_204.ckpt
[2025-09-15 02:20:40,964][src.utils.utils][INFO] - Closing loggers...
[2025-09-15 02:20:40,966][src.utils.utils][INFO] - Closing wandb!
[2025-09-15 02:20:43,592][src.utils.utils][INFO] - Output dir: C:\Users\Administrator\Desktop\1PAPER\6_GCOM\logs\train\runs\2025-09-15_02-19-52
[2025-09-15 02:20:43,593][src.utils.utils][INFO] - Metric name is None! Skipping metric value retrieval...
[2025-09-15 02:20:43,593][__main__][INFO] - Summary: Training time = 23.11 seconds, Testing time = 0.28 seconds
[2025-09-15 02:26:19,016][src.utils.utils][INFO] - Enforcing tags! <cfg.extras.enforce_tags=True>
[2025-09-15 02:26:19,021][src.utils.utils][INFO] - Printing config tree with Rich! <cfg.extras.print_config=True>
[2025-09-15 02:26:19,080][__main__][INFO] - Instantiating datamodule <src.datamodules.SLE_datamodule_cos_knn_graph.SLEGraphDataModule>
[2025-09-15 02:26:19,128][numexpr.utils][INFO] - Note: NumExpr detected 20 cores but "NUMEXPR_MAX_THREADS" not set, so enforcing safe limit of 8.
[2025-09-15 02:26:19,128][numexpr.utils][INFO] - NumExpr defaulting to 8 threads.
[2025-09-15 02:26:19,573][src.datamodules.SLE_datamodule_cos_knn_graph][INFO] - Data file C:\Users\Administrator\Desktop\1PAPER\6_GCOM/data//SLE\processed\cos_knn_graph_data_23.pt does not exists, configure data from raw files
[2025-09-15 02:26:19,588][src.datamodules.SLE_datamodule_cos_knn_graph][INFO] - Data object is created.
[2025-09-15 02:26:19,588][src.datamodules.SLE_datamodule_cos_knn_graph][INFO] - Data file saved at C:\Users\Administrator\Desktop\1PAPER\6_GCOM/data//SLE\processed\cos_knn_graph_data_23.pt.
[2025-09-15 02:26:19,588][src.datamodules.SLE_datamodule_cos_knn_graph][INFO] - Data loading is done.
[2025-09-15 02:26:19,588][src.datamodules.SLE_datamodule_cos_knn_graph][INFO] - Data(x=[270, 8], edge_index=[2, 6210], y=[270, 2], reference_point=[2], train_mask=[270], val_mask=[270], test_mask=[270], x_dim=8)
[2025-09-15 02:26:19,588][__main__][INFO] - Instantiating model <src.models.gconvloc_localize_module_sle.LocalizationModule>
[2025-09-15 02:26:19,830][__main__][INFO] - Instantiating callbacks...
[2025-09-15 02:26:19,830][src.utils.utils][INFO] - Instantiating callback <pytorch_lightning.callbacks.ModelCheckpoint>
[2025-09-15 02:26:19,830][src.utils.utils][INFO] - Instantiating callback <pytorch_lightning.callbacks.EarlyStopping>
[2025-09-15 02:26:19,830][src.utils.utils][INFO] - Instantiating callback <pytorch_lightning.callbacks.RichModelSummary>
[2025-09-15 02:26:19,830][__main__][INFO] - Instantiating loggers...
[2025-09-15 02:26:19,842][src.utils.utils][INFO] - Instantiating logger <pytorch_lightning.loggers.csv_logs.CSVLogger>
[2025-09-15 02:26:19,843][src.utils.utils][INFO] - Instantiating logger <pytorch_lightning.loggers.tensorboard.TensorBoardLogger>
[2025-09-15 02:26:19,845][src.utils.utils][INFO] - Instantiating logger <pytorch_lightning.loggers.wandb.WandbLogger>
[2025-09-15 02:26:33,340][__main__][INFO] - Instantiating trainer <pytorch_lightning.Trainer>
[2025-09-15 02:26:33,351][__main__][INFO] - Logging hyperparameters!
[2025-09-15 02:26:33,369][__main__][INFO] - Starting training!
[2025-09-15 02:26:38,773][__main__][INFO] - Total training time: 5.40 seconds
[2025-09-15 02:26:38,773][__main__][INFO] - Starting testing!
[2025-09-15 02:26:39,032][__main__][INFO] - Total testing time: 0.26 seconds
[2025-09-15 02:26:39,033][__main__][INFO] - Best ckpt path: C:\Users\Administrator\Desktop\1PAPER\6_GCOM\logs\train\runs\2025-09-15_02-26-18/checkpoints\epoch_030.ckpt
[2025-09-15 02:26:39,035][src.utils.utils][INFO] - Closing loggers...
[2025-09-15 02:26:39,035][src.utils.utils][INFO] - Closing wandb!
[2025-09-15 02:26:48,074][src.utils.utils][INFO] - Output dir: C:\Users\Administrator\Desktop\1PAPER\6_GCOM\logs\train\runs\2025-09-15_02-26-18
[2025-09-15 02:26:48,074][src.utils.utils][INFO] - Metric name is None! Skipping metric value retrieval...
[2025-09-15 02:26:48,075][__main__][INFO] - Summary: Training time = 5.40 seconds, Testing time = 0.26 seconds
[2025-09-15 02:28:32,157][src.utils.utils][INFO] - Enforcing tags! <cfg.extras.enforce_tags=True>
[2025-09-15 02:28:32,163][src.utils.utils][INFO] - Printing config tree with Rich! <cfg.extras.print_config=True>
[2025-09-15 02:28:32,222][__main__][INFO] - Instantiating datamodule <src.datamodules.SLE_datamodule_cos_knn_graph.SLEGraphDataModule>
[2025-09-15 02:28:32,274][numexpr.utils][INFO] - Note: NumExpr detected 20 cores but "NUMEXPR_MAX_THREADS" not set, so enforcing safe limit of 8.
[2025-09-15 02:28:32,277][numexpr.utils][INFO] - NumExpr defaulting to 8 threads.
[2025-09-15 02:28:32,751][src.datamodules.SLE_datamodule_cos_knn_graph][INFO] - Data file C:\Users\Administrator\Desktop\1PAPER\6_GCOM/data//SLE\processed\cos_knn_graph_data_23.pt does not exists, configure data from raw files
[2025-09-15 02:28:32,763][src.datamodules.SLE_datamodule_cos_knn_graph][INFO] - Data object is created.
[2025-09-15 02:28:32,764][src.datamodules.SLE_datamodule_cos_knn_graph][INFO] - Data file saved at C:\Users\Administrator\Desktop\1PAPER\6_GCOM/data//SLE\processed\cos_knn_graph_data_23.pt.
[2025-09-15 02:28:32,765][src.datamodules.SLE_datamodule_cos_knn_graph][INFO] - Data loading is done.
[2025-09-15 02:28:32,765][src.datamodules.SLE_datamodule_cos_knn_graph][INFO] - Data(x=[270, 8], edge_index=[2, 6210], y=[270, 2], reference_point=[2], train_mask=[270], val_mask=[270], test_mask=[270], x_dim=8)
[2025-09-15 02:28:32,768][__main__][INFO] - Instantiating model <src.models.gconvloc_localize_module_sle.LocalizationModule>
[2025-09-15 02:28:33,015][__main__][INFO] - Instantiating callbacks...
[2025-09-15 02:28:33,016][src.utils.utils][INFO] - Instantiating callback <pytorch_lightning.callbacks.ModelCheckpoint>
[2025-09-15 02:28:33,020][src.utils.utils][INFO] - Instantiating callback <pytorch_lightning.callbacks.EarlyStopping>
[2025-09-15 02:28:33,021][src.utils.utils][INFO] - Instantiating callback <pytorch_lightning.callbacks.RichModelSummary>
[2025-09-15 02:28:33,021][__main__][INFO] - Instantiating loggers...
[2025-09-15 02:28:33,022][src.utils.utils][INFO] - Instantiating logger <pytorch_lightning.loggers.csv_logs.CSVLogger>
[2025-09-15 02:28:33,023][src.utils.utils][INFO] - Instantiating logger <pytorch_lightning.loggers.tensorboard.TensorBoardLogger>
[2025-09-15 02:28:33,025][src.utils.utils][INFO] - Instantiating logger <pytorch_lightning.loggers.wandb.WandbLogger>
[2025-09-15 02:28:45,093][__main__][INFO] - Instantiating trainer <pytorch_lightning.Trainer>
[2025-09-15 02:28:45,104][__main__][INFO] - Logging hyperparameters!
[2025-09-15 02:28:45,121][__main__][INFO] - Starting training!
[2025-09-15 02:29:09,164][__main__][INFO] - Total training time: 24.04 seconds
[2025-09-15 02:29:09,164][__main__][INFO] - Starting testing!
[2025-09-15 02:29:09,427][__main__][INFO] - Total testing time: 0.26 seconds
[2025-09-15 02:29:09,428][__main__][INFO] - Best ckpt path: C:\Users\Administrator\Desktop\1PAPER\6_GCOM\logs\train\runs\2025-09-15_02-28-32/checkpoints\epoch_204.ckpt
[2025-09-15 02:29:09,429][src.utils.utils][INFO] - Closing loggers...
[2025-09-15 02:29:09,430][src.utils.utils][INFO] - Closing wandb!
[2025-09-15 02:29:12,202][src.utils.utils][INFO] - Output dir: C:\Users\Administrator\Desktop\1PAPER\6_GCOM\logs\train\runs\2025-09-15_02-28-32
[2025-09-15 02:29:12,203][src.utils.utils][INFO] - Metric name is None! Skipping metric value retrieval...
[2025-09-15 02:29:12,203][__main__][INFO] - Summary: Training time = 24.04 seconds, Testing time = 0.26 seconds
[2025-09-15 02:31:51,975][src.utils.utils][INFO] - Enforcing tags! <cfg.extras.enforce_tags=True>
[2025-09-15 02:31:51,980][src.utils.utils][INFO] - Printing config tree with Rich! <cfg.extras.print_config=True>
[2025-09-15 02:31:52,036][__main__][INFO] - Instantiating datamodule <src.datamodules.SLE_datamodule_cos_knn_graph.SLEGraphDataModule>
[2025-09-15 02:31:52,090][numexpr.utils][INFO] - Note: NumExpr detected 20 cores but "NUMEXPR_MAX_THREADS" not set, so enforcing safe limit of 8.
[2025-09-15 02:31:52,091][numexpr.utils][INFO] - NumExpr defaulting to 8 threads.
[2025-09-15 02:31:52,536][src.datamodules.SLE_datamodule_cos_knn_graph][INFO] - Data file C:\Users\Administrator\Desktop\1PAPER\6_GCOM/data//SLE\processed\cos_knn_graph_data_23.pt does not exists, configure data from raw files
[2025-09-15 02:31:52,548][src.datamodules.SLE_datamodule_cos_knn_graph][INFO] - Data object is created.
[2025-09-15 02:31:52,550][src.datamodules.SLE_datamodule_cos_knn_graph][INFO] - Data file saved at C:\Users\Administrator\Desktop\1PAPER\6_GCOM/data//SLE\processed\cos_knn_graph_data_23.pt.
[2025-09-15 02:31:52,550][src.datamodules.SLE_datamodule_cos_knn_graph][INFO] - Data loading is done.
[2025-09-15 02:31:52,550][src.datamodules.SLE_datamodule_cos_knn_graph][INFO] - Data(x=[270, 8], edge_index=[2, 6210], y=[270, 2], reference_point=[2], train_mask=[270], val_mask=[270], test_mask=[270], x_dim=8)
[2025-09-15 02:31:52,550][__main__][INFO] - Instantiating model <src.models.gconvloc_localize_module_sle.LocalizationModule>
[2025-09-15 02:31:52,796][__main__][INFO] - Instantiating callbacks...
[2025-09-15 02:31:52,797][src.utils.utils][INFO] - Instantiating callback <pytorch_lightning.callbacks.ModelCheckpoint>
[2025-09-15 02:31:52,800][src.utils.utils][INFO] - Instantiating callback <pytorch_lightning.callbacks.EarlyStopping>
[2025-09-15 02:31:52,801][src.utils.utils][INFO] - Instantiating callback <pytorch_lightning.callbacks.RichModelSummary>
[2025-09-15 02:31:52,802][__main__][INFO] - Instantiating loggers...
[2025-09-15 02:31:52,802][src.utils.utils][INFO] - Instantiating logger <pytorch_lightning.loggers.csv_logs.CSVLogger>
[2025-09-15 02:31:52,803][src.utils.utils][INFO] - Instantiating logger <pytorch_lightning.loggers.tensorboard.TensorBoardLogger>
[2025-09-15 02:31:52,805][src.utils.utils][INFO] - Instantiating logger <pytorch_lightning.loggers.wandb.WandbLogger>
[2025-09-15 02:32:15,970][__main__][INFO] - Instantiating trainer <pytorch_lightning.Trainer>
[2025-09-15 02:32:15,982][__main__][INFO] - Logging hyperparameters!
[2025-09-15 02:32:15,999][__main__][INFO] - Starting training!
[2025-09-15 02:32:36,410][__main__][INFO] - Total training time: 20.41 seconds
[2025-09-15 02:32:36,412][__main__][INFO] - Starting testing!
[2025-09-15 02:32:36,667][__main__][INFO] - Total testing time: 0.25 seconds
[2025-09-15 02:32:36,672][__main__][INFO] - Best ckpt path: C:\Users\Administrator\Desktop\1PAPER\6_GCOM\logs\train\runs\2025-09-15_02-31-51/checkpoints\epoch_174.ckpt
[2025-09-15 02:32:36,673][src.utils.utils][INFO] - Closing loggers...
[2025-09-15 02:32:36,675][src.utils.utils][INFO] - Closing wandb!
[2025-09-15 02:32:39,725][src.utils.utils][INFO] - Output dir: C:\Users\Administrator\Desktop\1PAPER\6_GCOM\logs\train\runs\2025-09-15_02-31-51
[2025-09-15 02:32:39,726][src.utils.utils][INFO] - Metric name is None! Skipping metric value retrieval...
[2025-09-15 02:32:39,726][__main__][INFO] - Summary: Training time = 20.41 seconds, Testing time = 0.25 seconds
[2025-09-15 02:34:46,900][src.utils.utils][INFO] - Enforcing tags! <cfg.extras.enforce_tags=True>
[2025-09-15 02:34:46,902][src.utils.utils][INFO] - Printing config tree with Rich! <cfg.extras.print_config=True>
[2025-09-15 02:34:46,965][__main__][INFO] - Instantiating datamodule <src.datamodules.SLE_datamodule_cos_knn_graph.SLEGraphDataModule>
[2025-09-15 02:34:47,015][numexpr.utils][INFO] - Note: NumExpr detected 20 cores but "NUMEXPR_MAX_THREADS" not set, so enforcing safe limit of 8.
[2025-09-15 02:34:47,016][numexpr.utils][INFO] - NumExpr defaulting to 8 threads.
[2025-09-15 02:34:47,459][src.datamodules.SLE_datamodule_cos_knn_graph][INFO] - Data file C:\Users\Administrator\Desktop\1PAPER\6_GCOM/data//SLE\processed\cos_knn_graph_data_23.pt does not exists, configure data from raw files
[2025-09-15 02:34:47,471][src.datamodules.SLE_datamodule_cos_knn_graph][INFO] - Data object is created.
[2025-09-15 02:34:47,473][src.datamodules.SLE_datamodule_cos_knn_graph][INFO] - Data file saved at C:\Users\Administrator\Desktop\1PAPER\6_GCOM/data//SLE\processed\cos_knn_graph_data_23.pt.
[2025-09-15 02:34:47,473][src.datamodules.SLE_datamodule_cos_knn_graph][INFO] - Data loading is done.
[2025-09-15 02:34:47,473][src.datamodules.SLE_datamodule_cos_knn_graph][INFO] - Data(x=[270, 8], edge_index=[2, 6210], y=[270, 2], reference_point=[2], train_mask=[270], val_mask=[270], test_mask=[270], x_dim=8)
[2025-09-15 02:34:47,473][__main__][INFO] - Instantiating model <src.models.gconvloc_localize_module_sle.LocalizationModule>
[2025-09-15 02:34:47,718][__main__][INFO] - Instantiating callbacks...
[2025-09-15 02:34:47,718][src.utils.utils][INFO] - Instantiating callback <pytorch_lightning.callbacks.ModelCheckpoint>
[2025-09-15 02:34:47,718][src.utils.utils][INFO] - Instantiating callback <pytorch_lightning.callbacks.EarlyStopping>
[2025-09-15 02:34:47,727][src.utils.utils][INFO] - Instantiating callback <pytorch_lightning.callbacks.RichModelSummary>
[2025-09-15 02:34:47,728][__main__][INFO] - Instantiating loggers...
[2025-09-15 02:34:47,728][src.utils.utils][INFO] - Instantiating logger <pytorch_lightning.loggers.csv_logs.CSVLogger>
[2025-09-15 02:34:47,729][src.utils.utils][INFO] - Instantiating logger <pytorch_lightning.loggers.tensorboard.TensorBoardLogger>
[2025-09-15 02:34:47,731][src.utils.utils][INFO] - Instantiating logger <pytorch_lightning.loggers.wandb.WandbLogger>
[2025-09-15 02:35:00,085][__main__][INFO] - Instantiating trainer <pytorch_lightning.Trainer>
[2025-09-15 02:35:00,096][__main__][INFO] - Logging hyperparameters!
[2025-09-15 02:35:00,112][__main__][INFO] - Starting training!
[2025-09-15 02:35:11,589][src.utils.utils][ERROR] - 
Traceback (most recent call last):
  File "C:\Users\Administrator\Desktop\1PAPER\6_GCOM\src\utils\utils.py", line 42, in wrap
    metric_dict, object_dict = task_func(cfg=cfg)
  File "src/train.py", line 64, in train
    trainer.fit(model=model, datamodule=datamodule, ckpt_path=cfg.get("ckpt_path"))
  File "C:\ProgramData\anaconda3\envs\gconvloc\lib\site-packages\pytorch_lightning\trainer\trainer.py", line 696, in fit
    self._call_and_handle_interrupt(
  File "C:\ProgramData\anaconda3\envs\gconvloc\lib\site-packages\pytorch_lightning\trainer\trainer.py", line 650, in _call_and_handle_interrupt
    return trainer_fn(*args, **kwargs)
  File "C:\ProgramData\anaconda3\envs\gconvloc\lib\site-packages\pytorch_lightning\trainer\trainer.py", line 735, in _fit_impl
    results = self._run(model, ckpt_path=self.ckpt_path)
  File "C:\ProgramData\anaconda3\envs\gconvloc\lib\site-packages\pytorch_lightning\trainer\trainer.py", line 1166, in _run
    results = self._run_stage()
  File "C:\ProgramData\anaconda3\envs\gconvloc\lib\site-packages\pytorch_lightning\trainer\trainer.py", line 1252, in _run_stage
    return self._run_train()
  File "C:\ProgramData\anaconda3\envs\gconvloc\lib\site-packages\pytorch_lightning\trainer\trainer.py", line 1283, in _run_train
    self.fit_loop.run()
  File "C:\ProgramData\anaconda3\envs\gconvloc\lib\site-packages\pytorch_lightning\loops\loop.py", line 200, in run
    self.advance(*args, **kwargs)
  File "C:\ProgramData\anaconda3\envs\gconvloc\lib\site-packages\pytorch_lightning\loops\fit_loop.py", line 271, in advance
    self._outputs = self.epoch_loop.run(self._data_fetcher)
  File "C:\ProgramData\anaconda3\envs\gconvloc\lib\site-packages\pytorch_lightning\loops\loop.py", line 200, in run
    self.advance(*args, **kwargs)
  File "C:\ProgramData\anaconda3\envs\gconvloc\lib\site-packages\pytorch_lightning\loops\epoch\training_epoch_loop.py", line 203, in advance
    batch_output = self.batch_loop.run(kwargs)
  File "C:\ProgramData\anaconda3\envs\gconvloc\lib\site-packages\pytorch_lightning\loops\loop.py", line 200, in run
    self.advance(*args, **kwargs)
  File "C:\ProgramData\anaconda3\envs\gconvloc\lib\site-packages\pytorch_lightning\loops\batch\training_batch_loop.py", line 87, in advance
    outputs = self.optimizer_loop.run(optimizers, kwargs)
  File "C:\ProgramData\anaconda3\envs\gconvloc\lib\site-packages\pytorch_lightning\loops\loop.py", line 200, in run
    self.advance(*args, **kwargs)
  File "C:\ProgramData\anaconda3\envs\gconvloc\lib\site-packages\pytorch_lightning\loops\optimization\optimizer_loop.py", line 201, in advance
    result = self._run_optimization(kwargs, self._optimizers[self.optim_progress.optimizer_position])
  File "C:\ProgramData\anaconda3\envs\gconvloc\lib\site-packages\pytorch_lightning\loops\optimization\optimizer_loop.py", line 248, in _run_optimization
    self._optimizer_step(optimizer, opt_idx, kwargs.get("batch_idx", 0), closure)
  File "C:\ProgramData\anaconda3\envs\gconvloc\lib\site-packages\pytorch_lightning\loops\optimization\optimizer_loop.py", line 358, in _optimizer_step
    self.trainer._call_lightning_module_hook(
  File "C:\ProgramData\anaconda3\envs\gconvloc\lib\site-packages\pytorch_lightning\trainer\trainer.py", line 1550, in _call_lightning_module_hook
    output = fn(*args, **kwargs)
  File "C:\ProgramData\anaconda3\envs\gconvloc\lib\site-packages\pytorch_lightning\core\module.py", line 1705, in optimizer_step
    optimizer.step(closure=optimizer_closure)
  File "C:\ProgramData\anaconda3\envs\gconvloc\lib\site-packages\pytorch_lightning\core\optimizer.py", line 168, in step
    step_output = self._strategy.optimizer_step(self._optimizer, self._optimizer_idx, closure, **kwargs)
  File "C:\ProgramData\anaconda3\envs\gconvloc\lib\site-packages\pytorch_lightning\strategies\strategy.py", line 216, in optimizer_step
    return self.precision_plugin.optimizer_step(model, optimizer, opt_idx, closure, **kwargs)
  File "C:\ProgramData\anaconda3\envs\gconvloc\lib\site-packages\pytorch_lightning\plugins\precision\precision_plugin.py", line 153, in optimizer_step
    return optimizer.step(closure=closure, **kwargs)
  File "C:\ProgramData\anaconda3\envs\gconvloc\lib\site-packages\torch\optim\optimizer.py", line 113, in wrapper
    return func(*args, **kwargs)
  File "C:\ProgramData\anaconda3\envs\gconvloc\lib\site-packages\torch\autograd\grad_mode.py", line 27, in decorate_context
    return func(*args, **kwargs)
  File "C:\ProgramData\anaconda3\envs\gconvloc\lib\site-packages\torch\optim\adam.py", line 118, in step
    loss = closure()
  File "C:\ProgramData\anaconda3\envs\gconvloc\lib\site-packages\pytorch_lightning\plugins\precision\precision_plugin.py", line 138, in _wrap_closure
    closure_result = closure()
  File "C:\ProgramData\anaconda3\envs\gconvloc\lib\site-packages\pytorch_lightning\loops\optimization\optimizer_loop.py", line 146, in __call__
    self._result = self.closure(*args, **kwargs)
  File "C:\ProgramData\anaconda3\envs\gconvloc\lib\site-packages\pytorch_lightning\loops\optimization\optimizer_loop.py", line 141, in closure
    self._backward_fn(step_output.closure_loss)
  File "C:\ProgramData\anaconda3\envs\gconvloc\lib\site-packages\pytorch_lightning\loops\optimization\optimizer_loop.py", line 304, in backward_fn
    self.trainer._call_strategy_hook("backward", loss, optimizer, opt_idx)
  File "C:\ProgramData\anaconda3\envs\gconvloc\lib\site-packages\pytorch_lightning\trainer\trainer.py", line 1704, in _call_strategy_hook
    output = fn(*args, **kwargs)
  File "C:\ProgramData\anaconda3\envs\gconvloc\lib\site-packages\pytorch_lightning\strategies\strategy.py", line 191, in backward
    self.precision_plugin.backward(self.lightning_module, closure_loss, optimizer, optimizer_idx, *args, **kwargs)
  File "C:\ProgramData\anaconda3\envs\gconvloc\lib\site-packages\pytorch_lightning\plugins\precision\precision_plugin.py", line 80, in backward
    model.backward(closure_loss, optimizer, optimizer_idx, *args, **kwargs)
  File "C:\ProgramData\anaconda3\envs\gconvloc\lib\site-packages\pytorch_lightning\core\module.py", line 1450, in backward
    loss.backward(*args, **kwargs)
  File "C:\ProgramData\anaconda3\envs\gconvloc\lib\site-packages\torch\_tensor.py", line 396, in backward
    torch.autograd.backward(self, gradient, retain_graph, create_graph, inputs=inputs)
  File "C:\ProgramData\anaconda3\envs\gconvloc\lib\site-packages\torch\autograd\__init__.py", line 173, in backward
    Variable._execution_engine.run_backward(  # Calls into the C++ engine to run the backward pass
RuntimeError: [enforce fail at C:\actions-runner\_work\pytorch\pytorch\builder\windows\pytorch\c10\core\impl\alloc_cpu.cpp:81] data. DefaultCPUAllocator: not enough memory: you tried to allocate 3317760 bytes.
[2025-09-15 02:35:11,609][src.utils.utils][INFO] - Closing loggers...
[2025-09-15 02:35:11,610][src.utils.utils][INFO] - Closing wandb!
[2025-09-15 02:38:12,528][src.utils.utils][INFO] - Enforcing tags! <cfg.extras.enforce_tags=True>
[2025-09-15 02:38:12,533][src.utils.utils][INFO] - Printing config tree with Rich! <cfg.extras.print_config=True>
[2025-09-15 02:38:12,593][__main__][INFO] - Instantiating datamodule <src.datamodules.SLE_datamodule_cos_knn_graph.SLEGraphDataModule>
[2025-09-15 02:38:12,637][numexpr.utils][INFO] - Note: NumExpr detected 20 cores but "NUMEXPR_MAX_THREADS" not set, so enforcing safe limit of 8.
[2025-09-15 02:38:12,637][numexpr.utils][INFO] - NumExpr defaulting to 8 threads.
[2025-09-15 02:38:13,079][src.datamodules.SLE_datamodule_cos_knn_graph][INFO] - Data file C:\Users\Administrator\Desktop\1PAPER\6_GCOM/data//SLE\processed\cos_knn_graph_data_23.pt does not exists, configure data from raw files
[2025-09-15 02:38:13,090][src.datamodules.SLE_datamodule_cos_knn_graph][INFO] - Data object is created.
[2025-09-15 02:38:13,091][src.datamodules.SLE_datamodule_cos_knn_graph][INFO] - Data file saved at C:\Users\Administrator\Desktop\1PAPER\6_GCOM/data//SLE\processed\cos_knn_graph_data_23.pt.
[2025-09-15 02:38:13,091][src.datamodules.SLE_datamodule_cos_knn_graph][INFO] - Data loading is done.
[2025-09-15 02:38:13,091][src.datamodules.SLE_datamodule_cos_knn_graph][INFO] - Data(x=[270, 8], edge_index=[2, 6210], y=[270, 2], reference_point=[2], train_mask=[270], val_mask=[270], test_mask=[270], x_dim=8)
[2025-09-15 02:38:13,091][__main__][INFO] - Instantiating model <src.models.gconvloc_localize_module_sle.LocalizationModule>
[2025-09-15 02:38:13,318][__main__][INFO] - Instantiating callbacks...
[2025-09-15 02:38:13,318][src.utils.utils][INFO] - Instantiating callback <pytorch_lightning.callbacks.ModelCheckpoint>
[2025-09-15 02:38:13,318][src.utils.utils][INFO] - Instantiating callback <pytorch_lightning.callbacks.EarlyStopping>
[2025-09-15 02:38:13,318][src.utils.utils][INFO] - Instantiating callback <pytorch_lightning.callbacks.RichModelSummary>
[2025-09-15 02:38:13,318][__main__][INFO] - Instantiating loggers...
[2025-09-15 02:38:13,332][src.utils.utils][INFO] - Instantiating logger <pytorch_lightning.loggers.csv_logs.CSVLogger>
[2025-09-15 02:38:13,333][src.utils.utils][INFO] - Instantiating logger <pytorch_lightning.loggers.tensorboard.TensorBoardLogger>
[2025-09-15 02:38:13,335][src.utils.utils][INFO] - Instantiating logger <pytorch_lightning.loggers.wandb.WandbLogger>
[2025-09-15 02:39:21,516][__main__][INFO] - Instantiating trainer <pytorch_lightning.Trainer>
[2025-09-15 02:39:21,527][__main__][INFO] - Logging hyperparameters!
[2025-09-15 02:39:21,543][__main__][INFO] - Starting training!
[2025-09-15 02:39:49,093][__main__][INFO] - Total training time: 27.55 seconds
[2025-09-15 02:39:49,094][__main__][INFO] - Starting testing!
[2025-09-15 02:39:49,342][__main__][INFO] - Total testing time: 0.25 seconds
[2025-09-15 02:39:49,343][__main__][INFO] - Best ckpt path: C:\Users\Administrator\Desktop\1PAPER\6_GCOM\logs\train\runs\2025-09-15_02-38-12/checkpoints\epoch_243.ckpt
[2025-09-15 02:39:49,344][src.utils.utils][INFO] - Closing loggers...
[2025-09-15 02:39:49,345][src.utils.utils][INFO] - Closing wandb!
[2025-09-15 02:39:51,787][src.utils.utils][INFO] - Output dir: C:\Users\Administrator\Desktop\1PAPER\6_GCOM\logs\train\runs\2025-09-15_02-38-12
[2025-09-15 02:39:51,787][src.utils.utils][INFO] - Metric name is None! Skipping metric value retrieval...
[2025-09-15 02:39:51,787][__main__][INFO] - Summary: Training time = 27.55 seconds, Testing time = 0.25 seconds
[2025-09-15 02:49:52,931][src.utils.utils][INFO] - Enforcing tags! <cfg.extras.enforce_tags=True>
[2025-09-15 02:49:52,936][src.utils.utils][INFO] - Printing config tree with Rich! <cfg.extras.print_config=True>
[2025-09-15 02:49:52,996][__main__][INFO] - Instantiating datamodule <src.datamodules.SLE_datamodule_cos_knn_graph.SLEGraphDataModule>
[2025-09-15 02:49:53,050][numexpr.utils][INFO] - Note: NumExpr detected 20 cores but "NUMEXPR_MAX_THREADS" not set, so enforcing safe limit of 8.
[2025-09-15 02:49:53,051][numexpr.utils][INFO] - NumExpr defaulting to 8 threads.
[2025-09-15 02:49:53,496][src.datamodules.SLE_datamodule_cos_knn_graph][INFO] - Data file C:\Users\Administrator\Desktop\1PAPER\6_GCOM/data//SLE\processed\cos_knn_graph_data_23.pt does not exists, configure data from raw files
[2025-09-15 02:49:53,518][src.datamodules.SLE_datamodule_cos_knn_graph][INFO] - Data object is created.
[2025-09-15 02:49:53,522][src.datamodules.SLE_datamodule_cos_knn_graph][INFO] - Data file saved at C:\Users\Administrator\Desktop\1PAPER\6_GCOM/data//SLE\processed\cos_knn_graph_data_23.pt.
[2025-09-15 02:49:53,523][src.datamodules.SLE_datamodule_cos_knn_graph][INFO] - Data loading is done.
[2025-09-15 02:49:53,523][src.datamodules.SLE_datamodule_cos_knn_graph][INFO] - Data(x=[270, 8], edge_index=[2, 6210], y=[270, 2], reference_point=[2], train_mask=[270], val_mask=[270], test_mask=[270], x_dim=8)
[2025-09-15 02:49:53,524][__main__][INFO] - Instantiating model <src.models.gconvloc_localize_module_sle.LocalizationModule>
[2025-09-15 02:49:53,745][__main__][INFO] - Instantiating callbacks...
[2025-09-15 02:49:53,760][src.utils.utils][INFO] - Instantiating callback <pytorch_lightning.callbacks.ModelCheckpoint>
[2025-09-15 02:49:53,760][src.utils.utils][INFO] - Instantiating callback <pytorch_lightning.callbacks.EarlyStopping>
[2025-09-15 02:49:53,760][src.utils.utils][INFO] - Instantiating callback <pytorch_lightning.callbacks.RichModelSummary>
[2025-09-15 02:49:53,760][__main__][INFO] - Instantiating loggers...
[2025-09-15 02:49:53,766][src.utils.utils][INFO] - Instantiating logger <pytorch_lightning.loggers.csv_logs.CSVLogger>
[2025-09-15 02:49:53,767][src.utils.utils][INFO] - Instantiating logger <pytorch_lightning.loggers.tensorboard.TensorBoardLogger>
[2025-09-15 02:49:53,769][src.utils.utils][INFO] - Instantiating logger <pytorch_lightning.loggers.wandb.WandbLogger>
[2025-09-15 02:50:16,959][__main__][INFO] - Instantiating trainer <pytorch_lightning.Trainer>
[2025-09-15 02:50:16,970][__main__][INFO] - Logging hyperparameters!
[2025-09-15 02:50:16,986][__main__][INFO] - Starting training!
[2025-09-15 02:50:40,296][__main__][INFO] - Total training time: 23.31 seconds
[2025-09-15 02:50:40,298][__main__][INFO] - Starting testing!
[2025-09-15 02:50:40,541][__main__][INFO] - Total testing time: 0.24 seconds
[2025-09-15 02:50:40,542][__main__][INFO] - Best ckpt path: C:\Users\Administrator\Desktop\1PAPER\6_GCOM\logs\train\runs\2025-09-15_02-49-52/checkpoints\epoch_204.ckpt
[2025-09-15 02:50:40,544][src.utils.utils][INFO] - Closing loggers...
[2025-09-15 02:50:40,544][src.utils.utils][INFO] - Closing wandb!
[2025-09-15 02:50:43,323][src.utils.utils][INFO] - Output dir: C:\Users\Administrator\Desktop\1PAPER\6_GCOM\logs\train\runs\2025-09-15_02-49-52
[2025-09-15 02:50:43,323][src.utils.utils][INFO] - Metric name is None! Skipping metric value retrieval...
[2025-09-15 02:50:43,323][__main__][INFO] - Summary: Training time = 23.31 seconds, Testing time = 0.24 seconds
[2025-09-15 02:53:46,022][src.utils.utils][INFO] - Enforcing tags! <cfg.extras.enforce_tags=True>
[2025-09-15 02:53:46,022][src.utils.utils][INFO] - Printing config tree with Rich! <cfg.extras.print_config=True>
[2025-09-15 02:53:46,087][__main__][INFO] - Instantiating datamodule <src.datamodules.SLE_datamodule_cos_knn_graph.SLEGraphDataModule>
[2025-09-15 02:53:46,132][numexpr.utils][INFO] - Note: NumExpr detected 20 cores but "NUMEXPR_MAX_THREADS" not set, so enforcing safe limit of 8.
[2025-09-15 02:53:46,132][numexpr.utils][INFO] - NumExpr defaulting to 8 threads.
[2025-09-15 02:53:46,589][src.datamodules.SLE_datamodule_cos_knn_graph][INFO] - Data file C:\Users\Administrator\Desktop\1PAPER\6_GCOM/data//SLE\processed\cos_knn_graph_data_23.pt does not exists, configure data from raw files
[2025-09-15 02:53:46,611][src.datamodules.SLE_datamodule_cos_knn_graph][INFO] - Data object is created.
[2025-09-15 02:53:46,613][src.datamodules.SLE_datamodule_cos_knn_graph][INFO] - Data file saved at C:\Users\Administrator\Desktop\1PAPER\6_GCOM/data//SLE\processed\cos_knn_graph_data_23.pt.
[2025-09-15 02:53:46,614][src.datamodules.SLE_datamodule_cos_knn_graph][INFO] - Data loading is done.
[2025-09-15 02:53:46,614][src.datamodules.SLE_datamodule_cos_knn_graph][INFO] - Data(x=[270, 16], edge_index=[2, 6210], y=[270, 2], reference_point=[2], train_mask=[270], val_mask=[270], test_mask=[270], x_dim=16)
[2025-09-15 02:53:46,615][__main__][INFO] - Instantiating model <src.models.gconvloc_localize_module_sle.LocalizationModule>
[2025-09-15 02:53:46,839][__main__][INFO] - Instantiating callbacks...
[2025-09-15 02:53:46,839][src.utils.utils][INFO] - Instantiating callback <pytorch_lightning.callbacks.ModelCheckpoint>
[2025-09-15 02:53:46,839][src.utils.utils][INFO] - Instantiating callback <pytorch_lightning.callbacks.EarlyStopping>
[2025-09-15 02:53:46,839][src.utils.utils][INFO] - Instantiating callback <pytorch_lightning.callbacks.RichModelSummary>
[2025-09-15 02:53:46,839][__main__][INFO] - Instantiating loggers...
[2025-09-15 02:53:46,854][src.utils.utils][INFO] - Instantiating logger <pytorch_lightning.loggers.csv_logs.CSVLogger>
[2025-09-15 02:53:46,855][src.utils.utils][INFO] - Instantiating logger <pytorch_lightning.loggers.tensorboard.TensorBoardLogger>
[2025-09-15 02:53:46,857][src.utils.utils][INFO] - Instantiating logger <pytorch_lightning.loggers.wandb.WandbLogger>
[2025-09-15 02:53:58,913][__main__][INFO] - Instantiating trainer <pytorch_lightning.Trainer>
[2025-09-15 02:53:58,925][__main__][INFO] - Logging hyperparameters!
[2025-09-15 02:53:58,941][__main__][INFO] - Starting training!
[2025-09-15 02:54:05,578][__main__][INFO] - Total training time: 6.64 seconds
[2025-09-15 02:54:05,582][__main__][INFO] - Starting testing!
[2025-09-15 02:54:05,841][__main__][INFO] - Total testing time: 0.26 seconds
[2025-09-15 02:54:05,842][__main__][INFO] - Best ckpt path: C:\Users\Administrator\Desktop\1PAPER\6_GCOM\logs\train\runs\2025-09-15_02-53-45/checkpoints\epoch_042.ckpt
[2025-09-15 02:54:05,843][src.utils.utils][INFO] - Closing loggers...
[2025-09-15 02:54:05,844][src.utils.utils][INFO] - Closing wandb!
[2025-09-15 02:54:11,151][src.utils.utils][INFO] - Output dir: C:\Users\Administrator\Desktop\1PAPER\6_GCOM\logs\train\runs\2025-09-15_02-53-45
[2025-09-15 02:54:11,151][src.utils.utils][INFO] - Metric name is None! Skipping metric value retrieval...
[2025-09-15 02:54:11,152][__main__][INFO] - Summary: Training time = 6.64 seconds, Testing time = 0.26 seconds
[2025-09-15 02:58:49,069][src.utils.utils][INFO] - Enforcing tags! <cfg.extras.enforce_tags=True>
[2025-09-15 02:58:49,074][src.utils.utils][INFO] - Printing config tree with Rich! <cfg.extras.print_config=True>
[2025-09-15 02:58:49,135][__main__][INFO] - Instantiating datamodule <src.datamodules.SLE_datamodule_cos_knn_graph.SLEGraphDataModule>
[2025-09-15 02:58:49,179][numexpr.utils][INFO] - Note: NumExpr detected 20 cores but "NUMEXPR_MAX_THREADS" not set, so enforcing safe limit of 8.
[2025-09-15 02:58:49,179][numexpr.utils][INFO] - NumExpr defaulting to 8 threads.
[2025-09-15 02:58:49,662][src.datamodules.SLE_datamodule_cos_knn_graph][INFO] - Data file C:\Users\Administrator\Desktop\1PAPER\6_GCOM/data//SLE\processed\cos_knn_graph_data_23.pt does not exists, configure data from raw files
[2025-09-15 02:58:49,678][src.datamodules.SLE_datamodule_cos_knn_graph][INFO] - Data object is created.
[2025-09-15 02:58:49,679][src.datamodules.SLE_datamodule_cos_knn_graph][INFO] - Data file saved at C:\Users\Administrator\Desktop\1PAPER\6_GCOM/data//SLE\processed\cos_knn_graph_data_23.pt.
[2025-09-15 02:58:49,680][src.datamodules.SLE_datamodule_cos_knn_graph][INFO] - Data loading is done.
[2025-09-15 02:58:49,681][src.datamodules.SLE_datamodule_cos_knn_graph][INFO] - Data(x=[270, 16], edge_index=[2, 6210], y=[270, 2], reference_point=[2], train_mask=[270], val_mask=[270], test_mask=[270], x_dim=16)
[2025-09-15 02:58:49,682][__main__][INFO] - Instantiating model <src.models.gconvloc_localize_module_sle.LocalizationModule>
[2025-09-15 02:58:49,931][__main__][INFO] - Instantiating callbacks...
[2025-09-15 02:58:49,931][src.utils.utils][INFO] - Instantiating callback <pytorch_lightning.callbacks.ModelCheckpoint>
[2025-09-15 02:58:49,935][src.utils.utils][INFO] - Instantiating callback <pytorch_lightning.callbacks.EarlyStopping>
[2025-09-15 02:58:49,936][src.utils.utils][INFO] - Instantiating callback <pytorch_lightning.callbacks.RichModelSummary>
[2025-09-15 02:58:49,937][__main__][INFO] - Instantiating loggers...
[2025-09-15 02:58:49,937][src.utils.utils][INFO] - Instantiating logger <pytorch_lightning.loggers.csv_logs.CSVLogger>
[2025-09-15 02:58:49,938][src.utils.utils][INFO] - Instantiating logger <pytorch_lightning.loggers.tensorboard.TensorBoardLogger>
[2025-09-15 02:58:49,940][src.utils.utils][INFO] - Instantiating logger <pytorch_lightning.loggers.wandb.WandbLogger>
[2025-09-15 02:59:02,142][__main__][INFO] - Instantiating trainer <pytorch_lightning.Trainer>
[2025-09-15 02:59:02,153][__main__][INFO] - Logging hyperparameters!
[2025-09-15 02:59:02,171][__main__][INFO] - Starting training!
[2025-09-15 02:59:08,651][__main__][INFO] - Total training time: 6.48 seconds
[2025-09-15 02:59:08,662][__main__][INFO] - Starting testing!
[2025-09-15 02:59:08,961][__main__][INFO] - Total testing time: 0.30 seconds
[2025-09-15 02:59:08,963][__main__][INFO] - Best ckpt path: C:\Users\Administrator\Desktop\1PAPER\6_GCOM\logs\train\runs\2025-09-15_02-58-48/checkpoints\epoch_042.ckpt
[2025-09-15 02:59:08,964][src.utils.utils][INFO] - Closing loggers...
[2025-09-15 02:59:08,966][src.utils.utils][INFO] - Closing wandb!
[2025-09-15 02:59:11,753][src.utils.utils][INFO] - Output dir: C:\Users\Administrator\Desktop\1PAPER\6_GCOM\logs\train\runs\2025-09-15_02-58-48
[2025-09-15 02:59:11,753][src.utils.utils][INFO] - Metric name is None! Skipping metric value retrieval...
[2025-09-15 02:59:11,754][__main__][INFO] - Summary: Training time = 6.48 seconds, Testing time = 0.30 seconds
[2025-09-15 03:05:27,879][src.utils.utils][INFO] - Enforcing tags! <cfg.extras.enforce_tags=True>
[2025-09-15 03:05:27,884][src.utils.utils][INFO] - Printing config tree with Rich! <cfg.extras.print_config=True>
[2025-09-15 03:05:27,943][__main__][INFO] - Instantiating datamodule <src.datamodules.SLE_datamodule_cos_knn_graph.SLEGraphDataModule>
[2025-09-15 03:05:27,993][numexpr.utils][INFO] - Note: NumExpr detected 20 cores but "NUMEXPR_MAX_THREADS" not set, so enforcing safe limit of 8.
[2025-09-15 03:05:27,993][numexpr.utils][INFO] - NumExpr defaulting to 8 threads.
[2025-09-15 03:05:28,456][src.datamodules.SLE_datamodule_cos_knn_graph][INFO] - Data file C:\Users\Administrator\Desktop\1PAPER\6_GCOM/data//SLE\processed\cos_knn_graph_data_23.pt does not exists, configure data from raw files
[2025-09-15 03:05:28,469][src.datamodules.SLE_datamodule_cos_knn_graph][INFO] - Data object is created.
[2025-09-15 03:05:28,471][src.datamodules.SLE_datamodule_cos_knn_graph][INFO] - Data file saved at C:\Users\Administrator\Desktop\1PAPER\6_GCOM/data//SLE\processed\cos_knn_graph_data_23.pt.
[2025-09-15 03:05:28,472][src.datamodules.SLE_datamodule_cos_knn_graph][INFO] - Data loading is done.
[2025-09-15 03:05:28,473][src.datamodules.SLE_datamodule_cos_knn_graph][INFO] - Data(x=[270, 16], edge_index=[2, 6210], y=[270, 2], reference_point=[2], train_mask=[270], val_mask=[270], test_mask=[270], x_dim=16)
[2025-09-15 03:05:28,474][__main__][INFO] - Instantiating model <src.models.gconvloc_localize_module_sle.LocalizationModule>
[2025-09-15 03:05:28,713][__main__][INFO] - Instantiating callbacks...
[2025-09-15 03:05:28,713][src.utils.utils][INFO] - Instantiating callback <pytorch_lightning.callbacks.ModelCheckpoint>
[2025-09-15 03:05:28,714][src.utils.utils][INFO] - Instantiating callback <pytorch_lightning.callbacks.EarlyStopping>
[2025-09-15 03:05:28,714][src.utils.utils][INFO] - Instantiating callback <pytorch_lightning.callbacks.RichModelSummary>
[2025-09-15 03:05:28,714][__main__][INFO] - Instantiating loggers...
[2025-09-15 03:05:28,714][src.utils.utils][INFO] - Instantiating logger <pytorch_lightning.loggers.csv_logs.CSVLogger>
[2025-09-15 03:05:28,720][src.utils.utils][INFO] - Instantiating logger <pytorch_lightning.loggers.tensorboard.TensorBoardLogger>
[2025-09-15 03:05:28,722][src.utils.utils][INFO] - Instantiating logger <pytorch_lightning.loggers.wandb.WandbLogger>
[2025-09-15 03:05:51,873][__main__][INFO] - Instantiating trainer <pytorch_lightning.Trainer>
[2025-09-15 03:05:51,884][__main__][INFO] - Logging hyperparameters!
[2025-09-15 03:05:51,898][__main__][INFO] - Starting training!
[2025-09-15 03:06:33,303][__main__][INFO] - Total training time: 41.40 seconds
[2025-09-15 03:06:33,304][__main__][INFO] - Starting testing!
[2025-09-15 03:06:33,559][__main__][INFO] - Total testing time: 0.26 seconds
[2025-09-15 03:06:33,562][__main__][INFO] - Best ckpt path: C:\Users\Administrator\Desktop\1PAPER\6_GCOM\logs\train\runs\2025-09-15_03-05-27/checkpoints\epoch_382.ckpt
[2025-09-15 03:06:33,563][src.utils.utils][INFO] - Closing loggers...
[2025-09-15 03:06:33,564][src.utils.utils][INFO] - Closing wandb!
[2025-09-15 03:06:36,268][src.utils.utils][INFO] - Output dir: C:\Users\Administrator\Desktop\1PAPER\6_GCOM\logs\train\runs\2025-09-15_03-05-27
[2025-09-15 03:06:36,269][src.utils.utils][INFO] - Metric name is None! Skipping metric value retrieval...
[2025-09-15 03:06:36,269][__main__][INFO] - Summary: Training time = 41.40 seconds, Testing time = 0.26 seconds
[2025-09-15 03:16:17,992][src.utils.utils][INFO] - Enforcing tags! <cfg.extras.enforce_tags=True>
[2025-09-15 03:16:17,997][src.utils.utils][INFO] - Printing config tree with Rich! <cfg.extras.print_config=True>
[2025-09-15 03:16:18,060][__main__][INFO] - Instantiating datamodule <src.datamodules.SLE_datamodule_cos_knn_graph.SLEGraphDataModule>
[2025-09-15 03:16:18,110][numexpr.utils][INFO] - Note: NumExpr detected 20 cores but "NUMEXPR_MAX_THREADS" not set, so enforcing safe limit of 8.
[2025-09-15 03:16:18,110][numexpr.utils][INFO] - NumExpr defaulting to 8 threads.
[2025-09-15 03:16:18,572][src.datamodules.SLE_datamodule_cos_knn_graph][INFO] - Data file C:\Users\Administrator\Desktop\1PAPER\6_GCOM/data//SLE\processed\cos_knn_graph_data_23.pt does not exists, configure data from raw files
[2025-09-15 03:16:18,585][src.datamodules.SLE_datamodule_cos_knn_graph][INFO] - Data object is created.
[2025-09-15 03:16:18,587][src.datamodules.SLE_datamodule_cos_knn_graph][INFO] - Data file saved at C:\Users\Administrator\Desktop\1PAPER\6_GCOM/data//SLE\processed\cos_knn_graph_data_23.pt.
[2025-09-15 03:16:18,588][src.datamodules.SLE_datamodule_cos_knn_graph][INFO] - Data loading is done.
[2025-09-15 03:16:18,589][src.datamodules.SLE_datamodule_cos_knn_graph][INFO] - Data(x=[270, 16], edge_index=[2, 6210], y=[270, 2], reference_point=[2], train_mask=[270], val_mask=[270], test_mask=[270], x_dim=16)
[2025-09-15 03:16:18,590][__main__][INFO] - Instantiating model <src.models.gconvloc_localize_module_sle.LocalizationModule>
[2025-09-15 03:16:18,827][__main__][INFO] - Instantiating callbacks...
[2025-09-15 03:16:18,827][src.utils.utils][INFO] - Instantiating callback <pytorch_lightning.callbacks.ModelCheckpoint>
[2025-09-15 03:16:18,827][src.utils.utils][INFO] - Instantiating callback <pytorch_lightning.callbacks.EarlyStopping>
[2025-09-15 03:16:18,827][src.utils.utils][INFO] - Instantiating callback <pytorch_lightning.callbacks.RichModelSummary>
[2025-09-15 03:16:18,827][__main__][INFO] - Instantiating loggers...
[2025-09-15 03:16:18,836][src.utils.utils][INFO] - Instantiating logger <pytorch_lightning.loggers.csv_logs.CSVLogger>
[2025-09-15 03:16:18,837][src.utils.utils][INFO] - Instantiating logger <pytorch_lightning.loggers.tensorboard.TensorBoardLogger>
[2025-09-15 03:16:18,839][src.utils.utils][INFO] - Instantiating logger <pytorch_lightning.loggers.wandb.WandbLogger>
[2025-09-15 03:16:42,079][__main__][INFO] - Instantiating trainer <pytorch_lightning.Trainer>
[2025-09-15 03:16:42,089][__main__][INFO] - Logging hyperparameters!
[2025-09-15 03:16:42,107][__main__][INFO] - Starting training!
[2025-09-15 03:16:43,326][src.utils.utils][ERROR] - 
Traceback (most recent call last):
  File "C:\Users\Administrator\Desktop\1PAPER\6_GCOM\src\utils\utils.py", line 42, in wrap
    metric_dict, object_dict = task_func(cfg=cfg)
  File "src/train.py", line 64, in train
    trainer.fit(model=model, datamodule=datamodule, ckpt_path=cfg.get("ckpt_path"))
  File "C:\ProgramData\anaconda3\envs\gconvloc\lib\site-packages\pytorch_lightning\trainer\trainer.py", line 696, in fit
    self._call_and_handle_interrupt(
  File "C:\ProgramData\anaconda3\envs\gconvloc\lib\site-packages\pytorch_lightning\trainer\trainer.py", line 650, in _call_and_handle_interrupt
    return trainer_fn(*args, **kwargs)
  File "C:\ProgramData\anaconda3\envs\gconvloc\lib\site-packages\pytorch_lightning\trainer\trainer.py", line 735, in _fit_impl
    results = self._run(model, ckpt_path=self.ckpt_path)
  File "C:\ProgramData\anaconda3\envs\gconvloc\lib\site-packages\pytorch_lightning\trainer\trainer.py", line 1166, in _run
    results = self._run_stage()
  File "C:\ProgramData\anaconda3\envs\gconvloc\lib\site-packages\pytorch_lightning\trainer\trainer.py", line 1252, in _run_stage
    return self._run_train()
  File "C:\ProgramData\anaconda3\envs\gconvloc\lib\site-packages\pytorch_lightning\trainer\trainer.py", line 1283, in _run_train
    self.fit_loop.run()
  File "C:\ProgramData\anaconda3\envs\gconvloc\lib\site-packages\pytorch_lightning\loops\loop.py", line 200, in run
    self.advance(*args, **kwargs)
  File "C:\ProgramData\anaconda3\envs\gconvloc\lib\site-packages\pytorch_lightning\loops\fit_loop.py", line 271, in advance
    self._outputs = self.epoch_loop.run(self._data_fetcher)
  File "C:\ProgramData\anaconda3\envs\gconvloc\lib\site-packages\pytorch_lightning\loops\loop.py", line 200, in run
    self.advance(*args, **kwargs)
  File "C:\ProgramData\anaconda3\envs\gconvloc\lib\site-packages\pytorch_lightning\loops\epoch\training_epoch_loop.py", line 203, in advance
    batch_output = self.batch_loop.run(kwargs)
  File "C:\ProgramData\anaconda3\envs\gconvloc\lib\site-packages\pytorch_lightning\loops\loop.py", line 200, in run
    self.advance(*args, **kwargs)
  File "C:\ProgramData\anaconda3\envs\gconvloc\lib\site-packages\pytorch_lightning\loops\batch\training_batch_loop.py", line 87, in advance
    outputs = self.optimizer_loop.run(optimizers, kwargs)
  File "C:\ProgramData\anaconda3\envs\gconvloc\lib\site-packages\pytorch_lightning\loops\loop.py", line 200, in run
    self.advance(*args, **kwargs)
  File "C:\ProgramData\anaconda3\envs\gconvloc\lib\site-packages\pytorch_lightning\loops\optimization\optimizer_loop.py", line 201, in advance
    result = self._run_optimization(kwargs, self._optimizers[self.optim_progress.optimizer_position])
  File "C:\ProgramData\anaconda3\envs\gconvloc\lib\site-packages\pytorch_lightning\loops\optimization\optimizer_loop.py", line 248, in _run_optimization
    self._optimizer_step(optimizer, opt_idx, kwargs.get("batch_idx", 0), closure)
  File "C:\ProgramData\anaconda3\envs\gconvloc\lib\site-packages\pytorch_lightning\loops\optimization\optimizer_loop.py", line 358, in _optimizer_step
    self.trainer._call_lightning_module_hook(
  File "C:\ProgramData\anaconda3\envs\gconvloc\lib\site-packages\pytorch_lightning\trainer\trainer.py", line 1550, in _call_lightning_module_hook
    output = fn(*args, **kwargs)
  File "C:\ProgramData\anaconda3\envs\gconvloc\lib\site-packages\pytorch_lightning\core\module.py", line 1705, in optimizer_step
    optimizer.step(closure=optimizer_closure)
  File "C:\ProgramData\anaconda3\envs\gconvloc\lib\site-packages\pytorch_lightning\core\optimizer.py", line 168, in step
    step_output = self._strategy.optimizer_step(self._optimizer, self._optimizer_idx, closure, **kwargs)
  File "C:\ProgramData\anaconda3\envs\gconvloc\lib\site-packages\pytorch_lightning\strategies\strategy.py", line 216, in optimizer_step
    return self.precision_plugin.optimizer_step(model, optimizer, opt_idx, closure, **kwargs)
  File "C:\ProgramData\anaconda3\envs\gconvloc\lib\site-packages\pytorch_lightning\plugins\precision\precision_plugin.py", line 153, in optimizer_step
    return optimizer.step(closure=closure, **kwargs)
  File "C:\ProgramData\anaconda3\envs\gconvloc\lib\site-packages\torch\optim\optimizer.py", line 113, in wrapper
    return func(*args, **kwargs)
  File "C:\ProgramData\anaconda3\envs\gconvloc\lib\site-packages\torch\autograd\grad_mode.py", line 27, in decorate_context
    return func(*args, **kwargs)
  File "C:\ProgramData\anaconda3\envs\gconvloc\lib\site-packages\torch\optim\adam.py", line 118, in step
    loss = closure()
  File "C:\ProgramData\anaconda3\envs\gconvloc\lib\site-packages\pytorch_lightning\plugins\precision\precision_plugin.py", line 138, in _wrap_closure
    closure_result = closure()
  File "C:\ProgramData\anaconda3\envs\gconvloc\lib\site-packages\pytorch_lightning\loops\optimization\optimizer_loop.py", line 146, in __call__
    self._result = self.closure(*args, **kwargs)
  File "C:\ProgramData\anaconda3\envs\gconvloc\lib\site-packages\pytorch_lightning\loops\optimization\optimizer_loop.py", line 132, in closure
    step_output = self._step_fn()
  File "C:\ProgramData\anaconda3\envs\gconvloc\lib\site-packages\pytorch_lightning\loops\optimization\optimizer_loop.py", line 407, in _training_step
    training_step_output = self.trainer._call_strategy_hook("training_step", *kwargs.values())
  File "C:\ProgramData\anaconda3\envs\gconvloc\lib\site-packages\pytorch_lightning\trainer\trainer.py", line 1704, in _call_strategy_hook
    output = fn(*args, **kwargs)
  File "C:\ProgramData\anaconda3\envs\gconvloc\lib\site-packages\pytorch_lightning\strategies\strategy.py", line 358, in training_step
    return self.model.training_step(*args, **kwargs)
  File "C:\Users\Administrator\Desktop\1PAPER\6_GCOM\src\models\gconvloc_localize_module_sle.py", line 107, in training_step
    pred, actual = self.forward(batch, stage="train")
  File "C:\Users\Administrator\Desktop\1PAPER\6_GCOM\src\models\gconvloc_localize_module_sle.py", line 93, in forward
    out = self.gat(batch.x, batch.edge_index, batch.edge_attr, stage=stage)
  File "C:\ProgramData\anaconda3\envs\gconvloc\lib\site-packages\torch\nn\modules\module.py", line 1130, in _call_impl
    return forward_call(*input, **kwargs)
  File "C:\Users\Administrator\Desktop\1PAPER\6_GCOM\src\models\components\gat_model.py", line 79, in forward
    x = conv(x, edge_index, edge_attr)
  File "C:\ProgramData\anaconda3\envs\gconvloc\lib\site-packages\torch\nn\modules\module.py", line 1130, in _call_impl
    return forward_call(*input, **kwargs)
  File "C:\ProgramData\anaconda3\envs\gconvloc\lib\site-packages\torch_geometric\nn\conv\gatv2_conv.py", line 236, in forward
    out = self.propagate(edge_index, x=(x_l, x_r), edge_attr=edge_attr,
  File "C:\ProgramData\anaconda3\envs\gconvloc\lib\site-packages\torch_geometric\nn\conv\message_passing.py", line 437, in propagate
    out = self.message(**msg_kwargs)
  File "C:\ProgramData\anaconda3\envs\gconvloc\lib\site-packages\torch_geometric\nn\conv\gatv2_conv.py", line 272, in message
    x = F.leaky_relu(x, self.negative_slope)
  File "C:\ProgramData\anaconda3\envs\gconvloc\lib\site-packages\torch\nn\functional.py", line 1633, in leaky_relu
    result = torch._C._nn.leaky_relu(input, negative_slope)
RuntimeError: [enforce fail at C:\actions-runner\_work\pytorch\pytorch\builder\windows\pytorch\c10\core\impl\alloc_cpu.cpp:81] data. DefaultCPUAllocator: not enough memory: you tried to allocate 3317760 bytes.
[2025-09-15 03:16:43,346][src.utils.utils][INFO] - Closing loggers...
[2025-09-15 03:16:43,347][src.utils.utils][INFO] - Closing wandb!
[2025-09-15 03:18:22,178][src.utils.utils][INFO] - Enforcing tags! <cfg.extras.enforce_tags=True>
[2025-09-15 03:18:22,178][src.utils.utils][INFO] - Printing config tree with Rich! <cfg.extras.print_config=True>
[2025-09-15 03:18:22,243][__main__][INFO] - Instantiating datamodule <src.datamodules.SLE_datamodule_cos_knn_graph.SLEGraphDataModule>
[2025-09-15 03:18:22,292][numexpr.utils][INFO] - Note: NumExpr detected 20 cores but "NUMEXPR_MAX_THREADS" not set, so enforcing safe limit of 8.
[2025-09-15 03:18:22,292][numexpr.utils][INFO] - NumExpr defaulting to 8 threads.
[2025-09-15 03:18:22,725][src.datamodules.SLE_datamodule_cos_knn_graph][INFO] - Data file C:\Users\Administrator\Desktop\1PAPER\6_GCOM/data//SLE\processed\cos_knn_graph_data_23.pt does not exists, configure data from raw files
[2025-09-15 03:18:22,746][src.datamodules.SLE_datamodule_cos_knn_graph][INFO] - Data object is created.
[2025-09-15 03:18:22,748][src.datamodules.SLE_datamodule_cos_knn_graph][INFO] - Data file saved at C:\Users\Administrator\Desktop\1PAPER\6_GCOM/data//SLE\processed\cos_knn_graph_data_23.pt.
[2025-09-15 03:18:22,749][src.datamodules.SLE_datamodule_cos_knn_graph][INFO] - Data loading is done.
[2025-09-15 03:18:22,750][src.datamodules.SLE_datamodule_cos_knn_graph][INFO] - Data(x=[270, 16], edge_index=[2, 6210], y=[270, 2], reference_point=[2], train_mask=[270], val_mask=[270], test_mask=[270], x_dim=16)
[2025-09-15 03:18:22,751][__main__][INFO] - Instantiating model <src.models.gconvloc_localize_module_sle.LocalizationModule>
[2025-09-15 03:18:22,981][__main__][INFO] - Instantiating callbacks...
[2025-09-15 03:18:22,981][src.utils.utils][INFO] - Instantiating callback <pytorch_lightning.callbacks.ModelCheckpoint>
[2025-09-15 03:18:22,996][src.utils.utils][INFO] - Instantiating callback <pytorch_lightning.callbacks.EarlyStopping>
[2025-09-15 03:18:22,996][src.utils.utils][INFO] - Instantiating callback <pytorch_lightning.callbacks.RichModelSummary>
[2025-09-15 03:18:22,996][__main__][INFO] - Instantiating loggers...
[2025-09-15 03:18:23,000][src.utils.utils][INFO] - Instantiating logger <pytorch_lightning.loggers.csv_logs.CSVLogger>
[2025-09-15 03:18:23,001][src.utils.utils][INFO] - Instantiating logger <pytorch_lightning.loggers.tensorboard.TensorBoardLogger>
[2025-09-15 03:18:23,003][src.utils.utils][INFO] - Instantiating logger <pytorch_lightning.loggers.wandb.WandbLogger>
[2025-09-15 03:18:35,199][__main__][INFO] - Instantiating trainer <pytorch_lightning.Trainer>
[2025-09-15 03:18:35,210][__main__][INFO] - Logging hyperparameters!
[2025-09-15 03:18:35,218][__main__][INFO] - Starting training!
[2025-09-15 03:19:12,328][__main__][INFO] - Total training time: 37.10 seconds
[2025-09-15 03:19:12,341][__main__][INFO] - Starting testing!
[2025-09-15 03:19:12,723][__main__][INFO] - Total testing time: 0.38 seconds
[2025-09-15 03:19:12,724][__main__][INFO] - Best ckpt path: C:\Users\Administrator\Desktop\1PAPER\6_GCOM\logs\train\runs\2025-09-15_03-18-22/checkpoints\epoch_331.ckpt
[2025-09-15 03:19:12,726][src.utils.utils][INFO] - Closing loggers...
[2025-09-15 03:19:12,727][src.utils.utils][INFO] - Closing wandb!
[2025-09-15 03:19:15,942][src.utils.utils][INFO] - Output dir: C:\Users\Administrator\Desktop\1PAPER\6_GCOM\logs\train\runs\2025-09-15_03-18-22
[2025-09-15 03:19:15,942][src.utils.utils][INFO] - Metric name is None! Skipping metric value retrieval...
[2025-09-15 03:19:15,942][__main__][INFO] - Summary: Training time = 37.10 seconds, Testing time = 0.38 seconds
[2025-09-15 03:21:49,808][src.utils.utils][INFO] - Enforcing tags! <cfg.extras.enforce_tags=True>
[2025-09-15 03:21:49,808][src.utils.utils][INFO] - Printing config tree with Rich! <cfg.extras.print_config=True>
[2025-09-15 03:21:49,871][__main__][INFO] - Instantiating datamodule <src.datamodules.SLE_datamodule_cos_knn_graph.SLEGraphDataModule>
[2025-09-15 03:21:49,922][numexpr.utils][INFO] - Note: NumExpr detected 20 cores but "NUMEXPR_MAX_THREADS" not set, so enforcing safe limit of 8.
[2025-09-15 03:21:49,922][numexpr.utils][INFO] - NumExpr defaulting to 8 threads.
[2025-09-15 03:21:50,373][src.datamodules.SLE_datamodule_cos_knn_graph][INFO] - Data file C:\Users\Administrator\Desktop\1PAPER\6_GCOM/data//SLE\processed\cos_knn_graph_data_23.pt does not exists, configure data from raw files
[2025-09-15 03:21:50,388][src.datamodules.SLE_datamodule_cos_knn_graph][INFO] - Data object is created.
[2025-09-15 03:21:50,390][src.datamodules.SLE_datamodule_cos_knn_graph][INFO] - Data file saved at C:\Users\Administrator\Desktop\1PAPER\6_GCOM/data//SLE\processed\cos_knn_graph_data_23.pt.
[2025-09-15 03:21:50,392][src.datamodules.SLE_datamodule_cos_knn_graph][INFO] - Data loading is done.
[2025-09-15 03:21:50,392][src.datamodules.SLE_datamodule_cos_knn_graph][INFO] - Data(x=[270, 16], edge_index=[2, 6210], y=[270, 2], reference_point=[2], train_mask=[270], val_mask=[270], test_mask=[270], x_dim=16)
[2025-09-15 03:21:50,394][__main__][INFO] - Instantiating model <src.models.gconvloc_localize_module_sle.LocalizationModule>
[2025-09-15 03:21:50,635][__main__][INFO] - Instantiating callbacks...
[2025-09-15 03:21:50,636][src.utils.utils][INFO] - Instantiating callback <pytorch_lightning.callbacks.ModelCheckpoint>
[2025-09-15 03:21:50,639][src.utils.utils][INFO] - Instantiating callback <pytorch_lightning.callbacks.EarlyStopping>
[2025-09-15 03:21:50,640][src.utils.utils][INFO] - Instantiating callback <pytorch_lightning.callbacks.RichModelSummary>
[2025-09-15 03:21:50,641][__main__][INFO] - Instantiating loggers...
[2025-09-15 03:21:50,641][src.utils.utils][INFO] - Instantiating logger <pytorch_lightning.loggers.csv_logs.CSVLogger>
[2025-09-15 03:21:50,642][src.utils.utils][INFO] - Instantiating logger <pytorch_lightning.loggers.tensorboard.TensorBoardLogger>
[2025-09-15 03:21:50,644][src.utils.utils][INFO] - Instantiating logger <pytorch_lightning.loggers.wandb.WandbLogger>
[2025-09-15 03:22:13,868][__main__][INFO] - Instantiating trainer <pytorch_lightning.Trainer>
[2025-09-15 03:22:13,879][__main__][INFO] - Logging hyperparameters!
[2025-09-15 03:22:13,896][__main__][INFO] - Starting training!
[2025-09-15 03:22:35,151][__main__][INFO] - Total training time: 21.25 seconds
[2025-09-15 03:22:35,153][__main__][INFO] - Starting testing!
[2025-09-15 03:22:35,433][__main__][INFO] - Total testing time: 0.28 seconds
[2025-09-15 03:22:35,433][__main__][INFO] - Best ckpt path: C:\Users\Administrator\Desktop\1PAPER\6_GCOM\logs\train\runs\2025-09-15_03-21-49/checkpoints\epoch_183.ckpt
[2025-09-15 03:22:35,435][src.utils.utils][INFO] - Closing loggers...
[2025-09-15 03:22:35,436][src.utils.utils][INFO] - Closing wandb!
[2025-09-15 03:22:42,821][src.utils.utils][INFO] - Output dir: C:\Users\Administrator\Desktop\1PAPER\6_GCOM\logs\train\runs\2025-09-15_03-21-49
[2025-09-15 03:22:42,822][src.utils.utils][INFO] - Metric name is None! Skipping metric value retrieval...
[2025-09-15 03:22:42,822][__main__][INFO] - Summary: Training time = 21.25 seconds, Testing time = 0.28 seconds
[2025-09-15 03:25:32,386][src.utils.utils][INFO] - Enforcing tags! <cfg.extras.enforce_tags=True>
[2025-09-15 03:25:32,386][src.utils.utils][INFO] - Printing config tree with Rich! <cfg.extras.print_config=True>
[2025-09-15 03:25:32,458][__main__][INFO] - Instantiating datamodule <src.datamodules.SLE_datamodule_cos_knn_graph.SLEGraphDataModule>
[2025-09-15 03:25:32,504][numexpr.utils][INFO] - Note: NumExpr detected 20 cores but "NUMEXPR_MAX_THREADS" not set, so enforcing safe limit of 8.
[2025-09-15 03:25:32,504][numexpr.utils][INFO] - NumExpr defaulting to 8 threads.
[2025-09-15 03:25:32,933][src.datamodules.SLE_datamodule_cos_knn_graph][INFO] - Data file C:\Users\Administrator\Desktop\1PAPER\6_GCOM/data//SLE\processed\cos_knn_graph_data_23.pt does not exists, configure data from raw files
[2025-09-15 03:25:32,960][src.datamodules.SLE_datamodule_cos_knn_graph][INFO] - Data object is created.
[2025-09-15 03:25:32,962][src.datamodules.SLE_datamodule_cos_knn_graph][INFO] - Data file saved at C:\Users\Administrator\Desktop\1PAPER\6_GCOM/data//SLE\processed\cos_knn_graph_data_23.pt.
[2025-09-15 03:25:32,964][src.datamodules.SLE_datamodule_cos_knn_graph][INFO] - Data loading is done.
[2025-09-15 03:25:32,964][src.datamodules.SLE_datamodule_cos_knn_graph][INFO] - Data(x=[270, 24], edge_index=[2, 6210], y=[270, 2], reference_point=[2], train_mask=[270], val_mask=[270], test_mask=[270], x_dim=24)
[2025-09-15 03:25:32,965][__main__][INFO] - Instantiating model <src.models.gconvloc_localize_module_sle.LocalizationModule>
[2025-09-15 03:25:33,204][__main__][INFO] - Instantiating callbacks...
[2025-09-15 03:25:33,204][src.utils.utils][INFO] - Instantiating callback <pytorch_lightning.callbacks.ModelCheckpoint>
[2025-09-15 03:25:33,204][src.utils.utils][INFO] - Instantiating callback <pytorch_lightning.callbacks.EarlyStopping>
[2025-09-15 03:25:33,204][src.utils.utils][INFO] - Instantiating callback <pytorch_lightning.callbacks.RichModelSummary>
[2025-09-15 03:25:33,204][__main__][INFO] - Instantiating loggers...
[2025-09-15 03:25:33,216][src.utils.utils][INFO] - Instantiating logger <pytorch_lightning.loggers.csv_logs.CSVLogger>
[2025-09-15 03:25:33,217][src.utils.utils][INFO] - Instantiating logger <pytorch_lightning.loggers.tensorboard.TensorBoardLogger>
[2025-09-15 03:25:33,219][src.utils.utils][INFO] - Instantiating logger <pytorch_lightning.loggers.wandb.WandbLogger>
[2025-09-15 03:25:45,331][__main__][INFO] - Instantiating trainer <pytorch_lightning.Trainer>
[2025-09-15 03:25:45,342][__main__][INFO] - Logging hyperparameters!
[2025-09-15 03:25:45,352][__main__][INFO] - Starting training!
[2025-09-15 03:26:22,308][__main__][INFO] - Total training time: 36.95 seconds
[2025-09-15 03:26:22,316][__main__][INFO] - Starting testing!
[2025-09-15 03:26:22,605][__main__][INFO] - Total testing time: 0.29 seconds
[2025-09-15 03:26:22,610][__main__][INFO] - Best ckpt path: C:\Users\Administrator\Desktop\1PAPER\6_GCOM\logs\train\runs\2025-09-15_03-25-32/checkpoints\epoch_332.ckpt
[2025-09-15 03:26:22,611][src.utils.utils][INFO] - Closing loggers...
[2025-09-15 03:26:22,611][src.utils.utils][INFO] - Closing wandb!
[2025-09-15 03:26:25,410][src.utils.utils][INFO] - Output dir: C:\Users\Administrator\Desktop\1PAPER\6_GCOM\logs\train\runs\2025-09-15_03-25-32
[2025-09-15 03:26:25,411][src.utils.utils][INFO] - Metric name is None! Skipping metric value retrieval...
[2025-09-15 03:26:25,411][__main__][INFO] - Summary: Training time = 36.95 seconds, Testing time = 0.29 seconds
[2025-09-15 03:30:05,995][src.utils.utils][INFO] - Enforcing tags! <cfg.extras.enforce_tags=True>
[2025-09-15 03:30:06,011][src.utils.utils][INFO] - Printing config tree with Rich! <cfg.extras.print_config=True>
[2025-09-15 03:30:06,066][__main__][INFO] - Instantiating datamodule <src.datamodules.SLE_datamodule_cos_knn_graph.SLEGraphDataModule>
[2025-09-15 03:30:06,110][numexpr.utils][INFO] - Note: NumExpr detected 20 cores but "NUMEXPR_MAX_THREADS" not set, so enforcing safe limit of 8.
[2025-09-15 03:30:06,110][numexpr.utils][INFO] - NumExpr defaulting to 8 threads.
[2025-09-15 03:30:06,559][src.datamodules.SLE_datamodule_cos_knn_graph][INFO] - Data file C:\Users\Administrator\Desktop\1PAPER\6_GCOM/data//SLE\processed\cos_knn_graph_data_23.pt does not exists, configure data from raw files
[2025-09-15 03:30:06,584][src.datamodules.SLE_datamodule_cos_knn_graph][INFO] - Data object is created.
[2025-09-15 03:30:06,585][src.datamodules.SLE_datamodule_cos_knn_graph][INFO] - Data file saved at C:\Users\Administrator\Desktop\1PAPER\6_GCOM/data//SLE\processed\cos_knn_graph_data_23.pt.
[2025-09-15 03:30:06,585][src.datamodules.SLE_datamodule_cos_knn_graph][INFO] - Data loading is done.
[2025-09-15 03:30:06,585][src.datamodules.SLE_datamodule_cos_knn_graph][INFO] - Data(x=[270, 8], edge_index=[2, 6210], y=[270, 2], reference_point=[2], train_mask=[270], val_mask=[270], test_mask=[270], x_dim=8)
[2025-09-15 03:30:06,585][__main__][INFO] - Instantiating model <src.models.gconvloc_localize_module_sle.LocalizationModule>
[2025-09-15 03:30:06,823][__main__][INFO] - Instantiating callbacks...
[2025-09-15 03:30:06,823][src.utils.utils][INFO] - Instantiating callback <pytorch_lightning.callbacks.ModelCheckpoint>
[2025-09-15 03:30:06,823][src.utils.utils][INFO] - Instantiating callback <pytorch_lightning.callbacks.EarlyStopping>
[2025-09-15 03:30:06,823][src.utils.utils][INFO] - Instantiating callback <pytorch_lightning.callbacks.RichModelSummary>
[2025-09-15 03:30:06,823][__main__][INFO] - Instantiating loggers...
[2025-09-15 03:30:06,832][src.utils.utils][INFO] - Instantiating logger <pytorch_lightning.loggers.csv_logs.CSVLogger>
[2025-09-15 03:30:06,834][src.utils.utils][INFO] - Instantiating logger <pytorch_lightning.loggers.tensorboard.TensorBoardLogger>
[2025-09-15 03:30:06,835][src.utils.utils][INFO] - Instantiating logger <pytorch_lightning.loggers.wandb.WandbLogger>
[2025-09-15 03:30:18,915][__main__][INFO] - Instantiating trainer <pytorch_lightning.Trainer>
[2025-09-15 03:30:18,926][__main__][INFO] - Logging hyperparameters!
[2025-09-15 03:30:18,943][__main__][INFO] - Starting training!
[2025-09-15 03:30:51,638][__main__][INFO] - Total training time: 32.69 seconds
[2025-09-15 03:30:51,638][__main__][INFO] - Starting testing!
[2025-09-15 03:30:51,905][__main__][INFO] - Total testing time: 0.27 seconds
[2025-09-15 03:30:51,906][__main__][INFO] - Best ckpt path: C:\Users\Administrator\Desktop\1PAPER\6_GCOM\logs\train\runs\2025-09-15_03-30-05/checkpoints\epoch_298.ckpt
[2025-09-15 03:30:51,907][src.utils.utils][INFO] - Closing loggers...
[2025-09-15 03:30:51,908][src.utils.utils][INFO] - Closing wandb!
[2025-09-15 03:30:54,103][src.utils.utils][INFO] - Output dir: C:\Users\Administrator\Desktop\1PAPER\6_GCOM\logs\train\runs\2025-09-15_03-30-05
[2025-09-15 03:30:54,104][src.utils.utils][INFO] - Metric name is None! Skipping metric value retrieval...
[2025-09-15 03:30:54,104][__main__][INFO] - Summary: Training time = 32.69 seconds, Testing time = 0.27 seconds
[2025-09-15 03:32:42,825][src.utils.utils][INFO] - Enforcing tags! <cfg.extras.enforce_tags=True>
[2025-09-15 03:32:42,837][src.utils.utils][INFO] - Printing config tree with Rich! <cfg.extras.print_config=True>
[2025-09-15 03:32:42,897][__main__][INFO] - Instantiating datamodule <src.datamodules.SLE_datamodule_cos_knn_graph.SLEGraphDataModule>
[2025-09-15 03:32:42,942][numexpr.utils][INFO] - Note: NumExpr detected 20 cores but "NUMEXPR_MAX_THREADS" not set, so enforcing safe limit of 8.
[2025-09-15 03:32:42,942][numexpr.utils][INFO] - NumExpr defaulting to 8 threads.
[2025-09-15 03:32:43,404][src.datamodules.SLE_datamodule_cos_knn_graph][INFO] - Data file C:\Users\Administrator\Desktop\1PAPER\6_GCOM/data//SLE\processed\cos_knn_graph_data_23.pt does not exists, configure data from raw files
[2025-09-15 03:32:43,417][src.datamodules.SLE_datamodule_cos_knn_graph][INFO] - Data object is created.
[2025-09-15 03:32:43,418][src.datamodules.SLE_datamodule_cos_knn_graph][INFO] - Data file saved at C:\Users\Administrator\Desktop\1PAPER\6_GCOM/data//SLE\processed\cos_knn_graph_data_23.pt.
[2025-09-15 03:32:43,419][src.datamodules.SLE_datamodule_cos_knn_graph][INFO] - Data loading is done.
[2025-09-15 03:32:43,420][src.datamodules.SLE_datamodule_cos_knn_graph][INFO] - Data(x=[270, 8], edge_index=[2, 6210], y=[270, 2], reference_point=[2], train_mask=[270], val_mask=[270], test_mask=[270], x_dim=8)
[2025-09-15 03:32:43,421][__main__][INFO] - Instantiating model <src.models.gconvloc_localize_module_sle.LocalizationModule>
[2025-09-15 03:32:43,665][__main__][INFO] - Instantiating callbacks...
[2025-09-15 03:32:43,666][src.utils.utils][INFO] - Instantiating callback <pytorch_lightning.callbacks.ModelCheckpoint>
[2025-09-15 03:32:43,668][src.utils.utils][INFO] - Instantiating callback <pytorch_lightning.callbacks.EarlyStopping>
[2025-09-15 03:32:43,668][src.utils.utils][INFO] - Instantiating callback <pytorch_lightning.callbacks.RichModelSummary>
[2025-09-15 03:32:43,668][__main__][INFO] - Instantiating loggers...
[2025-09-15 03:32:43,671][src.utils.utils][INFO] - Instantiating logger <pytorch_lightning.loggers.csv_logs.CSVLogger>
[2025-09-15 03:32:43,672][src.utils.utils][INFO] - Instantiating logger <pytorch_lightning.loggers.tensorboard.TensorBoardLogger>
[2025-09-15 03:32:43,673][src.utils.utils][INFO] - Instantiating logger <pytorch_lightning.loggers.wandb.WandbLogger>
[2025-09-15 03:33:06,764][__main__][INFO] - Instantiating trainer <pytorch_lightning.Trainer>
[2025-09-15 03:33:06,775][__main__][INFO] - Logging hyperparameters!
[2025-09-15 03:33:06,791][__main__][INFO] - Starting training!
[2025-09-15 03:33:33,008][__main__][INFO] - Total training time: 26.22 seconds
[2025-09-15 03:33:33,016][__main__][INFO] - Starting testing!
[2025-09-15 03:33:33,281][__main__][INFO] - Total testing time: 0.26 seconds
[2025-09-15 03:33:33,282][__main__][INFO] - Best ckpt path: C:\Users\Administrator\Desktop\1PAPER\6_GCOM\logs\train\runs\2025-09-15_03-32-42/checkpoints\epoch_233.ckpt
[2025-09-15 03:33:33,282][src.utils.utils][INFO] - Closing loggers...
[2025-09-15 03:33:33,284][src.utils.utils][INFO] - Closing wandb!
[2025-09-15 03:33:35,915][src.utils.utils][INFO] - Output dir: C:\Users\Administrator\Desktop\1PAPER\6_GCOM\logs\train\runs\2025-09-15_03-32-42
[2025-09-15 03:33:35,916][src.utils.utils][INFO] - Metric name is None! Skipping metric value retrieval...
[2025-09-15 03:33:35,916][__main__][INFO] - Summary: Training time = 26.22 seconds, Testing time = 0.26 seconds
[2025-09-15 03:35:16,402][src.utils.utils][INFO] - Enforcing tags! <cfg.extras.enforce_tags=True>
[2025-09-15 03:35:16,417][src.utils.utils][INFO] - Printing config tree with Rich! <cfg.extras.print_config=True>
[2025-09-15 03:35:16,476][__main__][INFO] - Instantiating datamodule <src.datamodules.SLE_datamodule_cos_knn_graph.SLEGraphDataModule>
[2025-09-15 03:35:16,526][numexpr.utils][INFO] - Note: NumExpr detected 20 cores but "NUMEXPR_MAX_THREADS" not set, so enforcing safe limit of 8.
[2025-09-15 03:35:16,527][numexpr.utils][INFO] - NumExpr defaulting to 8 threads.
[2025-09-15 03:35:16,964][src.datamodules.SLE_datamodule_cos_knn_graph][INFO] - Data file C:\Users\Administrator\Desktop\1PAPER\6_GCOM/data//SLE\processed\cos_knn_graph_data_23.pt does not exists, configure data from raw files
[2025-09-15 03:35:16,977][src.datamodules.SLE_datamodule_cos_knn_graph][INFO] - Data object is created.
[2025-09-15 03:35:16,980][src.datamodules.SLE_datamodule_cos_knn_graph][INFO] - Data file saved at C:\Users\Administrator\Desktop\1PAPER\6_GCOM/data//SLE\processed\cos_knn_graph_data_23.pt.
[2025-09-15 03:35:16,981][src.datamodules.SLE_datamodule_cos_knn_graph][INFO] - Data loading is done.
[2025-09-15 03:35:16,981][src.datamodules.SLE_datamodule_cos_knn_graph][INFO] - Data(x=[270, 8], edge_index=[2, 6210], y=[270, 2], reference_point=[2], train_mask=[270], val_mask=[270], test_mask=[270], x_dim=8)
[2025-09-15 03:35:16,981][__main__][INFO] - Instantiating model <src.models.gconvloc_localize_module_sle.LocalizationModule>
[2025-09-15 03:35:17,215][__main__][INFO] - Instantiating callbacks...
[2025-09-15 03:35:17,215][src.utils.utils][INFO] - Instantiating callback <pytorch_lightning.callbacks.ModelCheckpoint>
[2025-09-15 03:35:17,230][src.utils.utils][INFO] - Instantiating callback <pytorch_lightning.callbacks.EarlyStopping>
[2025-09-15 03:35:17,230][src.utils.utils][INFO] - Instantiating callback <pytorch_lightning.callbacks.RichModelSummary>
[2025-09-15 03:35:17,230][__main__][INFO] - Instantiating loggers...
[2025-09-15 03:35:17,235][src.utils.utils][INFO] - Instantiating logger <pytorch_lightning.loggers.csv_logs.CSVLogger>
[2025-09-15 03:35:17,236][src.utils.utils][INFO] - Instantiating logger <pytorch_lightning.loggers.tensorboard.TensorBoardLogger>
[2025-09-15 03:35:17,238][src.utils.utils][INFO] - Instantiating logger <pytorch_lightning.loggers.wandb.WandbLogger>
[2025-09-15 03:35:29,473][__main__][INFO] - Instantiating trainer <pytorch_lightning.Trainer>
[2025-09-15 03:35:29,484][__main__][INFO] - Logging hyperparameters!
[2025-09-15 03:35:29,501][__main__][INFO] - Starting training!
[2025-09-15 03:36:12,492][__main__][INFO] - Total training time: 42.99 seconds
[2025-09-15 03:36:12,494][__main__][INFO] - Starting testing!
[2025-09-15 03:36:12,752][__main__][INFO] - Total testing time: 0.26 seconds
[2025-09-15 03:36:12,754][__main__][INFO] - Best ckpt path: C:\Users\Administrator\Desktop\1PAPER\6_GCOM\logs\train\runs\2025-09-15_03-35-16/checkpoints\epoch_386.ckpt
[2025-09-15 03:36:12,755][src.utils.utils][INFO] - Closing loggers...
[2025-09-15 03:36:12,756][src.utils.utils][INFO] - Closing wandb!
[2025-09-15 03:36:15,718][src.utils.utils][INFO] - Output dir: C:\Users\Administrator\Desktop\1PAPER\6_GCOM\logs\train\runs\2025-09-15_03-35-16
[2025-09-15 03:36:15,719][src.utils.utils][INFO] - Metric name is None! Skipping metric value retrieval...
[2025-09-15 03:36:15,720][__main__][INFO] - Summary: Training time = 42.99 seconds, Testing time = 0.26 seconds
