val/loss,val/mean_error,val/mean_mse,val/mean_rmse,val/mean_variance,val/mean_std,val/mean_error_best,epoch,step,train/loss,train/mean_error,train/mean_mse,train/mean_rmse,train/mean_variance,train/mean_std,test/loss,test/mean_error,test/mean_mse,test/mean_rmse,test/mean_variance,test/mean_std
53.388038635253906,9.451765060424805,106.77607727050781,10.333250999450684,17.44022560119629,4.176149845123291,9.451765060424805,0,0,,,,,,,,,,,,
,,,,,,,0,0,48.48662567138672,9.04141902923584,96.9732437133789,9.847498893737793,15.225973129272461,3.9020473957061768,,,,,,
51.33488845825195,9.25294017791748,102.66976928710938,10.132609367370605,17.0528564453125,4.129510402679443,9.25294017791748,1,1,,,,,,,,,,,,
,,,,,,,1,1,46.299110412597656,8.811768531799316,92.59822082519531,9.622797012329102,14.950953483581543,3.8666462898254395,,,,,,
49.42176055908203,9.065013885498047,98.843505859375,9.942007064819336,16.66905403137207,4.082775115966797,9.065013885498047,2,2,,,,,,,,,,,,
,,,,,,,2,2,44.33672332763672,8.603835105895996,88.67344665527344,9.416658401489258,14.647452354431152,3.8271989822387695,,,,,,
47.7440299987793,8.897878646850586,95.4880599975586,9.771799087524414,16.31580352783203,4.039282321929932,8.897878646850586,3,3,,,,,,,,,,,,
,,,,,,,3,3,42.51044845581055,8.40890884399414,85.0208969116211,9.220677375793457,14.311137199401855,3.783006429672241,,,,,,
46.26450729370117,8.749643325805664,92.52901458740234,9.619200706481934,15.972761154174805,3.996593713760376,8.749643325805664,4,4,,,,,,,,,,,,
,,,,,,,4,4,40.91007995605469,8.236599922180176,81.82015228271484,9.045449256896973,13.978567123413086,3.7387921810150146,,,,,,
44.90134048461914,8.61286735534668,89.80268096923828,9.476428031921387,15.621195793151855,3.9523658752441406,8.61286735534668,5,5,,,,,,,,,,,,
,,,,,,,5,5,39.50213623046875,8.083976745605469,79.0042724609375,8.888434410095215,13.653584480285645,3.695075750350952,,,,,,
43.62744140625,8.48404598236084,87.25487518310547,9.341032028198242,15.275845527648926,3.908432722091675,8.48404598236084,6,6,,,,,,,,,,,,
,,,,,,,6,6,38.20758056640625,7.942768573760986,76.4151611328125,8.741576194763184,13.327587127685547,3.6506967544555664,,,,,,
42.409183502197266,8.359797477722168,84.81836700439453,9.209689140319824,14.932153701782227,3.8642144203186035,8.359797477722168,7,7,,,,,,,,,,,,
,,,,,,,7,7,36.998538970947266,7.809852600097656,73.99707794189453,8.602155685424805,13.003275871276855,3.6060054302215576,,,,,,
41.32373809814453,8.248316764831543,82.6474838256836,9.091066360473633,14.612749099731445,3.822662591934204,8.248316764831543,8,8,,,,,,,,,,,,
,,,,,,,8,8,35.84357452392578,7.681882858276367,71.68714904785156,8.466826438903809,12.675820350646973,3.560311794281006,,,,,,
40.281005859375,8.140820503234863,80.56201171875,8.975634574890137,14.289046287536621,3.780085563659668,8.140820503234863,9,9,,,,,,,,,,,,
,,,,,,,9,9,34.81537628173828,7.567085266113281,69.6307601928711,8.344504356384277,12.369982719421387,3.5170986652374268,,,,,,
39.270050048828125,8.035924911499023,78.54010009765625,8.862285614013672,13.964007377624512,3.736844539642334,8.035924911499023,10,10,,,,,,,,,,,,
,,,,,,,10,10,33.82837677001953,7.4562296867370605,67.65675354003906,8.225372314453125,12.061395645141602,3.472951889038086,,,,,,
38.24768829345703,7.929384708404541,76.49537658691406,8.746163368225098,13.620234489440918,3.6905601024627686,7.929384708404541,11,11,,,,,,,,,,,,
,,,,,,,11,11,32.87284469604492,7.348184585571289,65.74569702148438,8.10837173461914,11.749883651733398,3.4278104305267334,,,,,,
37.24883270263672,7.824265480041504,74.4976577758789,8.631202697753906,13.278532028198242,3.6439719200134277,7.824265480041504,12,12,,,,,,,,,,,,
,,,,,,,12,12,31.90780258178711,7.2387189865112305,63.81560516357422,7.988467216491699,11.416556358337402,3.3788394927978516,,,,,,
36.247615814208984,7.718059539794922,72.49522399902344,8.514412879943848,12.92678451538086,3.595383882522583,7.718059539794922,13,13,,,,,,,,,,,,
,,,,,,,13,13,30.966821670532227,7.1317949295043945,61.93363952636719,7.869792938232422,11.071144104003906,3.3273329734802246,,,,,,
35.24749755859375,7.611208915710449,70.49501037597656,8.396130561828613,12.564502716064453,3.5446441173553467,7.611208915710449,14,14,,,,,,,,,,,,
,,,,,,,14,14,30.025571823120117,7.025601863861084,60.0511474609375,7.749267578125,10.6920747756958,3.269873857498169,,,,,,
34.25510025024414,7.504607677459717,68.51020812988281,8.27708911895752,12.191069602966309,3.4915711879730225,7.504607677459717,15,15,,,,,,,,,,,,
,,,,,,,15,15,29.08774185180664,6.919565677642822,58.17548370361328,7.627285480499268,10.295098304748535,3.2085976600646973,,,,,,
33.27650833129883,7.399014949798584,66.55301666259766,8.158002853393555,11.807596206665039,3.43621826171875,7.399014949798584,16,16,,,,,,,,,,,,
,,,,,,,16,16,28.15947151184082,6.813888072967529,56.31894302368164,7.504594802856445,9.889867782592773,3.1448159217834473,,,,,,
32.31398391723633,7.294741630554199,64.62797546386719,8.039153099060059,11.414716720581055,3.3785672187805176,7.294741630554199,17,17,,,,,,,,,,,,
,,,,,,,17,17,27.246400833129883,6.709078788757324,54.492801666259766,7.381924152374268,9.481061935424805,3.0791332721710205,,,,,,
31.362041473388672,7.190793037414551,62.724082946777344,7.919853687286377,11.016578674316406,3.3191232681274414,7.190793037414551,18,18,,,,,,,,,,,,
,,,,,,,18,18,26.350990295410156,6.605433464050293,52.70198059082031,7.259613037109375,9.070228576660156,3.0116820335388184,,,,,,
30.442411422729492,7.090147495269775,60.88482666015625,7.802873134613037,10.614630699157715,3.258010149002075,7.090147495269775,19,19,,,,,,,,,,,,
,,,,,,,19,19,25.46807861328125,6.5020551681518555,50.93614959716797,7.136956691741943,8.65942668914795,2.942690372467041,,,,,,
29.55030632019043,6.993392467498779,59.10061264038086,7.687692165374756,10.193073272705078,3.192659378051758,6.993392467498779,20,20,,,,,,,,,,,,
,,,,,,,20,20,24.616928100585938,6.40180778503418,49.233856201171875,7.016684055328369,8.250713348388672,2.872405529022217,,,,,,
28.687543869018555,6.90019416809082,57.375083923339844,7.574634075164795,9.762412071228027,3.124485969543457,6.90019416809082,21,21,,,,,,,,,,,,
,,,,,,,21,21,23.794158935546875,6.3041815757751465,47.588321685791016,6.898428916931152,7.845610618591309,2.801001787185669,,,,,,
27.856050491333008,6.8098673820495605,55.712100982666016,7.464054107666016,9.337807655334473,3.0557825565338135,6.8098673820495605,22,22,,,,,,,,,,,,
,,,,,,,22,22,23.00193214416504,6.2094573974609375,46.00386428833008,6.782614707946777,7.446508884429932,2.7288291454315186,,,,,,
27.058351516723633,6.722779273986816,54.11669921875,7.356405258178711,8.920943260192871,2.9867947101593018,6.722779273986816,23,23,,,,,,,,,,,,
,,,,,,,23,23,22.241796493530273,6.117902755737305,44.48359298706055,6.669602394104004,7.0548577308654785,2.6560981273651123,,,,,,
26.297544479370117,6.6393585205078125,52.5950927734375,7.252247333526611,8.514008522033691,2.917877435684204,6.6393585205078125,24,24,,,,,,,,,,,,
,,,,,,,24,24,21.5166015625,6.029937267303467,43.033206939697266,6.559969902038574,6.673061370849609,2.5832269191741943,,,,,,
25.575929641723633,6.5598578453063965,51.15186309814453,7.152052879333496,8.12012767791748,2.849583864212036,6.5598578453063965,25,25,,,,,,,,,,,,
,,,,,,,25,25,20.829214096069336,5.9459028244018555,41.658424377441406,6.454333782196045,6.3046698570251465,2.5109102725982666,,,,,,
24.895782470703125,6.484535217285156,49.79156494140625,7.056313991546631,7.742370128631592,2.7825114727020264,6.484535217285156,26,26,,,,,,,,,,,,
,,,,,,,26,26,20.181869506835938,5.8659586906433105,40.36374282836914,6.353246688842773,5.95427131652832,2.4401376247406006,,,,,,
24.259471893310547,6.413740634918213,48.51893997192383,6.9655537605285645,7.382865905761719,2.7171430587768555,6.413740634918213,27,27,,,,,,,,,,,,
,,,,,,,27,27,19.576772689819336,5.79055118560791,39.153541564941406,6.257278919219971,5.623063087463379,2.371299982070923,,,,,,
23.66948890686035,6.347940444946289,47.33897399902344,6.8803324699401855,7.042632102966309,2.6537957191467285,6.347940444946289,28,28,,,,,,,,,,,,
,,,,,,,28,28,19.016170501708984,5.723559856414795,38.03234100341797,6.167036533355713,5.273203372955322,2.2963457107543945,,,,,,
23.128225326538086,6.287637710571289,46.25645446777344,6.801209926605225,6.722063064575195,2.5926942825317383,6.287637710571289,29,29,,,,,,,,,,,,
,,,,,,,29,29,18.50238609313965,5.66132926940918,37.00477600097656,6.083155155181885,4.954130172729492,2.22578763961792,,,,,,
22.635005950927734,6.232828617095947,45.27001190185547,6.728299140930176,6.421859264373779,2.5341386795043945,6.232828617095947,30,30,,,,,,,,,,,,
,,,,,,,30,30,18.037616729736328,5.604006290435791,36.07522964477539,6.006265640258789,4.670340061187744,2.1610970497131348,,,,,,
22.19505500793457,6.184074401855469,44.39011001586914,6.662590503692627,6.14733362197876,2.479381799697876,6.184074401855469,31,31,,,,,,,,,,,,
,,,,,,,31,31,17.621152877807617,5.55154275894165,35.24230194091797,5.936522483825684,4.4226765632629395,2.1030161380767822,,,,,,
21.80891990661621,6.141199111938477,43.61783218383789,6.604379653930664,5.903508186340332,2.429713487625122,6.141199111938477,32,32,,,,,,,,,,,,
,,,,,,,32,32,17.257495880126953,5.504759311676025,34.514991760253906,5.874946117401123,4.212613105773926,2.0524652004241943,,,,,,
21.476633071899414,6.106100082397461,42.95326614379883,6.5538740158081055,5.6688103675842285,2.3809263706207275,6.106100082397461,33,33,,,,,,,,,,,,
,,,,,,,33,33,16.946918487548828,5.463883399963379,33.89383316040039,5.821841239929199,4.039811611175537,2.0099282264709473,,,,,,
21.19751739501953,6.077216148376465,42.39503479003906,6.5111470222473145,5.46247673034668,2.3371942043304443,6.077216148376465,34,34,,,,,,,,,,,,
,,,,,,,34,34,16.68907356262207,5.429135799407959,33.37814712524414,5.7773823738098145,3.9026315212249756,1.9755078554153442,,,,,,
20.969844818115234,6.053389549255371,41.93968963623047,6.476086139678955,5.296167850494385,2.301340341567993,6.053389549255371,35,35,,,,,,,,,,,,
,,,,,,,35,35,16.482818603515625,5.400690078735352,32.965633392333984,5.741570472717285,3.7981879711151123,1.9488940238952637,,,,,,
20.79080581665039,6.034323692321777,41.58161163330078,6.448380470275879,5.168551445007324,2.273444890975952,6.034323692321777,36,36,,,,,,,,,,,,
,,,,,,,36,36,16.32592010498047,5.378602504730225,32.65183639526367,5.714178562164307,3.722475290298462,1.92937171459198,,,,,,
20.6564998626709,6.0196685791015625,41.31299591064453,6.427518844604492,5.076589584350586,2.25312876701355,6.0196685791015625,37,37,,,,,,,,,,,,
,,,,,,,37,37,16.21502113342285,5.362702369689941,32.4300422668457,5.694737911224365,3.6714677810668945,1.916107416152954,,,,,,
20.561983108520508,6.008984565734863,41.123966217041016,6.412796974182129,5.016064167022705,2.239657163619995,6.008984565734863,38,38,,,,,,,,,,,,
,,,,,,,38,38,16.145648956298828,5.352445125579834,32.29129409790039,5.68254280090332,3.642627716064453,1.908566951751709,,,,,,
20.50139617919922,6.001741409301758,41.00279235839844,6.403342247009277,4.981894016265869,2.232015609741211,6.001741409301758,39,39,,,,,,,,,,,,
,,,,,,,39,39,16.112255096435547,5.346974849700928,32.22450637817383,5.676663398742676,3.634364604949951,1.9064009189605713,,,,,,
20.468141555786133,5.997320652008057,40.936283111572266,6.398146629333496,4.968427658081055,2.228996992111206,5.997320652008057,40,40,,,,,,,,,,,,
,,,,,,,40,40,16.108352661132812,5.345423221588135,32.216705322265625,5.675976276397705,3.6431491374969482,1.9087035655975342,,,,,,
20.455076217651367,5.995032787322998,40.910152435302734,6.396104335784912,4.96973180770874,2.2292895317077637,5.995032787322998,41,41,,,,,,,,,,,,
,,,,,,,41,41,16.126689910888672,5.347473621368408,32.25337600708008,5.679205417633057,3.657907009124756,1.9125655889511108,,,,,,
20.454856872558594,5.994146347045898,40.90971374511719,6.3960700035095215,4.979921340942383,2.2315738201141357,5.994146347045898,42,42,,,,,,,,,,,,
,,,,,,,42,42,16.159456253051758,5.352292537689209,32.31890869140625,5.684972286224365,3.6718788146972656,1.9162147045135498,,,,,,
20.46031379699707,5.993922710418701,40.920623779296875,6.396923065185547,4.993522644042969,2.234619140625,5.993922710418701,43,43,,,,,,,,,,,,
,,,,,,,43,43,16.198644638061523,5.357870101928711,32.39728546142578,5.691861152648926,3.6905148029327393,1.9210712909698486,,,,,,
20.464855194091797,5.993658542633057,40.92970657348633,6.397633075714111,5.005763053894043,2.237356185913086,5.993658542633057,44,44,,,,,,,,,,,,
,,,,,,,44,44,16.236433029174805,5.362995147705078,32.47286605834961,5.6984968185424805,3.711148977279663,1.9264342784881592,,,,,,
20.46293067932129,5.992751598358154,40.92585754394531,6.397332191467285,5.012787342071533,2.2389254570007324,5.992751598358154,45,45,,,,,,,,,,,,
,,,,,,,45,45,16.265560150146484,5.3667521476745605,32.5311164855957,5.703605651855469,3.729085922241211,1.931084156036377,,,,,,
20.450597763061523,5.99077033996582,40.90119171142578,6.395403861999512,5.011867523193359,2.238720178604126,5.99077033996582,46,46,,,,,,,,,,,,
,,,,,,,46,46,16.279756546020508,5.368378639221191,32.559513092041016,5.706094264984131,3.7400200366973877,1.9339131116867065,,,,,,
20.424989700317383,5.987378120422363,40.84998321533203,6.391399383544922,5.001283645629883,2.2363550662994385,5.987378120422363,47,47,,,,,,,,,,,,
,,,,,,,47,47,16.274320602416992,5.3672990798950195,32.548641204833984,5.705141544342041,3.7407469749450684,1.9341011047363281,,,,,,
20.37277603149414,5.980483055114746,40.745548248291016,6.383224010467529,4.979373455047607,2.2314510345458984,5.980483055114746,48,48,,,,,,,,,,,,
,,,,,,,48,48,16.246089935302734,5.363088130950928,32.4921760559082,5.700191020965576,3.729463815689087,1.9311820268630981,,,,,,
20.329347610473633,5.975299835205078,40.65869140625,6.3764166831970215,4.954481601715088,2.2258665561676025,5.975299835205078,49,49,,,,,,,,,,,,
,,,,,,,49,49,16.182241439819336,5.35346794128418,32.36448287963867,5.688979148864746,3.7048656940460205,1.9248027801513672,,,,,,
20.288572311401367,5.9705047607421875,40.5771484375,6.370019435882568,4.93021821975708,2.220409393310547,5.9705047607421875,50,50,,,,,,,,,,,,
,,,,,,,50,50,16.114425659179688,5.3436784744262695,32.228851318359375,5.677045822143555,3.673959732055664,1.916757583618164,,,,,,
20.263412475585938,5.967547416687012,40.52682876586914,6.366068363189697,4.915205001831055,2.2170262336730957,5.967547416687012,51,51,,,,,,,,,,,,
,,,,,,,51,51,16.039445877075195,5.332540512084961,32.07889175415039,5.663823127746582,3.6429061889648438,1.908639907836914,,,,,,
20.25963020324707,5.9666829109191895,40.519256591796875,6.365473747253418,4.917957305908203,2.217646837234497,5.9666829109191895,52,52,,,,,,,,,,,,
,,,,,,,52,52,15.968202590942383,5.321300506591797,31.9364070892334,5.651230812072754,3.6201672554016113,1.9026737213134766,,,,,,
20.294876098632812,5.970041275024414,40.589752197265625,6.37100887298584,4.948358535766602,2.2244906425476074,5.9666829109191895,53,53,,,,,,,,,,,,
,,,,,,,53,53,15.91018009185791,5.313556671142578,31.82036018371582,5.64095401763916,3.5864791870117188,1.893800139427185,,,,,,
20.355571746826172,5.975905418395996,40.71114730834961,6.380528926849365,4.999696254730225,2.2360000610351562,5.9666829109191895,54,54,,,,,,,,,,,,
,,,,,,,54,54,15.88781452178955,5.311471939086914,31.775632858276367,5.636987686157227,3.563896656036377,1.8878285884857178,,,,,,
20.409732818603516,5.980777740478516,40.81946563720703,6.389011383056641,5.049761772155762,2.2471675872802734,5.9666829109191895,55,55,,,,,,,,,,,,
,,,,,,,55,55,15.895057678222656,5.312934398651123,31.790115356445312,5.638272285461426,3.5628418922424316,1.8875491619110107,,,,,,
20.42095184326172,5.980799198150635,40.84191131591797,6.390767574310303,5.071945667266846,2.2520980834960938,5.9666829109191895,56,56,,,,,,,,,,,,
,,,,,,,56,56,15.911813735961914,5.315255165100098,31.82362937927246,5.6412434577941895,3.5716869831085205,1.8898907899856567,,,,,,
20.383729934692383,5.975645542144775,40.767459869384766,6.384940147399902,5.059120178222656,2.249248743057251,5.9666829109191895,57,57,,,,,,,,,,,,
,,,,,,,57,57,15.9087495803833,5.31436014175415,31.817495346069336,5.640699863433838,3.5750725269317627,1.8907861709594727,,,,,,
20.306570053100586,5.966160774230957,40.61314010620117,6.3728437423706055,5.018074989318848,2.2401061058044434,5.966160774230957,58,58,,,,,,,,,,,,
,,,,,,,58,58,15.877791404724121,5.30924129486084,31.755582809448242,5.635209083557129,3.56754469871521,1.8887945413589478,,,,,,
20.213382720947266,5.954931735992432,40.4267692565918,6.3582048416137695,4.9655561447143555,2.2283527851104736,5.954931735992432,59,59,,,,,,,,,,,,
,,,,,,,59,59,15.823655128479004,5.300558567047119,31.647310256958008,5.625594139099121,3.5513863563537598,1.884512186050415,,,,,,
20.123096466064453,5.943851470947266,40.24619674682617,6.34398889541626,4.916827201843262,2.2173919677734375,5.943851470947266,60,60,,,,,,,,,,,,
,,,,,,,60,60,15.763633728027344,5.2908124923706055,31.527271270751953,5.614914894104004,3.5345773696899414,1.8800472021102905,,,,,,
20.038808822631836,5.933133125305176,40.07762145996094,6.330688953399658,4.875548362731934,2.208064317703247,5.933133125305176,61,61,,,,,,,,,,,,
,,,,,,,61,61,15.708995819091797,5.281621932983398,31.417991638183594,5.605175495147705,3.522460699081421,1.8768219947814941,,,,,,
19.962757110595703,5.923061847686768,39.92551040649414,6.318663597106934,4.842851161956787,2.2006478309631348,5.923061847686768,62,62,,,,,,,,,,,,
,,,,,,,62,62,15.659900665283203,5.272958755493164,31.319807052612305,5.596410274505615,3.5157155990600586,1.8750241994857788,,,,,,
19.894996643066406,5.9136857986450195,39.78999328613281,6.307930946350098,4.81831693649292,2.195066452026367,5.9136857986450195,63,63,,,,,,,,,,,,
,,,,,,,63,63,15.615218162536621,5.264732360839844,31.230436325073242,5.5884199142456055,3.5130274295806885,1.8743071556091309,,,,,,
19.8292293548584,5.904251575469971,39.6584587097168,6.297496318817139,4.798276424407959,2.1904969215393066,5.904251575469971,64,64,,,,,,,,,,,,
,,,,,,,64,64,15.57260799407959,5.256771087646484,31.145217895507812,5.580790042877197,3.5115714073181152,1.8739187717437744,,,,,,
19.75694465637207,5.893617630004883,39.51388931274414,6.286007404327393,4.77916145324707,2.186129331588745,5.893617630004883,65,65,,,,,,,,,,,,
,,,,,,,65,65,15.525186538696289,5.248116493225098,31.050373077392578,5.572286128997803,3.5076406002044678,1.872869610786438,,,,,,
19.677974700927734,5.881802558898926,39.3559455871582,6.273431777954102,4.760345935821533,2.181821584701538,5.881802558898926,66,66,,,,,,,,,,,,
,,,,,,,66,66,15.463947296142578,5.237390995025635,30.927894592285156,5.561285495758057,3.4976301193237305,1.8701951503753662,,,,,,
19.59056854248047,5.868441104888916,39.18113708496094,6.259483814239502,4.7425336837768555,2.1777358055114746,5.868441104888916,67,67,,,,,,,,,,,,
,,,,,,,67,67,15.38769245147705,5.224498748779297,30.7753849029541,5.5475568771362305,3.4799954891204834,1.8654745817184448,,,,,,
19.50701141357422,5.855223178863525,39.01402282714844,6.246120452880859,4.7303853034973145,2.1749448776245117,5.855223178863525,68,68,,,,,,,,,,,,
,,,,,,,68,68,15.297021865844727,5.209530830383301,30.594043731689453,5.531188488006592,3.454834461212158,1.8587185144424438,,,,,,
19.42333984375,5.841593265533447,38.846683502197266,6.232710838317871,4.722471237182617,2.1731247901916504,5.841593265533447,69,69,,,,,,,,,,,,
,,,,,,,69,69,15.204914093017578,5.194310665130615,30.409832000732422,5.5145111083984375,3.428966999053955,1.8517470359802246,,,,,,
19.324787139892578,5.825753211975098,38.649566650390625,6.216877460479736,4.71016788482666,2.1702921390533447,5.825753211975098,70,70,,,,,,,,,,,,
,,,,,,,70,70,15.112584114074707,5.178659439086914,30.225168228149414,5.497742176055908,3.406653642654419,1.8457121849060059,,,,,,
19.193143844604492,5.805402755737305,38.386287689208984,6.195666790008545,4.683590412139893,2.1641604900360107,5.805402755737305,71,71,,,,,,,,,,,,
,,,,,,,71,71,15.012872695922852,5.1612653732299805,30.025747299194336,5.4795756340026855,3.3870880603790283,1.8404042720794678,,,,,,
19.0225830078125,5.779791355133057,38.045169830322266,6.168076515197754,4.639179706573486,2.1538755893707275,5.779791355133057,72,72,,,,,,,,,,,,
,,,,,,,72,72,14.892487525939941,5.139827251434326,29.784975051879883,5.457561492919922,3.3671443462371826,1.8349779844284058,,,,,,
18.82612419128418,5.75039529800415,37.65224838256836,6.136142730712891,4.585203170776367,2.1413087844848633,5.75039529800415,73,73,,,,,,,,,,,,
,,,,,,,73,73,14.746219635009766,5.113341808319092,29.492433547973633,5.430693626403809,3.3461763858795166,1.8292557001113892,,,,,,
18.618881225585938,5.719022750854492,37.23776626586914,6.102275371551514,4.530539512634277,2.1285064220428467,5.719022750854492,74,74,,,,,,,,,,,,
,,,,,,,74,74,14.584989547729492,5.083621978759766,29.16997718811035,5.400923728942871,3.326766014099121,1.8239424228668213,,,,,,
18.399147033691406,5.684709072113037,36.79829406738281,6.066159725189209,4.4823808670043945,2.1171634197235107,5.684709072113037,75,75,,,,,,,,,,,,
,,,,,,,75,75,14.417503356933594,5.052257537841797,28.83500862121582,5.369823932647705,3.3097047805786133,1.8192594051361084,,,,,,
18.159526824951172,5.6464667320251465,36.319053649902344,6.026529312133789,4.4364705085754395,2.106292963027954,5.6464667320251465,76,76,,,,,,,,,,,,
,,,,,,,76,76,14.234649658203125,5.017690181732178,28.469295501708984,5.335662841796875,3.2920844554901123,1.8144102096557617,,,,,,
17.90218734741211,5.6042799949646,35.80437088012695,5.983675479888916,4.396422386169434,2.0967648029327393,5.6042799949646,77,77,,,,,,,,,,,,
,,,,,,,77,77,14.02580451965332,4.978018760681152,28.05160903930664,5.296377182006836,3.270941734313965,1.8085745573043823,,,,,,
17.636505126953125,5.559305191040039,35.27301025390625,5.939108371734619,4.367126941680908,2.0897672176361084,5.559305191040039,78,78,,,,,,,,,,,,
,,,,,,,78,78,13.79565143585205,4.933757781982422,27.5913028717041,5.252742290496826,3.2493369579315186,1.8025916814804077,,,,,,
17.354835510253906,5.510448455810547,34.70967102050781,5.891491413116455,4.344625473022461,2.084376573562622,5.510448455810547,79,79,,,,,,,,,,,,
,,,,,,,79,79,13.554471015930176,4.886074066162109,27.10894203186035,5.206624984741211,3.2352218627929688,1.7986721992492676,,,,,,
17.052352905273438,5.457305908203125,34.104705810546875,5.83992338180542,4.322516441345215,2.079066276550293,5.457305908203125,80,80,,,,,,,,,,,,
,,,,,,,80,80,13.301837921142578,4.8344316482543945,26.603679656982422,5.1578755378723145,3.2319509983062744,1.7977627515792847,,,,,,
16.720741271972656,5.39886474609375,33.44148254394531,5.782861232757568,4.293743133544922,2.0721349716186523,5.39886474609375,81,81,,,,,,,,,,,,
,,,,,,,81,81,13.038700103759766,4.778914928436279,26.0773983001709,5.106603622436523,3.2393734455108643,1.79982590675354,,,,,,
16.369903564453125,5.336255073547363,32.739803314208984,5.721870422363281,4.264187812805176,2.064990997314453,5.336255073547363,82,82,,,,,,,,,,,,
,,,,,,,82,82,12.759198188781738,4.718303680419922,25.518396377563477,5.051573753356934,3.256009101867676,1.8044414520263672,,,,,,
16.024188995361328,5.272546291351318,32.04838180541992,5.661128997802734,4.248636245727539,2.0612220764160156,5.272546291351318,83,83,,,,,,,,,,,,
,,,,,,,83,83,12.469751358032227,4.654057502746582,24.939502716064453,4.993946552276611,3.2792553901672363,1.8108714818954468,,,,,,
15.68624496459961,5.207883834838867,31.37248992919922,5.6011152267456055,4.250437259674072,2.0616588592529297,5.207883834838867,84,84,,,,,,,,,,,,
,,,,,,,84,84,12.185559272766113,4.589021682739258,24.371118545532227,4.936711311340332,3.312002182006836,1.8198907375335693,,,,,,
15.369802474975586,5.144645690917969,30.739604949951172,5.544331073760986,4.272228240966797,2.06693696975708,5.144645690917969,85,85,,,,,,,,,,,,
,,,,,,,85,85,11.906234741210938,4.523138523101807,23.812471389770508,4.879802227020264,3.3536925315856934,1.8313089609146118,,,,,,
15.075523376464844,5.084328651428223,30.151044845581055,5.490996837615967,4.300647258758545,2.0738000869750977,5.084328651428223,86,86,,,,,,,,,,,,
,,,,,,,86,86,11.642769813537598,4.458472728729248,23.285539627075195,4.825509071350098,3.4075615406036377,1.8459581136703491,,,,,,
14.782773971557617,5.0251054763793945,29.56554412841797,5.437420845031738,4.3138628005981445,2.076984167098999,5.0251054763793945,87,87,,,,,,,,,,,,
,,,,,,,87,87,11.399454116821289,4.396874904632568,22.798908233642578,4.774820327758789,3.4664013385772705,1.8618273735046387,,,,,,
14.483858108520508,4.9660725593566895,28.967716217041016,5.382166385650635,4.305840015411377,2.075051784515381,4.9660725593566895,88,88,,,,,,,,,,,,
,,,,,,,88,88,11.165372848510742,4.338406085968018,22.330747604370117,4.725542068481445,3.5089774131774902,1.873226523399353,,,,,,
14.19086742401123,4.908027648925781,28.381729125976562,5.327450752258301,4.292995929718018,2.0719547271728516,4.908027648925781,89,89,,,,,,,,,,,,
,,,,,,,89,89,10.93554973602295,4.28294038772583,21.87110137939453,4.676654815673828,3.5275235176086426,1.8781702518463135,,,,,,
13.91380786895752,4.8522162437438965,27.827617645263672,5.27518892288208,4.283614635467529,2.0696895122528076,4.8522162437438965,90,90,,,,,,,,,,,,
,,,,,,,90,90,10.70943832397461,4.228957176208496,21.41887664794922,4.628053188323975,3.5347936153411865,1.880104660987854,,,,,,
13.651375770568848,4.7991461753845215,27.302751541137695,5.225203514099121,4.270950794219971,2.0666279792785645,4.7991461753845215,91,91,,,,,,,,,,,,
,,,,,,,91,91,10.48769760131836,4.175433158874512,20.97539520263672,4.579890251159668,3.541149139404297,1.8817940950393677,,,,,,
13.399910926818848,4.7488203048706055,26.799819946289062,5.176854133605957,4.248530387878418,2.0611963272094727,4.7488203048706055,92,92,,,,,,,,,,,,
,,,,,,,92,92,10.271653175354004,4.123102188110352,20.543306350708008,4.532472610473633,3.5433337688446045,1.8823745250701904,,,,,,
13.157699584960938,4.700682163238525,26.315399169921875,5.12985372543335,4.218983173370361,2.054016351699829,4.700682163238525,93,93,,,,,,,,,,,,
,,,,,,,93,93,10.064688682556152,4.074368953704834,20.129379272460938,4.48657751083374,3.528893232345581,1.8785349130630493,,,,,,
12.923378944396973,4.653878211975098,25.846759796142578,5.08397102355957,4.188175678253174,2.0465033054351807,4.653878211975098,94,94,,,,,,,,,,,,
,,,,,,,94,94,9.868549346923828,4.0297064781188965,19.737098693847656,4.44264554977417,3.498563528060913,1.8704447746276855,,,,,,
12.693437576293945,4.607365131378174,25.386878967285156,5.038539409637451,4.159058570861816,2.039376974105835,4.607365131378174,95,95,,,,,,,,,,,,
,,,,,,,95,95,9.682331085205078,3.988081216812134,19.36466407775879,4.400529861450195,3.459871768951416,1.8600730895996094,,,,,,
12.470354080200195,4.561785697937012,24.940706253051758,4.994067192077637,4.1308159828186035,2.0324409008026123,4.561785697937012,96,96,,,,,,,,,,,,
,,,,,,,96,96,9.496600151062012,3.945114850997925,18.993200302124023,4.358119010925293,3.4292683601379395,1.8518283367156982,,,,,,
12.246150970458984,4.515296459197998,24.492298126220703,4.94896936416626,4.104398250579834,2.0259313583374023,4.515296459197998,97,97,,,,,,,,,,,,
,,,,,,,97,97,9.315170288085938,3.9025516510009766,18.630340576171875,4.316287994384766,3.400430679321289,1.844025731086731,,,,,,
12.02334976196289,4.468082904815674,24.046703338623047,4.903743743896484,4.082936763763428,2.020627737045288,4.468082904815674,98,98,,,,,,,,,,,,
,,,,,,,98,98,9.1357421875,3.8599143028259277,18.271484375,4.274515628814697,3.372547149658203,1.8364496231079102,,,,,,
11.801362991333008,4.420689582824707,23.60272979736328,4.858263969421387,4.060229778289795,2.0150012969970703,4.420689582824707,99,99,,,,,,,,,,,,
,,,,,,,99,99,8.957191467285156,3.817072629928589,17.914382934570312,4.23253870010376,3.3443429470062256,1.8287544250488281,,,,,,
11.57546615600586,4.372206687927246,23.150930404663086,4.811541557312012,4.034737586975098,2.0086655616760254,4.372206687927246,100,100,,,,,,,,,,,,
,,,,,,,100,100,8.777069091796875,3.7743330001831055,17.554136276245117,4.189765453338623,3.3085501194000244,1.8189420700073242,,,,,,
11.334917068481445,4.320301532745361,22.66983413696289,4.761284828186035,4.004824638366699,2.0012056827545166,4.320301532745361,101,101,,,,,,,,,,,,
,,,,,,,101,101,8.587952613830566,3.729900598526001,17.175905227661133,4.144382476806641,3.2637460231781006,1.806584119796753,,,,,,
11.068349838256836,4.261810779571533,22.13669776916504,4.704965114593506,3.9736649990081787,1.9934053421020508,4.261810779571533,102,102,,,,,,,,,,,,
,,,,,,,102,102,8.393796920776367,3.684091091156006,16.787595748901367,4.097266674041748,3.215066432952881,1.7930606603622437,,,,,,
10.778969764709473,4.198681354522705,21.557939529418945,4.64305305480957,3.9290144443511963,1.9821741580963135,4.198681354522705,103,103,,,,,,,,,,,,
,,,,,,,103,103,8.18387222290039,3.634324550628662,16.36774444580078,4.045706748962402,3.159428358078003,1.7774780988693237,,,,,,
10.483617782592773,4.133893966674805,20.967235565185547,4.5789995193481445,3.878154993057251,1.9693031311035156,4.133893966674805,104,104,,,,,,,,,,,,
,,,,,,,104,104,7.95959997177124,3.581448554992676,15.919198036193848,3.989886999130249,3.092423677444458,1.7585288286209106,,,,,,
10.19555377960205,4.066226482391357,20.3911075592041,4.515651226043701,3.856910228729248,1.9639017581939697,4.066226482391357,105,105,,,,,,,,,,,,
,,,,,,,105,105,7.717702865600586,3.522321939468384,15.435407638549805,3.9287922382354736,3.028651714324951,1.7403022050857544,,,,,,
9.879947662353516,3.989326000213623,19.7598934173584,4.445209980010986,3.845172882080078,1.9609112739562988,3.989326000213623,106,106,,,,,,,,,,,,
,,,,,,,106,106,7.48018741607666,3.458975315093994,14.960373878479004,3.8678643703460693,2.9958643913269043,1.7308565378189087,,,,,,
9.496986389160156,3.8978400230407715,18.993972778320312,4.358207702636719,3.8008134365081787,1.9495675563812256,3.8978400230407715,107,107,,,,,,,,,,,,
,,,,,,,107,107,7.2304277420043945,3.3916397094726562,14.460854530334473,3.8027429580688477,2.957634449005127,1.7197774648666382,,,,,,
9.049772262573242,3.7927322387695312,18.099546432495117,4.254356384277344,3.7147281169891357,1.9273630380630493,3.7927322387695312,108,108,,,,,,,,,,,,
,,,,,,,108,108,6.918688774108887,3.3179378509521484,13.837377548217773,3.719862461090088,2.8286678791046143,1.6818643808364868,,,,,,
8.698654174804688,3.704834461212158,17.397308349609375,4.171008110046387,3.671508550643921,1.9161181449890137,3.704834461212158,109,109,,,,,,,,,,,,
,,,,,,,109,109,6.583290100097656,3.231708288192749,13.166580200195312,3.6285781860351562,2.7226409912109375,1.6500427722930908,,,,,,
8.343561172485352,3.6293344497680664,16.687122344970703,4.084987640380859,3.5150535106658936,1.874847650527954,3.6293344497680664,110,110,,,,,,,,,,,,
,,,,,,,110,110,6.2872395515441895,3.164456605911255,12.574479103088379,3.546051263809204,2.5606937408447266,1.6002167463302612,,,,,,
8.00374984741211,3.5201621055603027,16.00750160217285,4.000937461853027,3.6159605979919434,1.9015679359436035,3.5201621055603027,111,111,,,,,,,,,,,,
,,,,,,,111,111,5.998789310455322,3.0705645084381104,11.997578620910645,3.463752031326294,2.5692107677459717,1.602875828742981,,,,,,
7.389651775360107,3.394610643386841,14.779303550720215,3.844385862350464,3.2559220790863037,1.804417371749878,3.394610643386841,112,112,,,,,,,,,,,,
,,,,,,,112,112,5.679080963134766,2.9773175716400146,11.358162879943848,3.370187282562256,2.4937422275543213,1.5791586637496948,,,,,,
6.916119575500488,3.282353162765503,13.83224105834961,3.7191720008850098,3.058396577835083,1.7488272190093994,3.282353162765503,113,113,,,,,,,,,,,,
,,,,,,,113,113,5.194522857666016,2.8419899940490723,10.389044761657715,3.2232041358947754,2.312138795852661,1.5205718278884888,,,,,,
6.655168533325195,3.2105095386505127,13.31033706665039,3.6483335494995117,3.0029656887054443,1.732906699180603,3.2105095386505127,114,114,,,,,,,,,,,,
,,,,,,,114,114,4.828234672546387,2.741129159927368,9.656469345092773,3.1074860095977783,2.1426799297332764,1.4637895822525024,,,,,,
6.4664812088012695,3.1962647438049316,12.932962417602539,3.596242904663086,2.7168543338775635,1.6482882499694824,3.1962647438049316,115,115,,,,,,,,,,,,
,,,,,,,115,115,4.648165702819824,2.6938276290893555,9.296330451965332,3.0489883422851562,2.039623975753784,1.4281539916992188,,,,,,
5.930203437805176,3.019897699356079,11.860406875610352,3.443894147872925,2.7406258583068848,1.655483603477478,3.019897699356079,116,116,,,,,,,,,,,,
,,,,,,,116,116,4.506900310516357,2.6819190979003906,9.013801574707031,3.0022993087768555,1.821110486984253,1.3494852781295776,,,,,,
5.535654544830322,2.917175531387329,11.071310043334961,3.327357769012451,2.5613975524902344,1.6004366874694824,2.917175531387329,117,117,,,,,,,,,,,,
,,,,,,,117,117,4.025651931762695,2.493943214416504,8.05130386352539,2.83748197555542,1.8315509557724,1.3533480167388916,,,,,,
5.405880928039551,2.9003193378448486,10.811761856079102,3.2881243228912354,2.399909496307373,1.5491641759872437,2.9003193378448486,118,118,,,,,,,,,,,,
,,,,,,,118,118,3.626835346221924,2.3604736328125,7.253669738769531,2.6932637691497803,1.6818345785140991,1.2968556880950928,,,,,,
5.120124816894531,2.813910722732544,10.240248680114746,3.2000389099121094,2.3221566677093506,1.523862361907959,2.813910722732544,119,119,,,,,,,,,,,,
,,,,,,,119,119,3.538494348526001,2.3599302768707275,7.07698917388916,2.6602611541748047,1.5077180862426758,1.2278916835784912,,,,,,
4.691792011260986,2.702857732772827,9.383584022521973,3.0632636547088623,2.078143835067749,1.4415768384933472,2.702857732772827,120,120,,,,,,,,,,,,
,,,,,,,120,120,3.358954906463623,2.2900097370147705,6.717909336090088,2.591892957687378,1.4737639427185059,1.2139867544174194,,,,,,
4.501152992248535,2.657409429550171,9.002305030822754,3.0003840923309326,1.940480351448059,1.393011212348938,2.657409429550171,121,121,,,,,,,,,,,,
,,,,,,,121,121,2.991955280303955,2.162604808807373,5.98391056060791,2.4462032318115234,1.3070502281188965,1.1432629823684692,,,,,,
4.429099082946777,2.626558780670166,8.858198165893555,2.9762725830078125,1.959386944770813,1.3997809886932373,2.626558780670166,122,122,,,,,,,,,,,,
,,,,,,,122,122,2.845935344696045,2.113025665283203,5.691869258880615,2.3857638835906982,1.2269920110702515,1.107696771621704,,,,,,
4.106315612792969,2.548549175262451,8.212631225585938,2.8657689094543457,1.7175288200378418,1.3105452060699463,2.548549175262451,123,123,,,,,,,,,,,,
,,,,,,,123,123,2.7805399894714355,2.0853493213653564,5.561079978942871,2.35819411277771,1.2123984098434448,1.101089596748352,,,,,,
3.875826358795166,2.4733753204345703,7.75165319442749,2.7841789722442627,1.6340690851211548,1.2783070802688599,2.4733753204345703,124,124,,,,,,,,,,,,
,,,,,,,124,124,2.549455165863037,1.9986937046051025,5.098910808563232,2.2580769062042236,1.1041338443756104,1.0507776737213135,,,,,,
3.8473904132843018,2.462362289428711,7.694781303405762,2.77394700050354,1.6315538883209229,1.2773228883743286,2.462362289428711,125,125,,,,,,,,,,,,
,,,,,,,125,125,2.3532726764678955,1.9145934581756592,4.706545352935791,2.16945743560791,1.0408775806427002,1.0202341079711914,,,,,,
3.611447811126709,2.397812604904175,7.22289514541626,2.687544345855713,1.4733901023864746,1.2138328552246094,2.397812604904175,126,126,,,,,,,,,,,,
,,,,,,,126,126,2.327310562133789,1.9181212186813354,4.654621124267578,2.157457113265991,0.9754320979118347,0.9876396656036377,,,,,,
3.4324169158935547,2.3375089168548584,6.864834308624268,2.6200828552246094,1.400885820388794,1.1835901737213135,2.3375089168548584,127,127,,,,,,,,,,,,
,,,,,,,127,127,2.2101757526397705,1.8654274940490723,4.420351505279541,2.1024632453918457,0.9405316710472107,0.9698101282119751,,,,,,
3.348236322402954,2.3073112964630127,6.696472644805908,2.587754249572754,1.3727871179580688,1.1716599464416504,2.3073112964630127,128,128,,,,,,,,,,,,
,,,,,,,128,128,2.018528461456299,1.783581256866455,4.037056922912598,2.0092427730560303,0.8558949828147888,0.9251459240913391,,,,,,
3.2370219230651855,2.277635097503662,6.474043846130371,2.5444142818450928,1.286421775817871,1.1342053413391113,2.277635097503662,129,129,,,,,,,,,,,,
,,,,,,,129,129,1.96409010887146,1.7630623579025269,3.928180456161499,1.9819637537002563,0.8197914958000183,0.9054234027862549,,,,,,
3.1300294399261475,2.2381105422973633,6.260058403015137,2.5020108222961426,1.2509196996688843,1.1184451580047607,2.2381105422973633,130,130,,,,,,,,,,,,
,,,,,,,130,130,1.943873643875122,1.762642502784729,3.8877475261688232,1.9717371463775635,0.7808391451835632,0.8836510181427002,,,,,,
3.001100540161133,2.197871208190918,6.002201080322266,2.449939012527466,1.1715630292892456,1.0823876857757568,2.197871208190918,131,131,,,,,,,,,,,,
,,,,,,,131,131,1.8032557964324951,1.6900084018707275,3.606511354446411,1.8990817070007324,0.7503835558891296,0.8662468194961548,,,,,,
2.9489526748657227,2.1816353797912598,5.897905349731445,2.428560256958008,1.1383730173110962,1.0669456720352173,2.1816353797912598,132,132,,,,,,,,,,,,
,,,,,,,132,132,1.6985970735549927,1.6390591859817505,3.3971941471099854,1.843147873878479,0.7106791734695435,0.8430178761482239,,,,,,
2.93117356300354,2.1644887924194336,5.862346649169922,2.4212284088134766,1.1773349046707153,1.0850507020950317,2.1644887924194336,133,133,,,,,,,,,,,,
,,,,,,,133,133,1.7023112773895264,1.6568489074707031,3.4046220779418945,1.84516179561615,0.6594741344451904,0.8120801448822021,,,,,,
2.756601572036743,2.105518102645874,5.513202667236328,2.3480210304260254,1.0799965858459473,1.0392287969589233,2.105518102645874,134,134,,,,,,,,,,,,
,,,,,,,134,134,1.6451611518859863,1.6081420183181763,3.2903225421905518,1.8139246702194214,0.7042015790939331,0.8391671776771545,,,,,,
2.691208839416504,2.0801150798797607,5.382417678833008,2.3200037479400635,1.0555394887924194,1.0273945331573486,2.0801150798797607,135,135,,,,,,,,,,,,
,,,,,,,135,135,1.5332529544830322,1.5638635158538818,3.0665056705474854,1.7511440515518188,0.6208363771438599,0.7879316806793213,,,,,,
2.698000907897949,2.071934461593628,5.39600133895874,2.3229293823242188,1.1030895709991455,1.0502806901931763,2.071934461593628,136,136,,,,,,,,,,,,
,,,,,,,136,136,1.5090558528900146,1.5590038299560547,3.0181117057800293,1.7372713088989258,0.5876186490058899,0.7665628790855408,,,,,,
2.559938907623291,2.028648853302002,5.119878768920898,2.2627148628234863,1.0044620037078857,1.0022284984588623,2.028648853302002,137,137,,,,,,,,,,,,
,,,,,,,137,137,1.5067107677459717,1.5277336835861206,3.0134215354919434,1.7359209060668945,0.6794512271881104,0.8242883086204529,,,,,,
2.4940454959869385,1.9985641241073608,4.988090515136719,2.233403444290161,0.9938328266143799,0.9969116449356079,1.9985641241073608,138,138,,,,,,,,,,,,
,,,,,,,138,138,1.434051513671875,1.5191144943237305,2.868103265762329,1.6935474872589111,0.560394287109375,0.7485948801040649,,,,,,
2.504997730255127,1.9901645183563232,5.009994983673096,2.2383017539978027,1.049240231513977,1.0243242979049683,1.9901645183563232,139,139,,,,,,,,,,,,
,,,,,,,139,139,1.3845916986465454,1.4852945804595947,2.769183397293091,1.6640863418579102,0.5630833506584167,0.7503888010978699,,,,,,
2.4143433570861816,1.9636366367340088,4.828686714172363,2.197427272796631,0.9728176593780518,0.9863151907920837,1.9636366367340088,140,140,,,,,,,,,,,,
,,,,,,,140,140,1.3928614854812622,1.4665290117263794,2.7857229709625244,1.669048547744751,0.6350157856941223,0.7968787550926208,,,,,,
2.394195795059204,1.9444172382354736,4.788391590118408,2.188239336013794,1.0076332092285156,1.0038093328475952,1.9444172382354736,141,141,,,,,,,,,,,,
,,,,,,,141,141,1.368908166885376,1.483824610710144,2.737816333770752,1.6546348333358765,0.5360813140869141,0.7321757674217224,,,,,,
2.3522496223449707,1.9267373085021973,4.704499244689941,2.1689858436584473,0.9921817779541016,0.9960831999778748,1.9267373085021973,142,142,,,,,,,,,,,,
,,,,,,,142,142,1.3175290822982788,1.432084083557129,2.6350579261779785,1.6232861280441284,0.5841931104660034,0.7643252611160278,,,,,,
2.2988924980163574,1.9114916324615479,4.597784519195557,2.144244432449341,0.9439839720726013,0.9715883731842041,1.9114916324615479,143,143,,,,,,,,,,,,
,,,,,,,143,143,1.2959128618240356,1.4211421012878418,2.5918257236480713,1.609914779663086,0.5721806883811951,0.7564262747764587,,,,,,
2.3224239349365234,1.9094593524932861,4.644847869873047,2.155190944671631,0.9988126158714294,0.9994061589241028,1.9094593524932861,144,144,,,,,,,,,,,,
,,,,,,,144,144,1.3025511503219604,1.4397995471954346,2.605102300643921,1.6140329837799072,0.532079815864563,0.7294380068778992,,,,,,
2.2287099361419678,1.8810760974884033,4.457419395446777,2.111260175704956,0.9189725518226624,0.9586305618286133,1.8810760974884033,145,145,,,,,,,,,,,,
,,,,,,,145,145,1.2917646169662476,1.4024604558944702,2.583529233932495,1.6073360443115234,0.6166337728500366,0.7852603197097778,,,,,,
2.2101221084594727,1.871559739112854,4.4202446937561035,2.102437734603882,0.9175087213516235,0.9578667283058167,1.871559739112854,146,146,,,,,,,,,,,,
,,,,,,,146,146,1.259408712387085,1.4059638977050781,2.51881742477417,1.5870782136917114,0.542083203792572,0.7362629771232605,,,,,,
2.2306952476501465,1.8743398189544678,4.461390495300293,2.1122004985809326,0.9482406377792358,0.9737764596939087,1.871559739112854,147,147,,,,,,,,,,,,
,,,,,,,147,147,1.2395496368408203,1.3859660625457764,2.4790990352630615,1.574515461921692,0.5581971406936646,0.7471259236335754,,,,,,
2.175790786743164,1.8608345985412598,4.351581573486328,2.0860445499420166,0.8888761401176453,0.9428023099899292,1.8608345985412598,148,148,,,,,,,,,,,,
,,,,,,,148,148,1.2399340867996216,1.3699586391448975,2.479867935180664,1.574759602546692,0.603081464767456,0.776583194732666,,,,,,
2.2168350219726562,1.8655883073806763,4.4336700439453125,2.105628252029419,0.9532501697540283,0.9763453006744385,1.8608345985412598,149,149,,,,,,,,,,,,
,,,,,,,149,149,1.2377824783325195,1.3930795192718506,2.475564956665039,1.5733928680419922,0.534894585609436,0.731364905834198,,,,,,
2.160780429840088,1.8497726917266846,4.321560859680176,2.078836441040039,0.8999022841453552,0.9486318230628967,1.8497726917266846,150,150,,,,,,,,,,,,
,,,,,,,150,150,1.2206469774246216,1.3578903675079346,2.441293954849243,1.5624641180038452,0.5974277257919312,0.7729344964027405,,,,,,
2.153707981109619,1.847488522529602,4.3074164390563965,2.0754315853118896,0.894202470779419,0.9456228017807007,1.847488522529602,151,151,,,,,,,,,,,,
,,,,,,,151,151,1.194261074066162,1.360793948173523,2.388522148132324,1.5454844236373901,0.5367620587348938,0.7326404452323914,,,,,,
2.177171230316162,1.8539283275604248,4.354342937469482,2.0867061614990234,0.9172923564910889,0.9577538371086121,1.847488522529602,152,152,,,,,,,,,,,,
,,,,,,,152,152,1.1799873113632202,1.3494789600372314,2.3599746227264404,1.536220908164978,0.5388813614845276,0.7340853810310364,,,,,,
2.1270029544830322,1.8449732065200806,4.254006385803223,2.0625243186950684,0.8500797152519226,0.9219976663589478,1.8449732065200806,153,153,,,,,,,,,,,,
,,,,,,,153,153,1.1808266639709473,1.334715485572815,2.3616533279418945,1.5367671251296997,0.5801880955696106,0.7617008090019226,,,,,,
2.1660401821136475,1.853010892868042,4.332080364227295,2.0813651084899902,0.8984308838844299,0.9478559494018555,1.8449732065200806,154,154,,,,,,,,,,,,
,,,,,,,154,154,1.1820263862609863,1.358996033668518,2.3640525341033936,1.5375475883483887,0.5171822905540466,0.719153881072998,,,,,,
2.1140873432159424,1.8391737937927246,4.228174686431885,2.0562524795532227,0.8456144332885742,0.9195729494094849,1.8391737937927246,155,155,,,,,,,,,,,,
,,,,,,,155,155,1.1712136268615723,1.3223663568496704,2.3424272537231445,1.53049898147583,0.5937747955322266,0.7705678343772888,,,,,,
2.123403549194336,1.8383018970489502,4.246807098388672,2.0607783794403076,0.8674533367156982,0.9313717484474182,1.8383018970489502,156,156,,,,,,,,,,,,
,,,,,,,156,156,1.1506624221801758,1.3343257904052734,2.3013253211975098,1.5170120000839233,0.5209000706672668,0.7217340469360352,,,,,,
2.1210038661956787,1.8363875150680542,4.242007732391357,2.0596134662628174,0.8696883916854858,0.9325708746910095,1.8363875150680542,157,157,,,,,,,,,,,,
,,,,,,,157,157,1.134552001953125,1.313041090965271,2.269104242324829,1.506354570388794,0.5450268983840942,0.7382593750953674,,,,,,
2.08768892288208,1.8292607069015503,4.17537784576416,2.0433740615844727,0.8291834592819214,0.9105951189994812,1.8292607069015503,158,158,,,,,,,,,,,,
,,,,,,,158,158,1.1283130645751953,1.3064590692520142,2.2566261291503906,1.5022070407867432,0.5497904419898987,0.7414785623550415,,,,,,
2.1185173988342285,1.8353890180587769,4.237034797668457,2.058405876159668,0.8683819770812988,0.93187016248703,1.8292607069015503,159,159,,,,,,,,,,,,
,,,,,,,159,159,1.1276334524154663,1.3174923658370972,2.2552669048309326,1.501754641532898,0.5194807648658752,0.7207501530647278,,,,,,
2.0577707290649414,1.8209936618804932,4.115541458129883,2.028679847717285,0.7995235323905945,0.894160807132721,1.8209936618804932,160,160,,,,,,,,,,,,
,,,,,,,160,160,1.1259112358093262,1.2924631834030151,2.2518227100372314,1.5006074905395508,0.5813616514205933,0.7624707818031311,,,,,,
2.1013407707214355,1.8295814990997314,4.202681541442871,2.050044298171997,0.8553138971328735,0.9248318076133728,1.8209936618804932,161,161,,,,,,,,,,,,
,,,,,,,161,161,1.122519850730896,1.3163573741912842,2.245039701461792,1.4983456134796143,0.5122432708740234,0.7157117128372192,,,,,,
2.042393684387207,1.8161320686340332,4.084787845611572,2.021085739135742,0.786452054977417,0.8868213295936584,1.8161320686340332,162,162,,,,,,,,,,,,
,,,,,,,162,162,1.1176326274871826,1.2832576036453247,2.2352652549743652,1.4950803518295288,0.5885151624679565,0.767147421836853,,,,,,
2.0937604904174805,1.8274612426757812,4.187520980834961,2.0463433265686035,0.8479058146476746,0.920818030834198,1.8161320686340332,163,163,,,,,,,,,,,,
,,,,,,,163,163,1.1133283376693726,1.3121155500411987,2.226656675338745,1.4921985864639282,0.5050095319747925,0.7106402516365051,,,,,,
2.039278507232666,1.8156955242156982,4.078557014465332,2.0195436477661133,0.7818066477775574,0.8841983079910278,1.8156955242156982,164,164,,,,,,,,,,,,
,,,,,,,164,164,1.1039055585861206,1.2752424478530884,2.207811117172241,1.4858704805374146,0.5815677046775818,0.7626058459281921,,,,,,
2.0807464122772217,1.824168086051941,4.161492347717285,2.039973497390747,0.8339033722877502,0.9131830930709839,1.8156955242156982,165,165,,,,,,,,,,,,
,,,,,,,165,165,1.0935670137405396,1.2977330684661865,2.187134027481079,1.4788962602615356,0.5030228495597839,0.7092410326004028,,,,,,
2.0345606803894043,1.8131929636001587,4.06912088394165,2.0172061920166016,0.7814524173736572,0.8839979767799377,1.8131929636001587,166,166,,,,,,,,,,,,
,,,,,,,166,166,1.084841251373291,1.266607642173767,2.169682502746582,1.4729841947555542,0.5653877258300781,0.7519226670265198,,,,,,
2.0698695182800293,1.818852186203003,4.1397385597229,2.034634828567505,0.8315163254737854,0.9118751883506775,1.8131929636001587,167,167,,,,,,,,,,,,
,,,,,,,167,167,1.076288104057312,1.2852368354797363,2.152576208114624,1.4671660661697388,0.5007423758506775,0.707631528377533,,,,,,
2.0248897075653076,1.808036208152771,4.049779415130615,2.012406349182129,0.780784547328949,0.8836201429367065,1.808036208152771,168,168,,,,,,,,,,,,
,,,,,,,168,168,1.0681296586990356,1.2599536180496216,2.1362593173980713,1.461594820022583,0.548776388168335,0.7407944202423096,,,,,,
2.042276620864868,1.8100593090057373,4.084552764892578,2.0210275650024414,0.8082380890846252,0.8990206122398376,1.808036208152771,169,169,,,,,,,,,,,,
,,,,,,,169,169,1.060578465461731,1.2740801572799683,2.121156930923462,1.4564192295074463,0.49787649512290955,0.7056036591529846,,,,,,
2.011739730834961,1.8032749891281128,4.023479461669922,2.005861282348633,0.7716787457466125,0.878452479839325,1.8032749891281128,170,170,,,,,,,,,,,,
,,,,,,,170,170,1.0538623332977295,1.2525440454483032,2.107724666595459,1.4518004655838013,0.5388581156730652,0.7340695858001709,,,,,,
2.0394649505615234,1.8091052770614624,4.078929901123047,2.0196361541748047,0.8060677647590637,0.8978127837181091,1.8032749891281128,171,171,,,,,,,,,,,,
,,,,,,,171,171,1.048898696899414,1.2645387649536133,2.097797393798828,1.4483774900436401,0.49873924255371094,0.7062147259712219,,,,,,
2.0115859508514404,1.8029879331588745,4.023171901702881,2.005784511566162,0.7724063396453857,0.8788664937019348,1.8029879331588745,172,172,,,,,,,,,,,,
,,,,,,,172,172,1.0430642366409302,1.2462760210037231,2.0861282348632812,1.4443435668945312,0.5329243540763855,0.7300167083740234,,,,,,
2.049546957015991,1.8110802173614502,4.099093437194824,2.0246217250823975,0.8190821409225464,0.9050315618515015,1.8029879331588745,173,173,,,,,,,,,,,,
,,,,,,,173,173,1.0392268896102905,1.2591705322265625,2.078453540802002,1.4416842460632324,0.49294325709342957,0.7020992040634155,,,,,,
2.0060927867889404,1.8023388385772705,4.012185573577881,2.0030441284179688,0.7637600898742676,0.8739336729049683,1.8023388385772705,174,174,,,,,,,,,,,,
,,,,,,,174,174,1.0377519130706787,1.240240454673767,2.0755038261413574,1.4406609535217285,0.5373075008392334,0.7330126166343689,,,,,,
2.0722427368164062,1.8202461004257202,4.1444854736328125,2.0358009338378906,0.8311895728111267,0.9116960167884827,1.8023388385772705,175,175,,,,,,,,,,,,
,,,,,,,175,175,1.0423799753189087,1.2648138999938965,2.0847597122192383,1.443869709968567,0.4850054085254669,0.6964232921600342,,,,,,
2.0108325481414795,1.8082306385040283,4.021665573120117,2.005409002304077,0.7519668936729431,0.8671602606773376,1.8023388385772705,176,176,,,,,,,,,,,,
,,,,,,,176,176,1.0550237894058228,1.2440820932388306,2.1100475788116455,1.4526002407073975,0.562307596206665,0.7498717308044434,,,,,,
2.189108371734619,1.8647093772888184,4.378216743469238,2.092418909072876,0.9010754823684692,0.9492499828338623,1.8023388385772705,177,177,,,,,,,,,,,,
,,,,,,,177,177,1.0900418758392334,1.3088759183883667,2.180083990097046,1.476510763168335,0.46692711114883423,0.6833206415176392,,,,,,
2.0786221027374268,1.835749864578247,4.1572442054748535,2.0389320850372314,0.7872663736343384,0.8872803449630737,1.8023388385772705,178,178,,,,,,,,,,,,
,,,,,,,178,178,1.1540535688400269,1.2932255268096924,2.3081071376800537,1.5192456245422363,0.6356754302978516,0.7972925901412964,,,,,,
2.164513349533081,1.8554705381393433,4.329026222229004,2.0806312561035156,0.8862549662590027,0.9414111375808716,1.8023388385772705,179,179,,,,,,,,,,,,
,,,,,,,179,179,1.1956350803375244,1.3855783939361572,2.3912699222564697,1.5463731288909912,0.47144240140914917,0.6866166591644287,,,,,,
1.9820621013641357,1.7968829870224,3.9641244411468506,1.9910109043121338,0.7353358864784241,0.8575173020362854,1.7968829870224,180,180,,,,,,,,,,,,
,,,,,,,180,180,1.1306416988372803,1.280004620552063,2.2612833976745605,1.5037564039230347,0.6228713989257812,0.789222002029419,,,,,,
1.9804387092590332,1.795793890953064,3.9608774185180664,1.9901952743530273,0.73600172996521,0.8579054474830627,1.795793890953064,181,181,,,,,,,,,,,,
,,,,,,,181,181,1.0189610719680786,1.256507158279419,2.0379221439361572,1.4275580644607544,0.45911169052124023,0.677577793598175,,,,,,
2.1137161254882812,1.837744116783142,4.2274322509765625,2.0560719966888428,0.8501291871070862,0.9220244884490967,1.795793890953064,182,182,,,,,,,,,,,,
,,,,,,,182,182,1.002523422241211,1.2400647401809692,2.005046844482422,1.415996789932251,0.46728605031967163,0.6835832595825195,,,,,,
2.0211021900177,1.816254734992981,4.0422043800354,2.0105233192443848,0.7434232234954834,0.8622199296951294,1.795793890953064,183,183,,,,,,,,,,,,
,,,,,,,183,183,1.069521188735962,1.2481484413146973,2.139042377471924,1.4625465869903564,0.5811679363250732,0.76234370470047,,,,,,
2.04274845123291,1.810737133026123,4.08549690246582,2.021261215209961,0.8067283034324646,0.8981805443763733,1.795793890953064,184,184,,,,,,,,,,,,
,,,,,,,184,184,1.0723103284835815,1.299858808517456,2.144620656967163,1.4644523859024048,0.45498788356781006,0.6745278835296631,,,,,,
2.0062472820281982,1.797926664352417,4.0124945640563965,2.0031211376190186,0.7799544930458069,0.8831503391265869,1.795793890953064,185,185,,,,,,,,,,,,
,,,,,,,185,185,1.0009983777999878,1.217379093170166,2.0019969940185547,1.414919376373291,0.5199850797653198,0.7210999131202698,,,,,,
1.978637456893921,1.7966622114181519,3.957274913787842,1.9892899990081787,0.729279637336731,0.85397869348526,1.795793890953064,186,186,,,,,,,,,,,,
,,,,,,,186,186,0.9821836352348328,1.209275484085083,1.964367389678955,1.4015588760375977,0.5020203590393066,0.7085339426994324,,,,,,
2.064861536026001,1.8196197748184204,4.129722595214844,2.0321719646453857,0.8187071084976196,0.9048243761062622,1.795793890953064,187,187,,,,,,,,,,,,
,,,,,,,187,187,1.0287785530090332,1.2660857439041138,2.0575571060180664,1.4344186782836914,0.4545837640762329,0.6742282509803772,,,,,,
1.9667158126831055,1.7880733013153076,3.933431386947632,1.983288049697876,0.7362249493598938,0.8580355048179626,1.7880733013153076,188,188,,,,,,,,,,,,
,,,,,,,188,188,1.030670166015625,1.2274733781814575,2.061340093612671,1.4357367753982544,0.5546494722366333,0.7447479367256165,,,,,,
1.9720854759216309,1.7878683805465698,3.9441709518432617,1.98599374294281,0.7476972937583923,0.8646948933601379,1.7878683805465698,189,189,,,,,,,,,,,,
,,,,,,,189,189,0.9782368540763855,1.2227165699005127,1.956473708152771,1.3987400531768799,0.4614379405975342,0.6792922616004944,,,,,,
2.036748170852661,1.8079984188079834,4.073496341705322,2.0182905197143555,0.8046377301216125,0.8970159888267517,1.7878683805465698,190,190,,,,,,,,,,,,
,,,,,,,190,190,0.9644333124160767,1.2089927196502686,1.9288668632507324,1.3888365030288696,0.46720367670059204,0.6835229992866516,,,,,,
1.9764739274978638,1.79563570022583,3.9529480934143066,1.9882022142410278,0.7286407351493835,0.8536045551300049,1.7878683805465698,191,191,,,,,,,,,,,,
,,,,,,,191,191,0.9903510808944702,1.2066760063171387,1.9807024002075195,1.4073742628097534,0.5246351361274719,0.7243170142173767,,,,,,
2.0212759971618652,1.8043406009674072,4.0425519943237305,2.0106098651885986,0.7869071364402771,0.8870778679847717,1.7878683805465698,192,192,,,,,,,,,,,,
,,,,,,,192,192,0.9980625510215759,1.2398821115493774,1.9961248636245728,1.412842869758606,0.4588170051574707,0.6773602962493896,,,,,,
1.97501540184021,1.7889525890350342,3.95003080368042,1.9874684810638428,0.7496789693832397,0.8658400177955627,1.7878683805465698,193,193,,,,,,,,,,,,
,,,,,,,193,193,0.9682189226150513,1.1956486701965332,1.936437964439392,1.3915596008300781,0.506862223148346,0.7119425535202026,,,,,,
1.9599186182022095,1.786657691001892,3.91983699798584,1.9798578023910522,0.7276917695999146,0.8530485033988953,1.786657691001892,194,194,,,,,,,,,,,,
,,,,,,,194,194,0.9449395537376404,1.189900279045105,1.8898788690567017,1.3747286796569824,0.47401630878448486,0.6884884238243103,,,,,,
2.0263564586639404,1.8067522048950195,4.052712917327881,2.0131351947784424,0.7883592844009399,0.8878960013389587,1.786657691001892,195,195,,,,,,,,,,,,
,,,,,,,195,195,0.9557748436927795,1.204982042312622,1.9115498065948486,1.3825880289077759,0.4595675468444824,0.6779141426086426,,,,,,
1.9560003280639648,1.7862048149108887,3.9120004177093506,1.9778777360916138,0.7214728593826294,0.8493955731391907,1.7862048149108887,196,196,,,,,,,,,,,,
,,,,,,,196,196,0.9704657196998596,1.1940466165542603,1.9409314393997192,1.393173098564148,0.515184223651886,0.717763364315033,,,,,,
1.972550630569458,1.7859810590744019,3.945101261138916,1.9862278699874878,0.7553730607032776,0.8691220283508301,1.7859810590744019,197,197,,,,,,,,,,,,
,,,,,,,197,197,0.9574584364891052,1.2132542133331299,1.9149169921875,1.383805274963379,0.44293102622032166,0.6655306220054626,,,,,,
1.9734636545181274,1.7849581241607666,3.946927070617676,1.986687421798706,0.7608516216278076,0.8722680807113647,1.7849581241607666,198,198,,,,,,,,,,,,
,,,,,,,198,198,0.9327192306518555,1.1823869943618774,1.865438461303711,1.365810513496399,0.4673994481563568,0.6836661696434021,,,,,,
1.9387142658233643,1.7766417264938354,3.8774285316467285,1.9691187143325806,0.7209728360176086,0.849101185798645,1.7766417264938354,199,199,,,,,,,,,,,,
,,,,,,,199,199,0.9332194328308105,1.1787203550338745,1.866438865661621,1.366176724433899,0.47705695033073425,0.6906930804252625,,,,,,
1.9914474487304688,1.7913763523101807,3.9828948974609375,1.9957191944122314,0.7738649845123291,0.8796959519386292,1.7766417264938354,200,200,,,,,,,,,,,,
,,,,,,,200,200,0.9448333978652954,1.2037477493286133,1.8896667957305908,1.374651551246643,0.4406580328941345,0.6638208031654358,,,,,,
1.9335070848464966,1.7739264965057373,3.8670144081115723,1.9664726257324219,0.7201986312866211,0.8486451506614685,1.7739264965057373,201,201,,,,,,,,,,,,
,,,,,,,201,201,0.9418344497680664,1.1804388761520386,1.8836688995361328,1.3724682331085205,0.490232914686203,0.7001663446426392,,,,,,
1.942224383354187,1.7759084701538086,3.884448528289795,1.9709004163742065,0.730597972869873,0.8547502160072327,1.7739264965057373,202,202,,,,,,,,,,,,
,,,,,,,202,202,0.9243203401565552,1.1828919649124146,1.848641037940979,1.3596473932266235,0.4494072198867798,0.6703783869743347,,,,,,
1.9699902534484863,1.7850329875946045,3.9399805068969727,1.984938383102417,0.7536377906799316,0.8681231141090393,1.7739264965057373,203,203,,,,,,,,,,,,
,,,,,,,203,203,0.9151514768600464,1.1720709800720215,1.8303030729293823,1.3528869152069092,0.45655280351638794,0.6756868958473206,,,,,,
1.9328587055206299,1.775489330291748,3.8657174110412598,1.9661427736282349,0.7133545875549316,0.8446032404899597,1.7739264965057373,204,204,,,,,,,,,,,,
,,,,,,,204,204,0.9193199276924133,1.1693354845046997,1.8386398553848267,1.3559645414352417,0.47129490971565247,0.6865091919898987,,,,,,
1.9790443181991577,1.7874480485916138,3.9580883979797363,1.9894945621490479,0.7631174921989441,0.8735659718513489,1.7739264965057373,205,205,,,,,,,,,,,,
,,,,,,,205,205,0.9242851138114929,1.1877388954162598,1.8485703468322754,1.3596214056015015,0.43784675002098083,0.6616998910903931,,,,,,
1.9303827285766602,1.7730131149291992,3.860765218734741,1.9648829698562622,0.7171900272369385,0.8468707203865051,1.7730131149291992,206,206,,,,,,,,,,,,
,,,,,,,206,206,0.9202518463134766,1.1679282188415527,1.8405038118362427,1.3566516637802124,0.4764476716518402,0.690251886844635,,,,,,
1.943192958831787,1.775098204612732,3.886385917663574,1.9713919162750244,0.7354122996330261,0.8575618267059326,1.7730131149291992,207,207,,,,,,,,,,,,
,,,,,,,207,207,0.9088892936706543,1.1744623184204102,1.8177785873413086,1.348250150680542,0.43841680884361267,0.6621305346488953,,,,,,
1.9431179761886597,1.774849534034729,3.8862361907958984,1.9713538885116577,0.7361454963684082,0.8579891920089722,1.7730131149291992,208,208,,,,,,,,,,,,
,,,,,,,208,208,0.8994750380516052,1.1616826057434082,1.7989501953125,1.3412494659423828,0.4494437575340271,0.6704056859016418,,,,,,
1.9233025312423706,1.7705940008163452,3.846604824066162,1.9612762928009033,0.7116018533706665,0.8435649871826172,1.7705940008163452,209,209,,,,,,,,,,,,
,,,,,,,209,209,0.8973979949951172,1.158493161201477,1.7947962284088135,1.3397001028060913,0.45268967747688293,0.6728221774101257,,,,,,
1.9736368656158447,1.7857038974761963,3.9472737312316895,1.9867746829986572,0.7585352063179016,0.8709392547607422,1.7705940008163452,210,210,,,,,,,,,,,,
,,,,,,,210,210,0.9020368456840515,1.170696496963501,1.8040738105773926,1.3431581258773804,0.43354371190071106,0.658440351486206,,,,,,
1.9237167835235596,1.7711904048919678,3.8474338054656982,1.9614876508712769,0.7103185653686523,0.8428040146827698,1.7705940008163452,211,211,,,,,,,,,,,,
,,,,,,,211,211,0.9061554670333862,1.1587210893630981,1.8123109340667725,1.3462209701538086,0.4696762263774872,0.685329258441925,,,,,,
1.9642739295959473,1.7819933891296387,3.9285473823547363,1.9820563793182373,0.753046989440918,0.8677827715873718,1.7705940008163452,212,212,,,,,,,,,,,,
,,,,,,,212,212,0.9033766984939575,1.174352765083313,1.806753396987915,1.3441553115844727,0.4276489019393921,0.6539487242698669,,,,,,
1.9280186891555786,1.7700560092926025,3.8560376167297363,1.963679552078247,0.7229384183883667,0.8502578735351562,1.7700560092926025,213,213,,,,,,,,,,,,
,,,,,,,213,213,0.8947452902793884,1.1530466079711914,1.7894903421401978,1.3377183675765991,0.45997390151023865,0.6782137751579285,,,,,,
1.935114860534668,1.7722535133361816,3.870229721069336,1.967289924621582,0.7293474078178406,0.8540183901786804,1.7700560092926025,214,214,,,,,,,,,,,,
,,,,,,,214,214,0.8839812874794006,1.1557241678237915,1.76796293258667,1.3296476602554321,0.43226462602615356,0.657468318939209,,,,,,
1.9417781829833984,1.7743749618530273,3.883556365966797,1.9706740379333496,0.7351496815681458,0.8574087023735046,1.7700560092926025,215,215,,,,,,,,,,,,
,,,,,,,215,215,0.8786443471908569,1.1503304243087769,1.7572884559631348,1.3256275653839111,0.4340283274650574,0.6588082909584045,,,,,,
1.9180502891540527,1.7671598196029663,3.8361003398895264,1.9585964679718018,0.7132466435432434,0.8445392847061157,1.7671598196029663,216,216,,,,,,,,,,,,
,,,,,,,216,216,0.8777611255645752,1.1457328796386719,1.7555221319198608,1.3249611854553223,0.44281840324401855,0.6654460430145264,,,,,,
1.97013258934021,1.783636212348938,3.940265655517578,1.9850102663040161,0.7589074969291687,0.8711529970169067,1.7671598196029663,217,217,,,,,,,,,,,,
,,,,,,,217,217,0.8806236386299133,1.1546262502670288,1.7612472772598267,1.3271199464797974,0.42808544635772705,0.6542823910713196,,,,,,
1.9192438125610352,1.768704891204834,3.8384878635406494,1.959205985069275,0.7101709246635437,0.84271639585495,1.7671598196029663,218,218,,,,,,,,,,,,
,,,,,,,218,218,0.8859826326370239,1.1472442150115967,1.7719652652740479,1.3311518430709839,0.45579633116722107,0.6751269102096558,,,,,,
1.9846519231796265,1.7893893718719482,3.969303846359253,1.9923112392425537,0.7673896551132202,0.8760077953338623,1.7671598196029663,219,219,,,,,,,,,,,,
,,,,,,,219,219,0.8920911550521851,1.168169617652893,1.7841821908950806,1.3357328176498413,0.4195619225502014,0.6477360129356384,,,,,,
1.9095603227615356,1.7664295434951782,3.819120168685913,1.9542568922042847,0.6988469958305359,0.8359706997871399,1.7664295434951782,220,220,,,,,,,,,,,,
,,,,,,,220,220,0.8946314454078674,1.148399829864502,1.7892628908157349,1.3376333713531494,0.47044098377227783,0.6858869791030884,,,,,,
1.9698765277862549,1.7832908630371094,3.9397525787353516,1.984881043434143,0.7596268057823181,0.8715656995773315,1.7664295434951782,221,221,,,,,,,,,,,,
,,,,,,,221,221,0.8892227411270142,1.1675413846969604,1.7784454822540283,1.3335837125778198,0.4152926206588745,0.644432008266449,,,,,,
1.901286005973816,1.7610443830490112,3.802572011947632,1.9500184059143066,0.7012948989868164,0.8374335169792175,1.7610443830490112,222,222,,,,,,,,,,,,
,,,,,,,222,222,0.882609486579895,1.141556978225708,1.76521897315979,1.328615427017212,0.46206676959991455,0.679754912853241,,,,,,
1.9372130632400513,1.7710539102554321,3.8744263648986816,1.9683562517166138,0.737794041633606,0.8589493632316589,1.7610443830490112,223,223,,,,,,,,,,,,
,,,,,,,223,223,0.8732107877731323,1.1523257493972778,1.7464219331741333,1.32152259349823,0.41856735944747925,0.6469678282737732,,,,,,
1.90757155418396,1.7613873481750488,3.815143346786499,1.9532392024993896,0.7126584649085999,0.8441910147666931,1.7610443830490112,224,224,,,,,,,,,,,,
,,,,,,,224,224,0.8620896339416504,1.130874752998352,1.7241792678833008,1.313080072402954,0.44530177116394043,0.6673093438148499,,,,,,
1.9126765727996826,1.7625689506530762,3.825352907180786,1.9558509588241577,0.7187038660049438,0.8477640151977539,1.7610443830490112,225,225,,,,,,,,,,,,
,,,,,,,225,225,0.8541222810745239,1.1353118419647217,1.7082446813583374,1.306998372077942,0.4193117618560791,0.6475428938865662,,,,,,
1.9248924255371094,1.7670096158981323,3.8497848510742188,1.9620869159698486,0.7274618744850159,0.8529137372970581,1.7610443830490112,226,226,,,,,,,,,,,,
,,,,,,,226,226,0.8493457436561584,1.127943515777588,1.698691487312317,1.303338646888733,0.4264349043369293,0.6530198454856873,,,,,,
1.8971471786499023,1.7586307525634766,3.794294595718384,1.9478949308395386,0.7015122771263123,0.8375632762908936,1.7586307525634766,227,227,,,,,,,,,,,,
,,,,,,,227,227,0.8496831655502319,1.1241509914398193,1.6993663311004639,1.3035974502563477,0.43565091490745544,0.6600385904312134,,,,,,
1.9471499919891357,1.7746102809906006,3.8942997455596924,1.973397970199585,0.7450581192970276,0.8631674647331238,1.7586307525634766,228,228,,,,,,,,,,,,
,,,,,,,228,228,0.8522884845733643,1.1365571022033691,1.7045769691467285,1.3055944442749023,0.4128149449825287,0.6425067782402039,,,,,,
1.8969566822052002,1.7607076168060303,3.7939131259918213,1.9477969408035278,0.6938220858573914,0.8329598307609558,1.7586307525634766,229,229,,,,,,,,,,,,
,,,,,,,229,229,0.8576338291168213,1.1262614727020264,1.715267539024353,1.3096822500228882,0.44680288434028625,0.6684331297874451,,,,,,
1.9827723503112793,1.7886441946029663,3.9655444622039795,1.9913674592971802,0.7662966847419739,0.875383734703064,1.7586307525634766,230,230,,,,,,,,,,,,
,,,,,,,230,230,0.8681008815765381,1.1524032354354858,1.7362016439437866,1.3176500797271729,0.40816858410835266,0.638880729675293,,,,,,
1.8985835313796997,1.7620010375976562,3.7971670627593994,1.9486321210861206,0.6925193667411804,0.832177460193634,1.7586307525634766,231,231,,,,,,,,,,,,
,,,,,,,231,231,0.8780258297920227,1.1350857019424438,1.7560514211654663,1.3251608610153198,0.4676319658756256,0.6838362216949463,,,,,,
2.000094413757324,1.7938328981399536,4.00018835067749,2.000046968460083,0.7823517322540283,0.8845064640045166,1.7586307525634766,232,232,,,,,,,,,,,,
,,,,,,,232,232,0.8877735137939453,1.1722352504730225,1.7755470275878906,1.3324965238571167,0.4014115631580353,0.6335704922676086,,,,,,
1.8920270204544067,1.7581216096878052,3.7840538024902344,1.945264458656311,0.6930623650550842,0.8325036764144897,1.7581216096878052,233,233,,,,,,,,,,,,
,,,,,,,233,233,0.8885788917541504,1.1402924060821533,1.7771580219268799,1.3331009149551392,0.4768912196159363,0.6905730962753296,,,,,,
1.9588384628295898,1.777409315109253,3.9176769256591797,1.9793121814727783,0.7584930062294006,0.8709150552749634,1.7581216096878052,234,234,,,,,,,,,,,,
,,,,,,,234,234,0.8736816048622131,1.1593338251113892,1.7473632097244263,1.3218786716461182,0.4033083915710449,0.6350656747817993,,,,,,
1.8936153650283813,1.7559999227523804,3.787230968475342,1.9460809230804443,0.7036947011947632,0.8388651013374329,1.7559999227523804,235,235,,,,,,,,,,,,
,,,,,,,235,235,0.8541906476020813,1.1215242147445679,1.7083810567855835,1.3070504665374756,0.4505646526813507,0.6712411046028137,,,,,,
1.9055461883544922,1.7597821950912476,3.8110923767089844,1.9522019624710083,0.7142590880393982,0.8451384902000427,1.7559999227523804,236,236,,,,,,,,,,,,
,,,,,,,236,236,0.835703432559967,1.1206601858139038,1.6714067459106445,1.292828917503357,0.4155277907848358,0.6446144580841064,,,,,,
1.9300743341445923,1.7686265707015991,3.8601489067077637,1.964726209640503,0.7321085929870605,0.8556334376335144,1.7559999227523804,237,237,,,,,,,,,,,,
,,,,,,,237,237,0.8263389468193054,1.1098437309265137,1.6526775360107422,1.2855650186538696,0.42092451453208923,0.6487869620323181,,,,,,
1.8874597549438477,1.7563645839691162,3.7749195098876953,1.9429152011871338,0.6901029348373413,0.8307243585586548,1.7559999227523804,238,238,,,,,,,,,,,,
,,,,,,,238,238,0.8311410546302795,1.1086169481277466,1.662282109260559,1.2892951965332031,0.43325075507164,0.6582178473472595,,,,,,
1.969016194343567,1.781967282295227,3.938032627105713,1.984447717666626,0.7626251578330994,0.873284101486206,1.7559999227523804,239,239,,,,,,,,,,,,
,,,,,,,239,239,0.8437447547912598,1.1329561471939087,1.6874895095825195,1.2990341186523438,0.4038996994495392,0.6355310082435608,,,,,,
1.8833297491073608,1.7550582885742188,3.7666592597961426,1.9407882690429688,0.6864301562309265,0.8285108208656311,1.7550582885742188,240,240,,,,,,,,,,,,
,,,,,,,240,240,0.8572145700454712,1.1207152605056763,1.7144289016723633,1.3093620538711548,0.4584265351295471,0.6770720481872559,,,,,,
1.984654426574707,1.7880452871322632,3.969308853149414,1.9923124313354492,0.7722033262252808,0.8787509799003601,1.7550582885742188,241,241,,,,,,,,,,,,
,,,,,,,241,241,0.8680363297462463,1.160537838935852,1.7360726594924927,1.3176010847091675,0.3892246186733246,0.6238787174224854,,,,,,
1.8892631530761719,1.757124900817871,3.7785263061523438,1.943843126296997,0.691038191318512,0.8312870860099792,1.7550582885742188,242,242,,,,,,,,,,,,
,,,,,,,242,242,0.8682913780212402,1.1246479749679565,1.7365825176239014,1.3177945613861084,0.4717494547367096,0.6868401765823364,,,,,,
1.9572631120681763,1.7771766185760498,3.9145262241363525,1.9785162210464478,0.7561691999435425,0.8695799112319946,1.7550582885742188,243,243,,,,,,,,,,,,
,,,,,,,243,243,0.8578662872314453,1.150979995727539,1.715732216835022,1.3098596334457397,0.39097732305526733,0.625281810760498,,,,,,
1.8990139961242676,1.7571165561676025,3.7980282306671143,1.9488530158996582,0.7105690836906433,0.8429526090621948,1.7550582885742188,244,244,,,,,,,,,,,,
,,,,,,,244,244,0.8347062468528748,1.1061230897903442,1.6694124937057495,1.2920575141906738,0.4459041953086853,0.6677606105804443,,,,,,
1.8979570865631104,1.756364345550537,3.7959139347076416,1.9483104944229126,0.711097776889801,0.8432661294937134,1.7550582885742188,245,245,,,,,,,,,,,,
,,,,,,,245,245,0.8147585391998291,1.1050667762756348,1.6295170783996582,1.2765253782272339,0.40834444761276245,0.6390183568000793,,,,,,
1.9317411184310913,1.7672040462493896,3.863482713699341,1.9655743837356567,0.7404725551605225,0.8605071306228638,1.7550582885742188,246,246,,,,,,,,,,,,
,,,,,,,246,246,0.8105286955833435,1.1005046367645264,1.621057391166687,1.2732075452804565,0.4099470376968384,0.6402710676193237,,,,,,
1.877925157546997,1.75056791305542,3.755850315093994,1.9380016326904297,0.6913620829582214,0.8314818739891052,1.75056791305542,247,247,,,,,,,,,,,,
,,,,,,,247,247,0.8188537955284119,1.0982586145401,1.6377075910568237,1.2797294855117798,0.431535542011261,0.6569136381149292,,,,,,
1.9586970806121826,1.7770202159881592,3.917393684387207,1.9792406558990479,0.7595928907394409,0.8715462684631348,1.75056791305542,248,248,,,,,,,,,,,,
,,,,,,,248,248,0.8307433128356934,1.1273841857910156,1.6614868640899658,1.2889868021011353,0.39049166440963745,0.624893307685852,,,,,,
1.878672480583191,1.752018690109253,3.757345199584961,1.9383872747421265,0.6877757906913757,0.8293225169181824,1.75056791305542,249,249,,,,,,,,,,,,
,,,,,,,249,249,0.8369871973991394,1.1062992811203003,1.6739743947982788,1.2938215732574463,0.45007622241973877,0.67087721824646,,,,,,
1.9498478174209595,1.7733912467956543,3.899695873260498,1.9747647047042847,0.7547795176506042,0.8687804937362671,1.75056791305542,250,250,,,,,,,,,,,,
,,,,,,,250,250,0.8342394232749939,1.131496787071228,1.6684788465499878,1.2916960716247559,0.3881940245628357,0.623052179813385,,,,,,
1.8820668458938599,1.750030279159546,3.7641334533691406,1.940137505531311,0.7015278339385986,0.8375725746154785,1.750030279159546,251,251,,,,,,,,,,,,
,,,,,,,251,251,0.8227487206459045,1.09772527217865,1.645497441291809,1.2827694416046143,0.44049668312072754,0.6636992692947388,,,,,,
1.8977992534637451,1.7539551258087158,3.7955985069274902,1.9482295513153076,0.7192398905754089,0.8480800986289978,1.750030279159546,252,252,,,,,,,,,,,,
,,,,,,,252,252,0.8058363199234009,1.1023948192596436,1.6116726398468018,1.2695167064666748,0.39639824628829956,0.6296016573905945,,,,,,
1.9030537605285645,1.756649136543274,3.806107521057129,1.9509247541427612,0.7202915549278259,0.8486999273300171,1.750030279159546,253,253,,,,,,,,,,,,
,,,,,,,253,253,0.7961270809173584,1.0869914293289185,1.5922540426254272,1.2618454694747925,0.4107035994529724,0.6408616304397583,,,,,,
1.8782799243927002,1.7502226829528809,3.7565600872039795,1.9381847381591797,0.6932806372642517,0.8326347470283508,1.750030279159546,254,254,,,,,,,,,,,,
,,,,,,,254,254,0.796104371547699,1.0856635570526123,1.5922085046768188,1.2618274688720703,0.4135434627532959,0.6430734395980835,,,,,,
1.9438201189041138,1.7712414264678955,3.8876404762268066,1.9717100858688354,0.7503443956375122,0.8662242293357849,1.750030279159546,255,255,,,,,,,,,,,,
,,,,,,,255,255,0.8024609684944153,1.1021082401275635,1.6049219369888306,1.2668551206588745,0.3902794420719147,0.624723494052887,,,,,,
1.8820455074310303,1.7528797388076782,3.7640912532806396,1.940126657485962,0.6915041208267212,0.8315672874450684,1.750030279159546,256,256,,,,,,,,,,,,
,,,,,,,256,256,0.810703694820404,1.0899701118469238,1.6214072704315186,1.273344874382019,0.43337276577949524,0.6583105325698853,,,,,,
1.9557592868804932,1.776047945022583,3.9115185737609863,1.9777559041976929,0.757172167301178,0.8701564073562622,1.750030279159546,257,257,,,,,,,,,,,,
,,,,,,,257,257,0.8164882063865662,1.118735432624817,1.6329762935638428,1.2778795957565308,0.3814074993133545,0.6175819635391235,,,,,,
1.8754456043243408,1.750246286392212,3.7508912086486816,1.9367218017578125,0.6875290274620056,0.8291736841201782,1.750030279159546,258,258,,,,,,,,,,,,
,,,,,,,258,258,0.8150284886360168,1.0910134315490723,1.6300570964813232,1.276736855506897,0.4397466778755188,0.663133978843689,,,,,,
1.9314703941345215,1.7661166191101074,3.862940788269043,1.965436577796936,0.7437724471092224,0.8624224066734314,1.750030279159546,259,259,,,,,,,,,,,,
,,,,,,,259,259,0.807770311832428,1.1123005151748657,1.615540862083435,1.2710392475128174,0.3783280849456787,0.6150838136672974,,,,,,
1.8794245719909668,1.7492531538009644,3.7588491439819336,1.9387751817703247,0.6989625096321106,0.8360397815704346,1.7492531538009644,260,260,,,,,,,,,,,,
,,,,,,,260,260,0.79762202501297,1.0821139812469482,1.59524405002594,1.26302969455719,0.4242733120918274,0.6513626575469971,,,,,,
1.9038351774215698,1.7570778131484985,3.8076701164245605,1.9513251781463623,0.7203479409217834,0.848733127117157,1.7492531538009644,261,261,,,,,,,,,,,,
,,,,,,,261,261,0.788395881652832,1.0916881561279297,1.576791763305664,1.2557036876678467,0.38500890135765076,0.6204908490180969,,,,,,
1.90162992477417,1.7567795515060425,3.803260564804077,1.9501949548721313,0.716985821723938,0.8467501401901245,1.7492531538009644,262,262,,,,,,,,,,,,
,,,,,,,262,262,0.7810235619544983,1.0754762887954712,1.5620471239089966,1.2498188018798828,0.4053981900215149,0.6367088556289673,,,,,,
1.894811987876892,1.7546476125717163,3.789623975753784,1.9466956853866577,0.7108355164527893,0.8431106209754944,1.7492531538009644,263,263,,,,,,,,,,,,
,,,,,,,263,263,0.7781071066856384,1.0750219821929932,1.5562142133712769,1.2474831342697144,0.4005419611930847,0.6328838467597961,,,,,,
1.9282853603363037,1.765427827835083,3.8565711975097656,1.963815450668335,0.7398349642753601,0.8601365685462952,1.7492531538009644,264,264,,,,,,,,,,,,
,,,,,,,264,264,0.7780463099479675,1.0799481868743896,1.556092381477356,1.247434377670288,0.3898044228553772,0.62434321641922,,,,,,
1.882674217224121,1.751359462738037,3.765348434448242,1.9404505491256714,0.6980887651443481,0.8355170488357544,1.7492531538009644,265,265,,,,,,,,,,,,
,,,,,,,265,265,0.7807130813598633,1.0724319219589233,1.5614261627197266,1.249570369720459,0.4113159775733948,0.6413391828536987,,,,,,
1.9434247016906738,1.7708170413970947,3.8868494033813477,1.9715094566345215,0.7510569095611572,0.8666353821754456,1.7492531538009644,266,266,,,,,,,,,,,,
,,,,,,,266,266,0.7835282683372498,1.0891388654708862,1.5670568943023682,1.2518213987350464,0.38083329796791077,0.6171169281005859,,,,,,
1.8754980564117432,1.7490955591201782,3.750995635986328,1.936748743057251,0.6916606426239014,0.8316614031791687,1.7490955591201782,267,267,,,,,,,,,,,,
,,,,,,,267,267,0.7894551157951355,1.0758646726608276,1.578910231590271,1.256546974182129,0.421425461769104,0.6491729021072388,,,,,,
1.984948992729187,1.786435842514038,3.969897985458374,1.9924602508544922,0.7785449624061584,0.8823519349098206,1.7490955591201782,268,268,,,,,,,,,,,,
,,,,,,,268,268,0.8002452254295349,1.1095302104949951,1.6004905700683594,1.2651050090789795,0.3694332540035248,0.6078101992607117,,,,,,
1.888498306274414,1.7564448118209839,3.776996612548828,1.94344961643219,0.6918981671333313,0.8318041563034058,1.7490955591201782,269,269,,,,,,,,,,,,
,,,,,,,269,269,0.8159193992614746,1.0904674530029297,1.6318389177322388,1.2774344682693481,0.44271963834762573,0.6653717756271362,,,,,,
2.035351276397705,1.807755470275879,4.07070255279541,2.0175981521606445,0.8027228713035583,0.895948052406311,1.7490955591201782,270,270,,,,,,,,,,,,
,,,,,,,270,270,0.8341856002807617,1.1437797546386719,1.6683712005615234,1.2916544675827026,0.36013883352279663,0.6001156568527222,,,,,,
1.8941409587860107,1.7597053050994873,3.7882819175720215,1.9463509321212769,0.6917192339897156,0.831696629524231,1.7490955591201782,271,271,,,,,,,,,,,,
,,,,,,,271,271,0.850479781627655,1.1080663204193115,1.70095956325531,1.3042083978652954,0.47314852476119995,0.6878579258918762,,,,,,
1.9994133710861206,1.7933070659637451,3.998826503753662,1.9997066259384155,0.7828760147094727,0.8848028182983398,1.7490955591201782,272,272,,,,,,,,,,,,
,,,,,,,272,272,0.8483505249023438,1.1574233770370483,1.696700930595398,1.3025747537612915,0.3570721447467804,0.5975551605224609,,,,,,
1.873247742652893,1.74867582321167,3.7464957237243652,1.93558669090271,0.6886287927627563,0.8298366069793701,1.74867582321167,273,273,,,,,,,,,,,,
,,,,,,,273,273,0.8222124576568604,1.0918105840682983,1.6444250345230103,1.2823513746261597,0.4523744583129883,0.6725878715515137,,,,,,
1.9029399156570435,1.7555551528930664,3.805879592895508,1.9508663415908813,0.7239065766334534,0.8508269786834717,1.74867582321167,274,274,,,,,,,,,,,,
,,,,,,,274,274,0.7871124148368835,1.1008691787719727,1.574224829673767,1.25468111038208,0.36231210827827454,0.6019236445426941,,,,,,
1.912581443786621,1.7581918239593506,3.8251633644104004,1.9558024406433105,0.7339245080947876,0.8566939234733582,1.74867582321167,275,275,,,,,,,,,,,,
,,,,,,,275,275,0.7631306648254395,1.0615637302398682,1.526261329650879,1.235419511795044,0.3993437588214874,0.6319364905357361,,,,,,
1.8689477443695068,1.7461196184158325,3.7378952503204346,1.933363676071167,0.6889614462852478,0.830036997795105,1.7461196184158325,276,276,,,,,,,,,,,,
,,,,,,,276,276,0.7648652195930481,1.0607391595840454,1.529730200767517,1.2368226051330566,0.404562771320343,0.6360524892807007,,,,,,
1.970993995666504,1.78098726272583,3.941987991333008,1.9854440689086914,0.7700725793838501,0.8775377869606018,1.7461196184158325,277,277,,,,,,,,,,,,
,,,,,,,277,277,0.7839943766593933,1.0989291667938232,1.5679887533187866,1.252193570137024,0.3603435754776001,0.6002862453460693,,,,,,
1.8702423572540283,1.7497658729553223,3.7404847145080566,1.9340332746505737,0.6788040399551392,0.8238956332206726,1.7461196184158325,278,278,,,,,,,,,,,,
,,,,,,,278,278,0.8000849485397339,1.0784443616867065,1.6001696586608887,1.2649781703948975,0.4371277689933777,0.661156415939331,,,,,,
1.9708067178726196,1.7805299758911133,3.9416134357452393,1.9853496551513672,0.7713269591331482,0.8782522082328796,1.7461196184158325,279,279,,,,,,,,,,,,
,,,,,,,279,279,0.8096067905426025,1.1243257522583008,1.6192138195037842,1.2724833488464355,0.35510528087615967,0.5959070920944214,,,,,,
1.8629746437072754,1.745774269104004,3.7259490489959717,1.9302717447280884,0.6782212853431702,0.8235419392585754,1.745774269104004,280,280,,,,,,,,,,,,
,,,,,,,280,280,0.7960152626037598,1.076295018196106,1.5920302867889404,1.2617567777633667,0.43361949920654297,0.6584979295730591,,,,,,
1.897472620010376,1.7558847665786743,3.794945478439331,1.9480619430541992,0.7118139863014221,0.8436906933784485,1.745774269104004,281,281,,,,,,,,,,,,
,,,,,,,281,281,0.7730281949043274,1.0896601676940918,1.5460563898086548,1.2434051036834717,0.35869696736335754,0.5989131331443787,,,,,,
1.8960427045822144,1.7542554140090942,3.792085647583008,1.9473278522491455,0.7146738171577454,0.8453838229179382,1.745774269104004,282,282,,,,,,,,,,,,
,,,,,,,282,282,0.754767894744873,1.0532801151275635,1.509535789489746,1.228631615638733,0.4001367390155792,0.6325636506080627,,,,,,
1.866878867149353,1.7449145317077637,3.733757972717285,1.93229341506958,0.6890310049057007,0.8300788998603821,1.7449145317077637,283,283,,,,,,,,,,,,
,,,,,,,283,283,0.7502629160881042,1.0509982109069824,1.5005258321762085,1.2249594926834106,0.3959287405014038,0.6292287111282349,,,,,,
1.9396597146987915,1.7687742710113525,3.879319429397583,1.9695987701416016,0.7507571578025818,0.8664624094963074,1.7449145317077637,284,284,,,,,,,,,,,,
,,,,,,,284,284,0.7622150778770447,1.0779876708984375,1.5244301557540894,1.2346781492233276,0.362372487783432,0.601973831653595,,,,,,
1.8569841384887695,1.742713451385498,3.713968515396118,1.9271659851074219,0.6769184470176697,0.8227505087852478,1.742713451385498,285,285,,,,,,,,,,,,
,,,,,,,285,285,0.7710153460502625,1.0608514547348022,1.542030692100525,1.2417852878570557,0.4166249930858612,0.6454649567604065,,,,,,
1.9454416036605835,1.7700843811035156,3.890882968902588,1.9725321531295776,0.7576836943626404,0.8704502582550049,1.742713451385498,286,286,,,,,,,,,,,,
,,,,,,,286,286,0.7772378921508789,1.0947942733764648,1.5544759035110474,1.2467862367630005,0.3559013307094574,0.5965746641159058,,,,,,
1.865351676940918,1.7430083751678467,3.730703592300415,1.9315029382705688,0.6926247477531433,0.8322408199310303,1.742713451385498,287,287,,,,,,,,,,,,
,,,,,,,287,287,0.7693949937820435,1.06045663356781,1.538789987564087,1.2404797077178955,0.41422155499458313,0.6436004638671875,,,,,,
1.9014753103256226,1.7539619207382202,3.802950382232666,1.950115442276001,0.7265682220458984,0.8523896932601929,1.742713451385498,288,288,,,,,,,,,,,,
,,,,,,,288,288,0.758101224899292,1.0761181116104126,1.516202688217163,1.23134183883667,0.3581725060939789,0.5984751582145691,,,,,,
1.8684979677200317,1.7434775829315186,3.7369959354400635,1.9331310987472534,0.6972815990447998,0.8350338935852051,1.742713451385498,289,289,,,,,,,,,,,,
,,,,,,,289,289,0.7459354400634766,1.0469975471496582,1.4918708801269531,1.221421718597412,0.39566680788993835,0.6290205121040344,,,,,,
1.8624407052993774,1.7410191297531128,3.724881410598755,1.9299951791763306,0.6937340497970581,0.83290696144104,1.7410191297531128,290,290,,,,,,,,,,,,
,,,,,,,290,290,0.738406777381897,1.0495802164077759,1.476813554763794,1.2152421474456787,0.37519487738609314,0.6125315427780151,,,,,,
1.906180739402771,1.7541550397872925,3.812361240386963,1.9525269269943237,0.7353018522262573,0.8574974536895752,1.7410191297531128,291,291,,,,,,,,,,,,
,,,,,,,291,291,0.7389622926712036,1.0540016889572144,1.4779248237609863,1.215699315071106,0.36700499057769775,0.6058093905448914,,,,,,
1.8548012971878052,1.7397613525390625,3.7096023559570312,1.9260327816009521,0.6828325986862183,0.8263368606567383,1.7397613525390625,292,292,,,,,,,,,,,,
,,,,,,,292,292,0.7449653744697571,1.0458894968032837,1.4899307489395142,1.2206271886825562,0.3960459530353546,0.629321813583374,,,,,,
1.9495996236801147,1.771921992301941,3.8991990089416504,1.9746389389038086,0.7594912052154541,0.8714879155158997,1.7397613525390625,293,293,,,,,,,,,,,,
,,,,,,,293,293,0.7540010809898376,1.0751479864120483,1.5080024003982544,1.228007435798645,0.35205936431884766,0.5933458805084229,,,,,,
1.860755205154419,1.74508535861969,3.721510410308838,1.9291216135025024,0.6761875748634338,0.8223062753677368,1.7397613525390625,294,294,,,,,,,,,,,,
,,,,,,,294,294,0.7678778767585754,1.056552529335022,1.5357557535171509,1.2392561435699463,0.41945236921310425,0.6476514339447021,,,,,,
1.9869781732559204,1.7867827415466309,3.9739561080932617,1.9934784173965454,0.7813636660575867,0.8839477896690369,1.7397613525390625,295,295,,,,,,,,,,,,
,,,,,,,295,295,0.7814677953720093,1.1049443483352661,1.5629355907440186,1.2501741647720337,0.3420334756374359,0.5848363041877747,,,,,,
1.8628809452056885,1.7479337453842163,3.725762367248535,1.9302233457565308,0.6704896092414856,0.8188343048095703,1.7397613525390625,296,296,,,,,,,,,,,,
,,,,,,,296,296,0.7898191213607788,1.0690840482711792,1.5796382427215576,1.2568366527557373,0.4366975724697113,0.6608309745788574,,,,,,
1.9410611391067505,1.7707968950271606,3.882122039794922,1.970310091972351,0.7464009523391724,0.8639450073242188,1.7397613525390625,297,297,,,,,,,,,,,,
,,,,,,,297,297,0.7843815684318542,1.1095561981201172,1.5687631368637085,1.2525027990341187,0.33764809370040894,0.5810749530792236,,,,,,
1.8519151210784912,1.7405569553375244,3.7038300037384033,1.924533724784851,0.674291729927063,0.8211526870727539,1.7397613525390625,298,298,,,,,,,,,,,,
,,,,,,,298,298,0.7604373097419739,1.0493894815444946,1.5208746194839478,1.2332375049591064,0.41965633630752563,0.647808849811554,,,,,,
1.8774677515029907,1.7466044425964355,3.7549355030059814,1.9377655982971191,0.7043086290359497,0.8392309546470642,1.7397613525390625,299,299,,,,,,,,,,,,
,,,,,,,299,299,0.7380396127700806,1.0608807802200317,1.4760791063308716,1.2149399518966675,0.3506110906600952,0.5921242237091064,,,,,,
1.9011633396148682,1.7545868158340454,3.8023271560668945,1.949955701828003,0.7237520813941956,0.8507362008094788,1.7397613525390625,300,300,,,,,,,,,,,,
,,,,,,,300,300,0.7257117033004761,1.038553237915039,1.4514235258102417,1.204750418663025,0.3728307783603668,0.6105986833572388,,,,,,
1.8542771339416504,1.7416304349899292,3.70855450630188,1.9257607460021973,0.675277829170227,0.8217529058456421,1.7397613525390625,301,301,,,,,,,,,,,,
,,,,,,,301,301,0.7288292050361633,1.03511381149292,1.4576586484909058,1.207335352897644,0.38619765639305115,0.6214480400085449,,,,,,
1.9556539058685303,1.77458655834198,3.9113080501556396,1.9777027368545532,0.7621504068374634,0.8730122447013855,1.7397613525390625,302,302,,,,,,,,,,,,
,,,,,,,302,302,0.7418224811553955,1.066384196281433,1.483644962310791,1.2180496454238892,0.34646937251091003,0.5886164903640747,,,,,,
1.8653305768966675,1.7462297677993774,3.730661153793335,1.9314919710159302,0.681343138217926,0.8254351019859314,1.7397613525390625,303,303,,,,,,,,,,,,
,,,,,,,303,303,0.7567598819732666,1.0498427152633667,1.5135197639465332,1.2302519083023071,0.41134992241859436,0.641365647315979,,,,,,
1.9763065576553345,1.784416675567627,3.952613353729248,1.988118052482605,0.7684705853462219,0.8766245245933533,1.7397613525390625,304,304,,,,,,,,,,,,
,,,,,,,304,304,0.7693841457366943,1.0956043004989624,1.5387682914733887,1.2404710054397583,0.33841976523399353,0.5817385911941528,,,,,,
1.8582245111465454,1.7456649541854858,3.716449022293091,1.9278093576431274,0.6691032648086548,0.817987322807312,1.7397613525390625,305,305,,,,,,,,,,,,
,,,,,,,305,305,0.7667479515075684,1.0542492866516113,1.5334960222244263,1.2383440732955933,0.42205455899238586,0.6496572494506836,,,,,,
1.944603681564331,1.77121102809906,3.889207363128662,1.9721072912216187,0.7520188689231873,0.8671902418136597,1.7397613525390625,306,306,,,,,,,,,,,,
,,,,,,,306,306,0.7584845423698425,1.0855671167373657,1.516969084739685,1.2316529750823975,0.3385133445262909,0.5818189978599548,,,,,,
1.8590388298034668,1.7419525384902954,3.7180776596069336,1.9282317161560059,0.6836788654327393,0.8268487453460693,1.7397613525390625,307,307,,,,,,,,,,,,
,,,,,,,307,307,0.7421636581420898,1.039712905883789,1.4843271970748901,1.218329668045044,0.4033240079879761,0.635077953338623,,,,,,
1.8769447803497314,1.7462596893310547,3.7538902759552,1.9374958276748657,0.7044673562049866,0.8393255472183228,1.7397613525390625,308,308,,,,,,,,,,,,
,,,,,,,308,308,0.724037230014801,1.0500949621200562,1.448074460029602,1.203359603881836,0.34537503123283386,0.5876861810684204,,,,,,
1.8857327699661255,1.74885094165802,3.771465301513672,1.942026138305664,0.7129860520362854,0.844385027885437,1.7397613525390625,309,309,,,,,,,,,,,,
,,,,,,,309,309,0.7153084874153137,1.0293209552764893,1.4306169748306274,1.1960840225219727,0.3711153566837311,0.6091923713684082,,,,,,
1.8498103618621826,1.7378058433532715,3.6996207237243652,1.923439860343933,0.6796515583992004,0.8244098424911499,1.7378058433532715,310,310,,,,,,,,,,,,
,,,,,,,310,310,0.7159551978111267,1.0259648561477661,1.4319103956222534,1.1966246366500854,0.3793065845966339,0.615878701210022,,,,,,
1.9220514297485352,1.7615728378295898,3.8441028594970703,1.960638403892517,0.7409639358520508,0.8607926368713379,1.7378058433532715,311,311,,,,,,,,,,,,
,,,,,,,311,311,0.7239660620689392,1.0512701272964478,1.4479321241378784,1.2033004760742188,0.3427635133266449,0.5854600667953491,,,,,,
1.842291235923767,1.737539291381836,3.684582233428955,1.9195265769958496,0.6655395030975342,0.8158060312271118,1.737539291381836,312,312,,,,,,,,,,,,
,,,,,,,312,312,0.7327163815498352,1.0323561429977417,1.4654327630996704,1.2105505466461182,0.39967358112335205,0.6321974396705627,,,,,,
1.9421011209487915,1.7709344625473022,3.884202480316162,1.9708380699157715,0.7479934692382812,0.8648661375045776,1.737539291381836,313,313,,,,,,,,,,,,
,,,,,,,313,313,0.738832950592041,1.0690195560455322,1.477665662765503,1.2155927419662476,0.3348630964756012,0.5786735415458679,,,,,,
1.842947006225586,1.7384220361709595,3.685894012451172,1.9198682308197021,0.6637831330299377,0.814728856086731,1.737539291381836,314,314,,,,,,,,,,,,
,,,,,,,314,314,0.7425800561904907,1.0363588333129883,1.485159993171692,1.218671441078186,0.41112035512924194,0.6411866545677185,,,,,,
1.9290026426315308,1.7639230489730835,3.8580052852630615,1.964180588722229,0.7465807795524597,0.8640490770339966,1.737539291381836,315,315,,,,,,,,,,,,
,,,,,,,315,315,0.7379980087280273,1.069360375404358,1.4759960174560547,1.2149057388305664,0.3324645161628723,0.5765973329544067,,,,,,
1.844098448753357,1.7363150119781494,3.6881966590881348,1.9204678535461426,0.6734076142311096,0.8206141591072083,1.7363150119781494,316,316,,,,,,,,,,,,
,,,,,,,316,316,0.7309373021125793,1.0308605432510376,1.4618746042251587,1.2090801000595093,0.39920124411582947,0.631823718547821,,,,,,
1.8998887538909912,1.7540631294250488,3.7997772693634033,1.9493017196655273,0.7230396866798401,0.8503174185752869,1.7363150119781494,317,317,,,,,,,,,,,,
,,,,,,,317,317,0.7206546068191528,1.0518298149108887,1.4413092136383057,1.2005454301834106,0.3349631428718567,0.578760027885437,,,,,,
1.8548362255096436,1.7404741048812866,3.709672689437866,1.9260510206222534,0.6804224252700806,0.8248772025108337,1.7363150119781494,318,318,,,,,,,,,,,,
,,,,,,,318,318,0.7112584114074707,1.0206471681594849,1.4225168228149414,1.1926931142807007,0.3807961642742157,0.6170868277549744,,,,,,
1.8741331100463867,1.745956540107727,3.7482662200927734,1.9360439777374268,0.6999021172523499,0.8366015553474426,1.7363150119781494,319,319,,,,,,,,,,,,
,,,,,,,319,319,0.7039307355880737,1.0289208889007568,1.4078614711761475,1.1865333318710327,0.3491832911968231,0.5909173488616943,,,,,,
1.8759297132492065,1.7461259365081787,3.751859664916992,1.9369717836380005,0.7029039859771729,0.8383936882019043,1.7363150119781494,320,320,,,,,,,,,,,,
,,,,,,,320,320,0.7000835537910461,1.0188909769058228,1.4001671075820923,1.1832865476608276,0.36202821135520935,0.6016877889633179,,,,,,
1.8546550273895264,1.7401328086853027,3.7093100547790527,1.9259569644927979,0.6812483668327332,0.8253777027130127,1.7363150119781494,321,321,,,,,,,,,,,,
,,,,,,,321,321,0.6992738246917725,1.018359899520874,1.398547649383545,1.182602047920227,0.3614905774593353,0.601240873336792,,,,,,
1.889711856842041,1.7514941692352295,3.779423713684082,1.944074034690857,0.711691677570343,0.8436182141304016,1.7363150119781494,322,322,,,,,,,,,,,,
,,,,,,,322,322,0.6996555328369141,1.0269205570220947,1.399310827255249,1.182924747467041,0.34474506974220276,0.587149977684021,,,,,,
1.8414785861968994,1.736192226409912,3.682957172393799,1.9191032648086548,0.6685935258865356,0.8176757097244263,1.736192226409912,323,323,,,,,,,,,,,,
,,,,,,,323,323,0.7023836970329285,1.0132535696029663,1.404767394065857,1.1852288246154785,0.3780847489833832,0.6148859858512878,,,,,,
1.9355278015136719,1.7663006782531738,3.8710556030273438,1.967499852180481,0.7512370347976685,0.8667393326759338,1.736192226409912,324,324,,,,,,,,,,,,
,,,,,,,324,324,0.7078301310539246,1.0427733659744263,1.4156602621078491,1.1898151636123657,0.32828402519226074,0.5729607343673706,,,,,,
1.841306447982788,1.7375643253326416,3.682612895965576,1.919013500213623,0.6634824275970459,0.8145443201065063,1.736192226409912,325,325,,,,,,,,,,,,
,,,,,,,325,325,0.7211426496505737,1.0241951942443848,1.4422852993011475,1.2009518146514893,0.39330941438674927,0.6271438598632812,,,,,,
2.007127046585083,1.79640793800354,4.014254093170166,2.0035603046417236,0.7871730327606201,0.8872277140617371,1.736192226409912,326,326,,,,,,,,,,,,
,,,,,,,326,326,0.740138590335846,1.0760434865951538,1.480277180671692,1.2166664600372314,0.3224077820777893,0.5678096413612366,,,,,,
1.8645048141479492,1.747636318206787,3.7290096282958984,1.9310643672943115,0.6747769713401794,0.8214480876922607,1.736192226409912,327,327,,,,,,,,,,,,
,,,,,,,327,327,0.7681845426559448,1.0510289669036865,1.5363692045211792,1.2395036220550537,0.4317072927951813,0.6570443511009216,,,,,,
2.0395314693450928,1.8079735040664673,4.0790629386901855,2.0196690559387207,0.8102943301200867,0.9001635313034058,1.736192226409912,328,328,,,,,,,,,,,,
,,,,,,,328,328,0.7893378138542175,1.1210085153579712,1.5786758661270142,1.2564536333084106,0.3220156133174896,0.5674641728401184,,,,,,
1.8445192575454712,1.7409632205963135,3.6890385150909424,1.920686960220337,0.658085823059082,0.8112248778343201,1.736192226409912,329,329,,,,,,,,,,,,
,,,,,,,329,329,0.7850649952888489,1.0612022876739502,1.5701299905776978,1.253048300743103,0.4439796209335327,0.6663179397583008,,,,,,
1.9160802364349365,1.7609238624572754,3.832160472869873,1.9575904607772827,0.731306791305542,0.8551647663116455,1.736192226409912,330,330,,,,,,,,,,,,
,,,,,,,330,330,0.7454248070716858,1.0839016437530518,1.4908496141433716,1.221003532409668,0.3160068988800049,0.562144935131073,,,,,,
1.8664026260375977,1.7422226667404175,3.732804775238037,1.9320467710494995,0.697465181350708,0.8351438045501709,1.736192226409912,331,331,,,,,,,,,,,,
,,,,,,,331,331,0.7054718136787415,1.0130680799484253,1.4109433889389038,1.1878314018249512,0.3846365213394165,0.6201907396316528,,,,,,
1.8366070985794067,1.7329403162002563,3.6732139587402344,1.9165630340576172,0.6701323986053467,0.8186161518096924,1.7329403162002563,332,332,,,,,,,,,,,,
,,,,,,,332,332,0.6885110139846802,1.0123084783554077,1.37702214717865,1.1734658479690552,0.3522534966468811,0.5935094952583313,,,,,,
1.9513392448425293,1.7729812860488892,3.9026780128479004,1.9755196571350098,0.7592158913612366,0.8713299632072449,1.7329403162002563,333,333,,,,,,,,,,,,
,,,,,,,333,333,0.7016459703445435,1.0380330085754395,1.403291940689087,1.1846061944961548,0.32577943801879883,0.5707709193229675,,,,,,
1.8340617418289185,1.735654592514038,3.668123245239258,1.9152345657348633,0.6556264162063599,0.8097075819969177,1.7329403162002563,334,334,,,,,,,,,,,,
,,,,,,,334,334,0.7306713461875916,1.0280795097351074,1.461342692375183,1.2088600397109985,0.4043952226638794,0.6359207630157471,,,,,,
1.9647480249404907,1.7791976928710938,3.9294965267181396,1.9822957515716553,0.7639521956443787,0.8740435838699341,1.7329403162002563,335,335,,,,,,,,,,,,
,,,,,,,335,335,0.7466526031494141,1.084430456161499,1.4933053255081177,1.2220087051391602,0.31731563806533813,0.5633077621459961,,,,,,
1.829664707183838,1.7318130731582642,3.659329414367676,1.9129374027252197,0.6601530909538269,0.8124980330467224,1.7318130731582642,336,336,,,,,,,,,,,,
,,,,,,,336,336,0.7362152338027954,1.0308372974395752,1.4724303483963013,1.2134374380111694,0.4098048508167267,0.6401600241661072,,,,,,
1.8683675527572632,1.7434643507003784,3.7367348670959473,1.9330636262893677,0.6970670223236084,0.8349053859710693,1.7318130731582642,337,337,,,,,,,,,,,,
,,,,,,,337,337,0.7047891616821289,1.0425136089324951,1.4095782041549683,1.1872565746307373,0.32274335622787476,0.5681050419807434,,,,,,
1.8751226663589478,1.7459865808486938,3.7502450942993164,1.9365549087524414,0.7017761468887329,0.8377208113670349,1.7318130731582642,338,338,,,,,,,,,,,,
,,,,,,,338,338,0.6838029026985168,1.0021185874938965,1.3676055669784546,1.1694467067718506,0.3633638918399811,0.602796733379364,,,,,,
1.8372316360473633,1.7347114086151123,3.6744632720947266,1.916888952255249,0.665239155292511,0.8156219720840454,1.7318130731582642,339,339,,,,,,,,,,,,
,,,,,,,339,339,0.6831795573234558,1.0004301071166992,1.3663591146469116,1.1689136028289795,0.36549896001815796,0.6045650839805603,,,,,,
1.942135214805603,1.769707441329956,3.884270429611206,1.9708552360534668,0.7524064183235168,0.8674136400222778,1.7318130731582642,340,340,,,,,,,,,,,,
,,,,,,,340,340,0.6982793807983398,1.0367120504379272,1.3965588808059692,1.1817609071731567,0.3217868506908417,0.567262589931488,,,,,,
1.8304752111434937,1.7334171533584595,3.660950183868408,1.9133609533309937,0.6562151312828064,0.8100710511207581,1.7318130731582642,341,341,,,,,,,,,,,,
,,,,,,,341,341,0.7132694125175476,1.015153169631958,1.4265388250350952,1.1943780183792114,0.3960030972957611,0.6292877793312073,,,,,,
1.929937720298767,1.7652535438537598,3.859875202178955,1.9646564722061157,0.7437554001808167,0.8624125719070435,1.7318130731582642,342,342,,,,,,,,,,,,
,,,,,,,342,342,0.7146714925765991,1.0545822381973267,1.4293431043624878,1.1955513954162598,0.3171992599964142,0.5632044672966003,,,,,,
1.831585168838501,1.7317280769348145,3.663170337677002,1.9139410257339478,0.6642882823944092,0.815038800239563,1.7317280769348145,343,343,,,,,,,,,,,,
,,,,,,,343,343,0.7048344016075134,1.0094965696334839,1.4096688032150269,1.1872947216033936,0.39058536291122437,0.6249682903289795,,,,,,
1.8699815273284912,1.7428545951843262,3.7399632930755615,1.9338984489440918,0.7024209499359131,0.8381055593490601,1.7317280769348145,344,344,,,,,,,,,,,,
,,,,,,,344,344,0.6890814304351807,1.026594638824463,1.3781628608703613,1.1739518642425537,0.324266254901886,0.5694438219070435,,,,,,
1.8583574295043945,1.7397449016571045,3.71671462059021,1.9278782606124878,0.6900020241737366,0.8306636214256287,1.7317280769348145,345,345,,,,,,,,,,,,
,,,,,,,345,345,0.6757741570472717,0.9947332143783569,1.3515485525131226,1.1625611782073975,0.36205431818962097,0.6017094850540161,,,,,,
1.843795657157898,1.736031174659729,3.687591552734375,1.9203102588653564,0.6737870573997498,0.8208453059196472,1.7317280769348145,346,346,,,,,,,,,,,,
,,,,,,,346,346,0.6716899275779724,0.9975689649581909,1.3433798551559448,1.1590425968170166,0.3482360541820526,0.5901153087615967,,,,,,
1.9121567010879517,1.7594428062438965,3.8243136405944824,1.955585241317749,0.7286741733551025,0.853624165058136,1.7317280769348145,347,347,,,,,,,,,,,,
,,,,,,,347,347,0.6756629347801208,1.0100842714309692,1.3513258695602417,1.1624654531478882,0.3310559093952179,0.5753746032714844,,,,,,
1.833372712135315,1.7342567443847656,3.66674542427063,1.914874792098999,0.6590986251831055,0.8118488788604736,1.7317280769348145,348,348,,,,,,,,,,,,
,,,,,,,348,348,0.6852198243141174,0.9977271556854248,1.3704394102096558,1.1706576347351074,0.37497997283935547,0.6123560667037964,,,,,,
1.9457379579544067,1.7723528146743774,3.8914756774902344,1.9726823568344116,0.7502413392066956,0.8661647439002991,1.7317280769348145,349,349,,,,,,,,,,,,
,,,,,,,349,349,0.6969837546348572,1.0370523929595947,1.3939675092697144,1.1806640625,0.318489670753479,0.5643488764762878,,,,,,
1.8305171728134155,1.7331194877624512,3.661034345626831,1.9133830070495605,0.6573314070701599,0.8107597827911377,1.7317280769348145,350,350,,,,,,,,,,,,
,,,,,,,350,350,0.7061245441436768,1.0094788074493408,1.4122488498687744,1.1883807182312012,0.3932015895843506,0.6270579099655151,,,,,,
1.9455630779266357,1.7717247009277344,3.8911261558532715,1.9725937843322754,0.7521176934242249,0.8672471642494202,1.7317280769348145,351,351,,,,,,,,,,,,
,,,,,,,351,351,0.7098005414009094,1.053678035736084,1.4196009635925293,1.1914700269699097,0.30936399102211,0.5562049746513367,,,,,,
1.8300974369049072,1.731529712677002,3.6601948738098145,1.9131635427474976,0.6619998812675476,0.8136337399482727,1.731529712677002,352,352,,,,,,,,,,,,
,,,,,,,352,352,0.7040063142776489,1.0069712400436401,1.4080126285552979,1.1865971088409424,0.3940216302871704,0.6277114152908325,,,,,,
1.9032894372940063,1.7547764778137207,3.8065788745880127,1.9510456323623657,0.7273387312889099,0.8528415560722351,1.731529712677002,353,353,,,,,,,,,,,,
,,,,,,,353,353,0.6900033950805664,1.0330663919448853,1.3800066709518433,1.1747368574142456,0.3127802908420563,0.5592676401138306,,,,,,
1.845524787902832,1.736646056175232,3.691049575805664,1.9212104082107544,0.6751099228858948,0.8216507434844971,1.731529712677002,354,354,,,,,,,,,,,,
,,,,,,,354,354,0.6756254434585571,0.9912043809890747,1.3512508869171143,1.16243314743042,0.368764728307724,0.60725998878479,,,,,,
1.854116678237915,1.7388933897018433,3.70823335647583,1.9256774187088013,0.684483528137207,0.8273351788520813,1.731529712677002,355,355,,,,,,,,,,,,
,,,,,,,355,355,0.6653593182563782,1.0021567344665527,1.3307186365127563,1.1535677909851074,0.326400488615036,0.5713146924972534,,,,,,
1.8667995929718018,1.7421720027923584,3.7335991859436035,1.9322524070739746,0.6984355449676514,0.8357245922088623,1.731529712677002,356,356,,,,,,,,,,,,
,,,,,,,356,356,0.6611499786376953,0.989779531955719,1.3222997188568115,1.14991295337677,0.3426365256309509,0.5853516459465027,,,,,,
1.8320164680480957,1.731179118156433,3.6640329360961914,1.9141663312911987,0.6670519113540649,0.8167324662208557,1.731179118156433,357,357,,,,,,,,,,,,
,,,,,,,357,357,0.6620411276817322,0.9850471019744873,1.3240820169448853,1.150687575340271,0.3537643253803253,0.5947809219360352,,,,,,
1.9114606380462646,1.758193016052246,3.8229217529296875,1.9552292823791504,0.7316784858703613,0.8553820848464966,1.731179118156433,358,358,,,,,,,,,,,,
,,,,,,,358,358,0.6676406264305115,1.0071645975112915,1.335281252861023,1.1555436849594116,0.3209007978439331,0.5664810538291931,,,,,,
1.8323975801467896,1.7331103086471558,3.664795398712158,1.914365530014038,0.6611238121986389,0.813095211982727,1.731179118156433,359,359,,,,,,,,,,,,
,,,,,,,359,359,0.6776700615882874,0.990605354309082,1.3553398847579956,1.164190649986267,0.3740408718585968,0.6115888357162476,,,,,,
1.9784677028656006,1.7842800617218018,3.956935167312622,1.9892046451568604,0.7732796669006348,0.8793632388114929,1.731179118156433,360,360,,,,,,,,,,,,
,,,,,,,360,360,0.6942387819290161,1.0375901460647583,1.3884774446487427,1.1783367395401,0.3118842840194702,0.5584660172462463,,,,,,
1.8246676921844482,1.7324713468551636,3.6493351459503174,1.9103232622146606,0.647878110408783,0.8049087524414062,1.731179118156433,361,361,,,,,,,,,,,,
,,,,,,,361,361,0.7104918360710144,1.0107166767120361,1.4209835529327393,1.1920500993728638,0.3994356691837311,0.6320092082023621,,,,,,
1.9788670539855957,1.7839692831039429,3.957733631134033,1.9894053936004639,0.7751880288124084,0.8804476261138916,1.731179118156433,362,362,,,,,,,,,,,,
,,,,,,,362,362,0.7228753566741943,1.0682806968688965,1.4457505941390991,1.202393651008606,0.30452704429626465,0.5518397092819214,,,,,,
1.8281168937683105,1.7315564155578613,3.656233787536621,1.9121280908584595,0.6579462885856628,0.8111388683319092,1.731179118156433,363,363,,,,,,,,,,,,
,,,,,,,363,363,0.7227112054824829,1.0172725915908813,1.4454224109649658,1.2022571563720703,0.410579115152359,0.6407644748687744,,,,,,
1.9191519021987915,1.761292815208435,3.838303804397583,1.9591588973999023,0.7361509203910828,0.8579923510551453,1.731179118156433,364,364,,,,,,,,,,,,
,,,,,,,364,364,0.7028131484985352,1.0508596897125244,1.4056262969970703,1.1855911016464233,0.30131998658180237,0.5489262342453003,,,,,,
1.8439669609069824,1.736505150794983,3.687933921813965,1.9203994274139404,0.6724836826324463,0.8200510144233704,1.731179118156433,365,365,,,,,,,,,,,,
,,,,,,,365,365,0.6756195425987244,0.9875660538673401,1.3512392044067383,1.1624281406402588,0.3759523928165436,0.6131495833396912,,,,,,
1.8484994173049927,1.7372491359710693,3.6969988346099854,1.9227581024169922,0.6789646744728088,0.8239931464195251,1.731179118156433,366,366,,,,,,,,,,,,
,,,,,,,366,366,0.6571760773658752,0.993482768535614,1.31435227394104,1.1464520692825317,0.32734426856040955,0.572140097618103,,,,,,
1.9070299863815308,1.7567431926727295,3.8140599727630615,1.952961802482605,0.7279132604598999,0.8531783223152161,1.731179118156433,367,367,,,,,,,,,,,,
,,,,,,,367,367,0.651683509349823,0.9863404035568237,1.303367018699646,1.1416510343551636,0.33049970865249634,0.5748910307884216,,,,,,
1.8287742137908936,1.7329120635986328,3.657548427581787,1.9124717712402344,0.6545644402503967,0.8090515732765198,1.731179118156433,368,368,,,,,,,,,,,,
,,,,,,,368,368,0.6643235683441162,0.9804189801216125,1.328647255897522,1.1526696681976318,0.367425799369812,0.606156587600708,,,,,,
1.954925775527954,1.7758212089538574,3.9098517894744873,1.9773344993591309,0.756310760974884,0.869661271572113,1.731179118156433,369,369,,,,,,,,,,,,
,,,,,,,369,369,0.6869909763336182,1.0330561399459839,1.3739820718765259,1.172169804573059,0.3067771792411804,0.553874671459198,,,,,,
1.8299230337142944,1.7346534729003906,3.659846067428589,1.9130724668502808,0.6508235931396484,0.806736409664154,1.731179118156433,370,370,,,,,,,,,,,,
,,,,,,,370,370,0.6970062255859375,0.9979321360588074,1.394012451171875,1.1806830167770386,0.3981441557407379,0.6309866309165955,,,,,,
1.9596307277679443,1.7773005962371826,3.9192609786987305,1.9797123670578003,0.7604634165763855,0.8720455169677734,1.731179118156433,371,371,,,,,,,,,,,,
,,,,,,,371,371,0.7020979523658752,1.0499825477600098,1.4041959047317505,1.1849876642227173,0.3017325699329376,0.5493019223213196,,,,,,
1.8163589239120483,1.7281986474990845,3.6327176094055176,1.9059689044952393,0.6460469365119934,0.8037704229354858,1.7281986474990845,372,372,,,,,,,,,,,,
,,,,,,,372,372,0.6913249492645264,0.9960085153579712,1.3826498985290527,1.1758613586425781,0.3906169533729553,0.6249935626983643,,,,,,
1.8700358867645264,1.7431668043136597,3.740072250366211,1.9339265823364258,0.701441764831543,0.8375211954116821,1.7281986474990845,373,373,,,,,,,,,,,,
,,,,,,,373,373,0.6694655418395996,1.0153789520263672,1.3389310836791992,1.1571218967437744,0.30793681740760803,0.5549205541610718,,,,,,
1.8407413959503174,1.732698917388916,3.6814827919006348,1.9187190532684326,0.6792373657226562,0.8241586089134216,1.7281986474990845,374,374,,,,,,,,,,,,
,,,,,,,374,374,0.650473952293396,0.9707013964653015,1.3009477853775024,1.140591025352478,0.35868656635284424,0.5989044904708862,,,,,,
1.8218767642974854,1.726807951927185,3.643754005432129,1.9088619947433472,0.6618878245353699,0.8135648965835571,1.726807951927185,375,375,,,,,,,,,,,,
,,,,,,,375,375,0.644258975982666,0.9783418774604797,1.288517713546753,1.1351289749145508,0.33136484026908875,0.575643002986908,,,,,,
1.8792129755020142,1.7467098236083984,3.7584259510040283,1.9386659860610962,0.7074307799339294,0.8410890698432922,1.726807951927185,376,376,,,,,,,,,,,,
,,,,,,,376,376,0.643604576587677,0.9832320809364319,1.287208914756775,1.134552240371704,0.32046377658843994,0.5660951733589172,,,,,,
1.8272207975387573,1.7312084436416626,3.6544418334960938,1.9116594791412354,0.6573587656021118,0.8107766509056091,1.726807951927185,377,377,,,,,,,,,,,,
,,,,,,,377,377,0.6493773460388184,0.9676169157028198,1.2987546920776367,1.1396292448043823,0.3624720573425293,0.6020565032958984,,,,,,
1.9309450387954712,1.7660176753997803,3.8618903160095215,1.9651693105697632,0.7430722117424011,0.8620163798332214,1.726807951927185,378,378,,,,,,,,,,,,
,,,,,,,378,378,0.6580052375793457,1.0033282041549683,1.3160104751586914,1.1471749544143677,0.309343159198761,0.5561862587928772,,,,,,
1.8073182106018066,1.725057601928711,3.6146364212036133,1.9012197256088257,0.6388123035430908,0.7992573380470276,1.725057601928711,379,379,,,,,,,,,,,,
,,,,,,,379,379,0.6665103435516357,0.97902512550354,1.3330209255218506,1.1545652151107788,0.3745306134223938,0.6119890809059143,,,,,,
1.9352805614471436,1.7669463157653809,3.870560646057129,1.9673740863800049,0.7484616637229919,0.8651368021965027,1.725057601928711,380,380,,,,,,,,,,,,
,,,,,,,380,380,0.675331175327301,1.0240639448165894,1.350662350654602,1.162179946899414,0.3019551634788513,0.5495044589042664,,,,,,
1.8315787315368652,1.7325890064239502,3.6631577014923096,1.9139378070831299,0.6612932682037354,0.8131994009017944,1.725057601928711,381,381,,,,,,,,,,,,
,,,,,,,381,381,0.6777188181877136,0.9848706722259521,1.3554376363754272,1.164232611656189,0.3854672312736511,0.6208600997924805,,,,,,
1.9204127788543701,1.7619261741638184,3.8408255577087402,1.9598023891448975,0.7364417910575867,0.8581618666648865,1.725057601928711,382,382,,,,,,,,,,,,
,,,,,,,382,382,0.6734756827354431,1.0244967937469482,1.3469513654708862,1.1605823040008545,0.2973576486110687,0.545305073261261,,,,,,
1.8317453861236572,1.733389973640442,3.6634907722473145,1.9140247106552124,0.6588503122329712,0.81169593334198,1.725057601928711,383,383,,,,,,,,,,,,
,,,,,,,383,383,0.6578961610794067,0.971706748008728,1.3157923221588135,1.1470799446105957,0.37157824635505676,0.609572172164917,,,,,,
1.8752020597457886,1.7455191612243652,3.7504043579101562,1.9365960359573364,0.7035673260688782,0.8387892246246338,1.725057601928711,384,384,,,,,,,,,,,,
,,,,,,,384,384,0.6461532711982727,0.9921698570251465,1.292306661605835,1.1367967128753662,0.30790552496910095,0.554892361164093,,,,,,
1.8514524698257446,1.736135482788086,3.7029049396514893,1.9242933988571167,0.6887386441230774,0.8299027681350708,1.725057601928711,385,385,,,,,,,,,,,,
,,,,,,,385,385,0.6354168057441711,0.9630998969078064,1.2708337306976318,1.1273126602172852,0.34327229857444763,0.5858944654464722,,,,,,
1.8129312992095947,1.7242217063903809,3.6258625984191895,1.9041697978973389,0.6529219746589661,0.8080358505249023,1.7242217063903809,386,386,,,,,,,,,,,,
,,,,,,,386,386,0.63169926404953,0.9641355276107788,1.263398289680481,1.1240099668502808,0.33384084701538086,0.5777896046638489,,,,,,
1.8912032842636108,1.7507851123809814,3.7824063301086426,1.944840908050537,0.7171580195426941,0.8468518257141113,1.7242217063903809,387,387,,,,,,,,,,,,
,,,,,,,387,387,0.6363682150840759,0.9812434911727905,1.2727364301681519,1.1281561851501465,0.3098975419998169,0.5566844344139099,,,,,,
1.8371293544769287,1.735555648803711,3.6742584705352783,1.9168355464935303,0.6621057391166687,0.8136988282203674,1.7242217063903809,388,388,,,,,,,,,,,,
,,,,,,,388,388,0.6415114402770996,0.9625182747840881,1.2830229997634888,1.1327060461044312,0.3565816283226013,0.5971445441246033,,,,,,
1.938098669052124,1.7702349424362183,3.876197099685669,1.9688060283660889,0.742465615272522,0.8616644740104675,1.7242217063903809,389,389,,,,,,,,,,,,
,,,,,,,389,389,0.650420606136322,0.9989731907844543,1.3008413314819336,1.1405442953109741,0.302893728017807,0.5503578186035156,,,,,,
1.8185980319976807,1.729856014251709,3.6371960639953613,1.907143473625183,0.6447939872741699,0.8029906749725342,1.7242217063903809,390,390,,,,,,,,,,,,
,,,,,,,390,390,0.6549882888793945,0.9701431393623352,1.309976577758789,1.1445420980453491,0.368799090385437,0.6072883009910583,,,,,,
1.9466936588287354,1.7711379528045654,3.8933873176574707,1.973166823387146,0.7564578652381897,0.8697458505630493,1.7242217063903809,391,391,,,,,,,,,,,,
,,,,,,,391,391,0.6622275114059448,1.0122984647750854,1.3244550228118896,1.15084969997406,0.29970672726631165,0.5474547743797302,,,,,,
1.8285268545150757,1.7305524349212646,3.6570539474487305,1.9123425483703613,0.6622422933578491,0.8137826919555664,1.7242217063903809,392,392,,,,,,,,,,,,
,,,,,,,392,392,0.6664636135101318,0.977936863899231,1.3329271078109741,1.154524564743042,0.37656664848327637,0.6136502623558044,,,,,,
1.9331018924713135,1.7653164863586426,3.866203546524048,1.966266393661499,0.7498615980148315,0.8659455180168152,1.7242217063903809,393,393,,,,,,,,,,,,
,,,,,,,393,393,0.6700447201728821,1.0215469598770142,1.3400896787643433,1.1576224565505981,0.2965313196182251,0.544546902179718,,,,,,
1.817690372467041,1.7281749248504639,3.635380744934082,1.9066674709320068,0.6487922072410583,0.8054763674736023,1.7242217063903809,394,394,,,,,,,,,,,,
,,,,,,,394,394,0.6594626903533936,0.9711354970932007,1.318925380706787,1.1484447717666626,0.3758213222026825,0.6130426526069641,,,,,,
1.9029890298843384,1.755187749862671,3.8059780597686768,1.9508916139602661,0.725294291973114,0.8516421318054199,1.7242217063903809,395,395,,,,,,,,,,,,
,,,,,,,395,395,0.6513649225234985,1.002182126045227,1.302729845046997,1.1413719654083252,0.2983611226081848,0.5462244153022766,,,,,,
1.8282160758972168,1.729276418685913,3.6564321517944336,1.912179946899414,0.6660346984863281,0.8161094784736633,1.7242217063903809,396,396,,,,,,,,,,,,
,,,,,,,396,396,0.6359989643096924,0.9561263918876648,1.2719979286193848,1.12782883644104,0.3578203022480011,0.5981808304786682,,,,,,
1.8301347494125366,1.7283906936645508,3.660269260406494,1.9131829738616943,0.6729348301887512,0.820326030254364,1.7242217063903809,397,397,,,,,,,,,,,,
,,,,,,,397,397,0.6250519156455994,0.9688621759414673,1.2501039505004883,1.118080496788025,0.311410129070282,0.5580413341522217,,,,,,
1.8678808212280273,1.7417632341384888,3.735762119293213,1.932811975479126,0.7020224332809448,0.837867796421051,1.7242217063903809,398,398,,,,,,,,,,,,
,,,,,,,398,398,0.6209733486175537,0.9566798210144043,1.2419465780258179,1.114426612854004,0.3267102837562561,0.5715857744216919,,,,,,
1.8281444311141968,1.730696439743042,3.6562886238098145,1.9121423959732056,0.6609782576560974,0.8130056858062744,1.7242217063903809,399,399,,,,,,,,,,,,
,,,,,,,399,399,0.622246503829956,0.9509209990501404,1.244493007659912,1.1155685186386108,0.3402422070503235,0.5833028554916382,,,,,,
1.9224871397018433,1.7632042169570923,3.8449742794036865,1.9608606100082397,0.7360845804214478,0.8579537272453308,1.7242217063903809,400,400,,,,,,,,,,,,
,,,,,,,400,400,0.6306452751159668,0.9812759160995483,1.2612905502319336,1.1230719089508057,0.2983883023262024,0.5462493300437927,,,,,,
1.8199056386947632,1.7290258407592773,3.6398112773895264,1.9078289270401,0.6502806544303894,0.8063998222351074,1.7242217063903809,401,401,,,,,,,,,,,,
,,,,,,,401,401,0.6401683688163757,0.9602707028388977,1.280336856842041,1.1315196752548218,0.3582170605659485,0.5985123515129089,,,,,,
1.970750093460083,1.7800503969192505,3.941500186920166,1.9853211641311646,0.7729211449623108,0.8791593313217163,1.7242217063903809,402,402,,,,,,,,,,,,
,,,,,,,402,402,0.6529846787452698,1.0100092887878418,1.3059693574905396,1.1427901983261108,0.2858505845069885,0.5346499681472778,,,,,,
1.820611596107483,1.7289009094238281,3.641223192214966,1.9081989526748657,0.6521247625350952,0.8075424432754517,1.7242217063903809,403,403,,,,,,,,,,,,
,,,,,,,403,403,0.6632091999053955,0.9754800796508789,1.326418161392212,1.1517022848129272,0.37485694885253906,0.6122556328773499,,,,,,
1.9646799564361572,1.777980923652649,3.9293594360351562,1.9822611808776855,0.7681428790092468,0.8764376044273376,1.7242217063903809,404,404,,,,,,,,,,,,
,,,,,,,404,404,0.6695865988731384,1.0248279571533203,1.3391731977462769,1.1572265625,0.2889010012149811,0.5374951362609863,,,,,,
1.8314343690872192,1.7309167385101318,3.6628684997558594,1.9138622283935547,0.6667960286140442,0.8165757656097412,1.7242217063903809,405,405,,,,,,,,,,,,
,,,,,,,405,405,0.6725823879241943,0.9802977442741394,1.3451647758483887,1.159812331199646,0.3841811418533325,0.6198234558105469,,,,,,
1.9491273164749146,1.7712461948394775,3.898254632949829,1.9743998050689697,0.7609418630599976,0.8723198175430298,1.7242217063903809,406,406,,,,,,,,,,,,
,,,,,,,406,406,0.672627866268158,1.0273913145065308,1.3452558517456055,1.1598516702651978,0.28972288966178894,0.5382591485977173,,,,,,
,,,,,,,386,407,,,,,,,2.5320279598236084,1.8193237781524658,5.064055919647217,2.2503457069396973,1.7541178464889526,1.3244311809539795
