val/loss,val/mean_error,val/mean_mse,val/mean_rmse,val/mean_variance,val/mean_std,val/mean_error_best,epoch,step,train/loss,train/mean_error,train/mean_mse,train/mean_rmse,train/mean_variance,train/mean_std,test/loss,test/mean_error,test/mean_mse,test/mean_rmse,test/mean_variance,test/mean_std
56.38920593261719,9.738228797912598,112.77841186523438,10.619717597961426,17.945302963256836,4.236189842224121,9.738228797912598,0,0,,,,,,,,,,,,
,,,,,,,0,0,50.78150177001953,9.281174659729004,101.56300354003906,10.077847480773926,15.422804832458496,3.927187919616699,,,,,,
54.760066986083984,9.584090232849121,109.5201416015625,10.465187072753906,17.665361404418945,4.2030181884765625,9.584090232849121,1,1,,,,,,,,,,,,
,,,,,,,1,1,49.1633186340332,9.111332893371582,98.32664489746094,9.915979385375977,15.310253143310547,3.9128317832946777,,,,,,
53.09272766113281,9.424837112426758,106.18545532226562,10.304633140563965,17.357891082763672,4.166280269622803,9.424837112426758,2,2,,,,,,,,,,,,
,,,,,,,2,2,47.598297119140625,8.947324752807617,95.19657897949219,9.75687313079834,15.141969680786133,3.891268491744995,,,,,,
51.542762756347656,9.275723457336426,103.08552551269531,10.153103828430176,17.04647445678711,4.128737449645996,9.275723457336426,3,3,,,,,,,,,,,,
,,,,,,,3,3,45.99473571777344,8.777552604675293,91.98945617675781,9.591113090515137,14.944026947021484,3.865750551223755,,,,,,
50.04779815673828,9.130355834960938,100.0956039428711,10.004778861999512,16.732213973999023,4.090502738952637,9.130355834960938,4,4,,,,,,,,,,,,
,,,,,,,4,4,44.50379180908203,8.618501663208008,89.007568359375,9.434382438659668,14.728996276855469,3.8378374576568604,,,,,,
48.7083854675293,8.998798370361328,97.41677856445312,9.869994163513184,16.43840980529785,4.054430961608887,8.998798370361328,5,5,,,,,,,,,,,,
,,,,,,,5,5,43.06892395019531,8.464465141296387,86.13783264160156,9.281046867370605,14.490659713745117,3.8066599369049072,,,,,,
47.48442840576172,8.877570152282715,94.96885681152344,9.745196342468262,16.157608032226562,4.019652843475342,8.877570152282715,6,6,,,,,,,,,,,,
,,,,,,,6,6,41.785728454589844,8.326108932495117,83.57147216796875,9.141743659973145,14.247364044189453,3.7745680809020996,,,,,,
46.354190826416016,8.76519775390625,92.70838928222656,9.628520011901855,15.8796968460083,3.984933614730835,8.76519775390625,7,7,,,,,,,,,,,,
,,,,,,,7,7,40.613712310791016,8.19879150390625,81.22742462158203,9.012625694274902,14.007243156433105,3.7426252365112305,,,,,,
45.30807876586914,8.660825729370117,90.61616516113281,9.51925277709961,15.606256484985352,3.9504754543304443,8.660825729370117,8,8,,,,,,,,,,,,
,,,,,,,8,8,39.53322219848633,8.080608367919922,79.06645202636719,8.891931533813477,13.770222663879395,3.710824966430664,,,,,,
44.33111572265625,8.562981605529785,88.66223907470703,9.416062355041504,15.337581634521484,3.9163224697113037,8.562981605529785,9,9,,,,,,,,,,,,
,,,,,,,9,9,38.53436279296875,7.9707465171813965,77.06871032714844,8.778878211975098,13.53592300415039,3.679119825363159,,,,,,
43.35730743408203,8.464640617370605,86.71461486816406,9.312067985534668,15.064481735229492,3.8812990188598633,8.464640617370605,10,10,,,,,,,,,,,,
,,,,,,,10,10,37.6024169921875,7.867703437805176,75.20484924316406,8.672073364257812,13.304069519042969,3.6474742889404297,,,,,,
42.42869567871094,8.370261192321777,84.85739135742188,9.211807250976562,14.796133041381836,3.846574306488037,8.370261192321777,11,11,,,,,,,,,,,,
,,,,,,,11,11,36.67411422729492,7.764340877532959,73.34823608398438,8.564358711242676,13.063243865966797,3.6143109798431396,,,,,,
41.53413391113281,8.278711318969727,83.06827545166016,9.114179611206055,14.531211853027344,3.8119826316833496,8.278711318969727,12,12,,,,,,,,,,,,
,,,,,,,12,12,35.78889083862305,7.6653876304626465,71.5777816772461,8.460365295410156,12.81962776184082,3.5804507732391357,,,,,,
40.613739013671875,8.183686256408691,81.22747802734375,9.012628555297852,14.254745483398438,3.775545835494995,8.183686256408691,13,13,,,,,,,,,,,,
,,,,,,,13,13,34.938232421875,7.570528507232666,69.87647247314453,8.359214782714844,12.563570022583008,3.5445127487182617,,,,,,
39.71141815185547,8.089927673339844,79.4228515625,8.91195011138916,13.97591495513916,3.7384374141693115,8.089927673339844,14,14,,,,,,,,,,,,
,,,,,,,14,14,34.065711975097656,7.473655700683594,68.13141632080078,8.254176139831543,12.275885581970215,3.5036959648132324,,,,,,
38.83218002319336,7.99783182144165,77.66435241699219,8.812738418579102,13.699044227600098,3.7012219429016113,7.99783182144165,15,15,,,,,,,,,,,,
,,,,,,,15,15,33.21204376220703,7.378934383392334,66.4240951538086,8.150097846984863,11.97541332244873,3.4605510234832764,,,,,,
37.964393615722656,7.9063029289245605,75.92877960205078,8.713711738586426,13.419157981872559,3.6632168292999268,7.9063029289245605,16,16,,,,,,,,,,,,
,,,,,,,16,16,32.38107681274414,7.286329746246338,64.76215362548828,8.047493934631348,11.671558380126953,3.4163663387298584,,,,,,
37.11112594604492,7.815786361694336,74.22225189208984,8.615233421325684,13.135725021362305,3.624324083328247,7.815786361694336,17,17,,,,,,,,,,,,
,,,,,,,17,17,31.562868118286133,7.194786548614502,63.12574005126953,7.945170879364014,11.360779762268066,3.3705756664276123,,,,,,
36.2673454284668,7.725716590881348,72.53469848632812,8.516730308532715,12.84799861907959,3.5844104290008545,7.725716590881348,18,18,,,,,,,,,,,,
,,,,,,,18,18,30.759546279907227,7.104532241821289,61.51909255981445,7.843410968780518,11.04471206665039,3.3233585357666016,,,,,,
35.434043884277344,7.63628625869751,70.86809539794922,8.418318748474121,12.555215835571289,3.5433340072631836,7.63628625869751,19,19,,,,,,,,,,,,
,,,,,,,19,19,29.96680450439453,7.014996528625488,59.9336051940918,7.741679668426514,10.72342586517334,3.2746641635894775,,,,,,
34.606197357177734,7.546930313110352,69.21239471435547,8.319398880004883,12.256247520446777,3.500892400741577,7.546930313110352,20,20,,,,,,,,,,,,
,,,,,,,20,20,29.185415267944336,6.9263224601745605,58.37083053588867,7.640080451965332,10.396889686584473,3.2244207859039307,,,,,,
33.785362243652344,7.4579596519470215,67.57071685791016,8.22014045715332,11.949555397033691,3.456812858581543,7.4579596519470215,21,21,,,,,,,,,,,,
,,,,,,,21,21,28.410551071166992,6.837839603424072,56.82110595703125,7.537977695465088,10.065053939819336,3.172546863555908,,,,,,
32.97333526611328,7.3715033531188965,65.94667053222656,8.120755195617676,11.607604026794434,3.4069933891296387,7.3715033531188965,22,22,,,,,,,,,,,,
,,,,,,,22,22,27.64394760131836,6.749675750732422,55.287899017333984,7.435583114624023,9.729780197143555,3.1192595958709717,,,,,,
32.16976547241211,7.285666465759277,64.33953857421875,8.021193504333496,11.258594512939453,3.3553829193115234,7.285666465759277,23,23,,,,,,,,,,,,
,,,,,,,23,23,26.887338638305664,6.662034511566162,53.774681091308594,7.333122253417969,9.391971588134766,3.0646324157714844,,,,,,
31.37820053100586,7.20070219039917,62.75639724731445,7.92189359664917,10.906290054321289,3.3024673461914062,7.20070219039917,24,24,,,,,,,,,,,,
,,,,,,,24,24,26.140634536743164,6.574854850769043,52.28126907348633,7.230578899383545,9.052546501159668,3.008744955062866,,,,,,
30.600196838378906,7.116832733154297,61.20039749145508,7.823068141937256,10.551092147827148,3.248244524002075,7.116832733154297,25,25,,,,,,,,,,,,
,,,,,,,25,25,25.407176971435547,6.488597869873047,50.814353942871094,7.128418922424316,8.712453842163086,2.9516866207122803,,,,,,
29.837411880493164,7.034296035766602,59.67482376098633,7.724947929382324,10.193506240844727,3.1927270889282227,7.034296035766602,26,26,,,,,,,,,,,,
,,,,,,,26,26,24.68853759765625,6.403483867645264,49.3770751953125,7.026882171630859,8.372467041015625,2.893521547317505,,,,,,
29.091712951660156,6.9533162117004395,58.18342590332031,7.627806186676025,9.83482551574707,3.1360526084899902,6.9533162117004395,27,27,,,,,,,,,,,,
,,,,,,,27,27,23.986360549926758,6.319735527038574,47.97272491455078,6.926234722137451,8.033662796020508,2.834371566772461,,,,,,
28.365188598632812,6.874105453491211,56.73037338256836,7.531956672668457,9.477051734924316,3.078482151031494,6.874105453491211,28,28,,,,,,,,,,,,
,,,,,,,28,28,23.30249786376953,6.237539291381836,46.60499572753906,6.826785087585449,7.698094844818115,2.7745440006256104,,,,,,
27.66016387939453,6.796901226043701,55.32032775878906,7.437763690948486,9.122459411621094,3.020340919494629,6.796901226043701,29,29,,,,,,,,,,,,
,,,,,,,29,29,22.63901710510254,6.157052993774414,45.27803421020508,6.728895664215088,7.368728160858154,2.7145402431488037,,,,,,
26.979238510131836,6.721998691558838,53.958473205566406,7.345643043518066,8.773200988769531,2.961958885192871,6.721998691558838,30,30,,,,,,,,,,,,
,,,,,,,30,30,21.998193740844727,6.078493595123291,43.99638748168945,6.632977485656738,7.048299312591553,2.6548633575439453,,,,,,
26.32510757446289,6.649740695953369,52.65021896362305,7.256047248840332,8.431164741516113,2.90364670753479,6.649740695953369,31,31,,,,,,,,,,,,
,,,,,,,31,31,21.382551193237305,6.005598068237305,42.76510238647461,6.53950309753418,6.6978888511657715,2.5880279541015625,,,,,,
25.70040512084961,6.580492973327637,51.40080642700195,7.169435501098633,8.097925186157227,2.8456854820251465,6.580492973327637,32,32,,,,,,,,,,,,
,,,,,,,32,32,20.794679641723633,5.935588836669922,41.589359283447266,6.448981285095215,6.358145713806152,2.521536350250244,,,,,,
25.106138229370117,6.514415740966797,50.21227264404297,7.086061954498291,7.77466344833374,2.7883083820343018,6.514415740966797,33,33,,,,,,,,,,,,
,,,,,,,33,33,20.237085342407227,5.868513107299805,40.47417068481445,6.361931324005127,6.034719467163086,2.456566572189331,,,,,,
24.539710998535156,6.451277256011963,49.07941818237305,7.005670547485352,7.460439682006836,2.7313804626464844,6.451277256011963,34,34,,,,,,,,,,,,
,,,,,,,34,34,19.71084213256836,5.804596424102783,39.42168045043945,6.2786688804626465,5.7283477783203125,2.3933966159820557,,,,,,
24.007770538330078,6.3917341232299805,48.015541076660156,6.929324626922607,7.161266803741455,2.6760542392730713,6.3917341232299805,35,35,,,,,,,,,,,,
,,,,,,,35,35,19.213842391967773,5.743715286254883,38.42768478393555,6.1990065574646,5.437419414520264,2.331827402114868,,,,,,
23.5130672454834,6.3360066413879395,47.02614212036133,6.857561111450195,6.88115930557251,2.6231963634490967,6.3360066413879395,36,36,,,,,,,,,,,,
,,,,,,,36,36,18.752046585083008,5.686582565307617,37.50408935546875,6.124058246612549,5.166870594024658,2.2730751037597656,,,,,,
23.0579833984375,6.286531925201416,46.115966796875,6.790874004364014,6.595480442047119,2.568166732788086,6.286531925201416,37,37,,,,,,,,,,,,
,,,,,,,37,37,18.327911376953125,5.6334919929504395,36.65582275390625,6.054405212402344,4.919588565826416,2.2180144786834717,,,,,,
22.64321517944336,6.242070198059082,45.28643035888672,6.729519367218018,6.322980880737305,2.5145537853240967,6.242070198059082,38,38,,,,,,,,,,,,
,,,,,,,38,38,17.943485260009766,5.584733963012695,35.88697052001953,5.990573406219482,4.6977219581604,2.1674227714538574,,,,,,
22.270469665527344,6.201948165893555,44.540931701660156,6.673899173736572,6.076770305633545,2.4651105403900146,6.201948165893555,39,39,,,,,,,,,,,,
,,,,,,,39,39,17.599294662475586,5.540459156036377,35.19859313964844,5.932840347290039,4.501898288726807,2.12176775932312,,,,,,
21.93975830078125,6.166245460510254,43.8795166015625,6.624161720275879,5.856933116912842,2.4201102256774902,6.166245460510254,40,40,,,,,,,,,,,,
,,,,,,,40,40,17.2966251373291,5.500998020172119,34.59324645996094,5.8816022872924805,4.332268238067627,2.0814101696014404,,,,,,
21.650793075561523,6.134974956512451,43.30158233642578,6.5803937911987305,5.663663864135742,2.379845380783081,6.134974956512451,41,41,,,,,,,,,,,,
,,,,,,,41,41,17.035205841064453,5.466466426849365,34.070411682128906,5.836986541748047,4.188154220581055,2.0464980602264404,,,,,,
21.402576446533203,6.108002185821533,42.805152893066406,6.542564868927002,5.497467994689941,2.344667911529541,6.108002185821533,42,42,,,,,,,,,,,,
,,,,,,,42,42,16.81437873840332,5.43687629699707,33.628753662109375,5.799030303955078,4.069136142730713,2.017210006713867,,,,,,
21.193464279174805,6.085085391998291,42.38692855834961,6.510524272918701,5.358664035797119,2.3148789405822754,6.085085391998291,43,43,,,,,,,,,,,,
,,,,,,,43,43,16.632783889770508,5.412107467651367,33.265567779541016,5.7676310539245605,3.9746580123901367,1.993654489517212,,,,,,
21.02115821838379,6.065942764282227,42.04231262207031,6.484004497528076,5.2466535568237305,2.290557384490967,6.065942764282227,44,44,,,,,,,,,,,,
,,,,,,,44,44,16.488374710083008,5.392086505889893,32.976749420166016,5.7425384521484375,3.9021506309509277,1.975386142730713,,,,,,
20.882678985595703,6.050257682800293,41.76535415649414,6.462612152099609,5.159733772277832,2.2715046405792236,6.050257682800293,45,45,,,,,,,,,,,,
,,,,,,,45,45,16.378433227539062,5.3774094581604,32.756866455078125,5.723361492156982,3.8403289318084717,1.959675669670105,,,,,,
20.77423095703125,6.037617206573486,41.54845428466797,6.4458088874816895,5.095643520355225,2.2573533058166504,6.037617206573486,46,46,,,,,,,,,,,,
,,,,,,,46,46,16.299564361572266,5.367898941040039,32.5991325378418,5.709565162658691,3.7847824096679688,1.9454517364501953,,,,,,
20.69249153137207,6.0278000831604,41.384986877441406,6.433116436004639,5.050603866577148,2.247354745864868,6.0278000831604,47,47,,,,,,,,,,,,
,,,,,,,47,47,16.24740219116211,5.361839771270752,32.49480438232422,5.700421333312988,3.7454802989959717,1.9353243112564087,,,,,,
20.632530212402344,6.020277500152588,41.26506042480469,6.423788547515869,5.02131986618042,2.240830183029175,6.020277500152588,48,48,,,,,,,,,,,,
,,,,,,,48,48,16.21831512451172,5.358692169189453,32.4366340637207,5.695316791534424,3.721054792404175,1.9290035963058472,,,,,,
20.591411590576172,6.014784812927246,41.182823181152344,6.417384624481201,5.005189895629883,2.2372281551361084,6.014784812927246,49,49,,,,,,,,,,,,
,,,,,,,49,49,16.207002639770508,5.357764720916748,32.41400146484375,5.693329334259033,3.7083582878112793,1.925709843635559,,,,,,
20.563383102416992,6.010735034942627,41.12676239013672,6.413014888763428,4.997832298278809,2.2355833053588867,6.010735034942627,50,50,,,,,,,,,,,,
,,,,,,,50,50,16.209529876708984,5.35855770111084,32.41905975341797,5.6937737464904785,3.7049176692962646,1.9248162508010864,,,,,,
20.54427146911621,6.007701873779297,41.08854675292969,6.410034656524658,4.996062278747559,2.235187292098999,6.007701873779297,51,51,,,,,,,,,,,,
,,,,,,,51,51,16.22026824951172,5.360459804534912,32.44053649902344,5.695659637451172,3.706005096435547,1.9250987768173218,,,,,,
20.530656814575195,6.005343914031982,41.061309814453125,6.407909870147705,4.997162342071533,2.235433340072632,6.005343914031982,52,52,,,,,,,,,,,,
,,,,,,,52,52,16.234737396240234,5.362873077392578,32.46947479248047,5.698199272155762,3.7090651988983154,1.9258933067321777,,,,,,
20.519760131835938,6.003376007080078,41.03951644897461,6.4062089920043945,4.998993396759033,2.2358429431915283,6.003376007080078,53,53,,,,,,,,,,,,
,,,,,,,53,53,16.249128341674805,5.365262508392334,32.49825668334961,5.700724124908447,3.7122080326080322,1.9267091751098633,,,,,,
20.509105682373047,6.00152587890625,41.018211364746094,6.40454626083374,4.9999003410339355,2.2360455989837646,6.00152587890625,54,54,,,,,,,,,,,,
,,,,,,,54,54,16.26028823852539,5.367181777954102,32.52057647705078,5.702681541442871,3.7139389514923096,1.927158236503601,,,,,,
20.497478485107422,5.999666690826416,40.99496078491211,6.402730941772461,4.998958110809326,2.235835075378418,5.999666690826416,55,55,,,,,,,,,,,,
,,,,,,,55,55,16.26559066772461,5.368252277374268,32.53117752075195,5.703610897064209,3.713043212890625,1.9269258975982666,,,,,,
20.484230041503906,5.997725486755371,40.96846389770508,6.400660991668701,4.99575138092041,2.2351176738739014,5.997725486755371,56,56,,,,,,,,,,,,
,,,,,,,56,56,16.26348304748535,5.36826229095459,32.5269660949707,5.70324182510376,3.708725929260254,1.9258052110671997,,,,,,
20.4698543548584,5.995761871337891,40.93971252441406,6.398414611816406,4.9905500411987305,2.2339539527893066,5.995761871337891,57,57,,,,,,,,,,,,
,,,,,,,57,57,16.253231048583984,5.3670973777771,32.50646209716797,5.701443672180176,3.700730085372925,1.9237282276153564,,,,,,
20.454519271850586,5.993732929229736,40.90903854370117,6.396017551422119,4.9842023849487305,2.2325327396392822,5.993732929229736,58,58,,,,,,,,,,,,
,,,,,,,58,58,16.235292434692383,5.36480188369751,32.47058868408203,5.698297023773193,3.6894853115081787,1.9208033084869385,,,,,,
20.443450927734375,5.992364406585693,40.88690948486328,6.394287109375,4.978479385375977,2.231250524520874,5.992364406585693,59,59,,,,,,,,,,,,
,,,,,,,59,59,16.210420608520508,5.361410140991211,32.420841217041016,5.693930149078369,3.67612624168396,1.9173226356506348,,,,,,
20.4370059967041,5.991559982299805,40.87401580810547,6.393279075622559,4.975223064422607,2.230520725250244,5.991559982299805,60,60,,,,,,,,,,,,
,,,,,,,60,60,16.183090209960938,5.357609272003174,32.36617660522461,5.6891279220581055,3.662203311920166,1.9136884212493896,,,,,,
20.437480926513672,5.991507530212402,40.87495422363281,6.393352508544922,4.976794719696045,2.2308731079101562,5.991507530212402,61,61,,,,,,,,,,,,
,,,,,,,61,61,16.15468978881836,5.353525161743164,32.30937957763672,5.684134006500244,3.649146556854248,1.9102739095687866,,,,,,
20.448226928710938,5.992611885070801,40.89645767211914,6.395033836364746,4.985065460205078,2.2327260971069336,5.991507530212402,62,62,,,,,,,,,,,,
,,,,,,,62,62,16.128517150878906,5.349803924560547,32.25703811645508,5.679527759552002,3.6366360187530518,1.9069966077804565,,,,,,
20.471662521362305,5.995112419128418,40.94332504272461,6.3986968994140625,5.001948356628418,2.2365036010742188,5.991507530212402,63,63,,,,,,,,,,,,
,,,,,,,63,63,16.108814239501953,5.347483158111572,32.21763229370117,5.676057815551758,3.6220548152923584,1.9031696319580078,,,,,,
20.506595611572266,5.998857498168945,41.0131950378418,6.404154300689697,5.026900768280029,2.242075204849243,5.991507530212402,64,64,,,,,,,,,,,,
,,,,,,,64,64,16.098434448242188,5.346653461456299,32.196868896484375,5.674228668212891,3.6101620197296143,1.9000426530838013,,,,,,
20.544925689697266,6.002922058105469,41.08985137939453,6.410136699676514,5.054785251617432,2.2482850551605225,5.991507530212402,65,65,,,,,,,,,,,,
,,,,,,,65,65,16.099285125732422,5.347250938415527,32.198570251464844,5.674378395080566,3.6054725646972656,1.898808240890503,,,,,,
20.57813262939453,6.006391525268555,41.15625762939453,6.415314197540283,5.079525470733643,2.2537803649902344,5.991507530212402,66,66,,,,,,,,,,,,
,,,,,,,66,66,16.107664108276367,5.348668098449707,32.215328216552734,5.675854682922363,3.6070785522460938,1.8992310762405396,,,,,,
20.59208106994629,6.0077362060546875,41.18415832519531,6.4174885749816895,5.091264724731445,2.256383180618286,5.991507530212402,67,67,,,,,,,,,,,,
,,,,,,,67,67,16.11699867248535,5.349991798400879,32.2339973449707,5.677499294281006,3.611586093902588,1.9004173278808594,,,,,,
20.584842681884766,6.006771087646484,41.16969299316406,6.416361331939697,5.08838415145874,2.255744695663452,5.991507530212402,68,68,,,,,,,,,,,,
,,,,,,,68,68,16.11932373046875,5.350186347961426,32.2386474609375,5.677908897399902,3.614150047302246,1.9010918140411377,,,,,,
20.564029693603516,6.004404067993164,41.128055572509766,6.413115978240967,5.075196743011475,2.252819776535034,5.991507530212402,69,69,,,,,,,,,,,,
,,,,,,,69,69,16.111665725708008,5.3488664627075195,32.223331451416016,5.676559925079346,3.612959384918213,1.9007786512374878,,,,,,
20.53231430053711,6.000856876373291,41.06462860107422,6.408168792724609,5.054347038269043,2.24818754196167,5.991507530212402,70,70,,,,,,,,,,,,
,,,,,,,70,70,16.09737777709961,5.346518516540527,32.19475555419922,5.674042224884033,3.6094961166381836,1.8998674154281616,,,,,,
20.496076583862305,5.9968109130859375,40.992149353027344,6.402511119842529,5.03040885925293,2.2428572177886963,5.991507530212402,71,71,,,,,,,,,,,,
,,,,,,,71,71,16.078479766845703,5.343408107757568,32.15696334838867,5.670711040496826,3.604949474334717,1.8986704349517822,,,,,,
20.462459564208984,5.99308967590332,40.924922943115234,6.39725923538208,5.007794380187988,2.2378101348876953,5.991507530212402,72,72,,,,,,,,,,,,
,,,,,,,72,72,16.059043884277344,5.3401079177856445,32.11808776855469,5.6672821044921875,3.6013331413269043,1.897717833518982,,,,,,
20.433570861816406,5.98985481262207,40.86714172363281,6.3927412033081055,4.988779544830322,2.23355770111084,5.98985481262207,73,73,,,,,,,,,,,,
,,,,,,,73,73,16.043657302856445,5.337313175201416,32.087310791015625,5.6645660400390625,3.6003997325897217,1.8974719047546387,,,,,,
20.40865707397461,5.986954689025879,40.81731414794922,6.388843059539795,4.973688125610352,2.2301766872406006,5.986954689025879,74,74,,,,,,,,,,,,
,,,,,,,74,74,16.03206443786621,5.334977149963379,32.06412887573242,5.662519454956055,3.6021454334259033,1.8979319334030151,,,,,,
20.388708114624023,5.984567642211914,40.77741622924805,6.3857197761535645,4.962364673614502,2.2276365756988525,5.984567642211914,75,75,,,,,,,,,,,,
,,,,,,,75,75,16.02309226989746,5.332930564880371,32.04618453979492,5.660934925079346,3.6060383319854736,1.8989571332931519,,,,,,
20.373462677001953,5.982669830322266,40.746925354003906,6.383331775665283,4.954589366912842,2.225890636444092,5.982669830322266,76,76,,,,,,,,,,,,
,,,,,,,76,76,16.016674041748047,5.331261157989502,32.033348083496094,5.659801006317139,3.6110000610351562,1.9002631902694702,,,,,,
20.3607120513916,5.980987548828125,40.72142028808594,6.381333827972412,4.949207305908203,2.2246813774108887,5.980987548828125,77,77,,,,,,,,,,,,
,,,,,,,77,77,16.01150894165039,5.329851150512695,32.02301788330078,5.658888339996338,3.6157102584838867,1.9015021324157715,,,,,,
20.3491268157959,5.979362487792969,40.69824981689453,6.379518032073975,4.945470333099365,2.223841428756714,5.979362487792969,78,78,,,,,,,,,,,,
,,,,,,,78,78,16.005306243896484,5.328402519226074,32.01061248779297,5.657792091369629,3.6187424659729004,1.9022992849349976,,,,,,
20.338973999023438,5.977870464324951,40.677947998046875,6.377926826477051,4.943013668060303,2.2232890129089355,5.977870464324951,79,79,,,,,,,,,,,,
,,,,,,,79,79,15.996933937072754,5.326758861541748,31.993867874145508,5.656311988830566,3.619511365890503,1.9025013446807861,,,,,,
20.32961654663086,5.976411819458008,40.65923309326172,6.376459121704102,4.941730976104736,2.2230005264282227,5.976411819458008,80,80,,,,,,,,,,,,
,,,,,,,80,80,15.986764907836914,5.324956893920898,31.973527908325195,5.654513835906982,3.618360757827759,1.9021989107131958,,,,,,
20.319520950317383,5.974758148193359,40.639041900634766,6.374876022338867,4.94130802154541,2.222905397415161,5.974758148193359,81,81,,,,,,,,,,,,
,,,,,,,81,81,15.97463321685791,5.322923183441162,31.949264526367188,5.652368068695068,3.615750312805176,1.901512622833252,,,,,,
20.308269500732422,5.972779273986816,40.61653137207031,6.373109817504883,4.942440986633301,2.2231600284576416,5.972779273986816,82,82,,,,,,,,,,,,
,,,,,,,82,82,15.95947551727295,5.320478439331055,31.9189510345459,5.649685859680176,3.611457347869873,1.900383472442627,,,,,,
20.298107147216797,5.970876693725586,40.596214294433594,6.37151575088501,4.944849967956543,2.2237019538879395,5.970876693725586,83,83,,,,,,,,,,,,
,,,,,,,83,83,15.940935134887695,5.317505359649658,31.88187026977539,5.6464033126831055,3.606006145477295,1.8989486694335938,,,,,,
20.28989028930664,5.9691643714904785,40.57978057861328,6.37022590637207,4.948863506317139,2.2246041297912598,5.9691643714904785,84,84,,,,,,,,,,,,
,,,,,,,84,84,15.922473907470703,5.314631938934326,31.84494972229004,5.643133163452148,3.5996432304382324,1.8972725868225098,,,,,,
20.28116226196289,5.967329978942871,40.56232452392578,6.368855953216553,4.953297138214111,2.225600481033325,5.967329978942871,85,85,,,,,,,,,,,,
,,,,,,,85,85,15.905912399291992,5.312060356140137,31.811824798583984,5.640197277069092,3.593836784362793,1.8957417011260986,,,,,,
20.268980026245117,5.965023994445801,40.5379638671875,6.366942882537842,4.956457138061523,2.2263102531433105,5.965023994445801,86,86,,,,,,,,,,,,
,,,,,,,86,86,15.890104293823242,5.309563159942627,31.780208587646484,5.637393951416016,3.5887491703033447,1.8943994045257568,,,,,,
20.250728607177734,5.961953639984131,40.50145721435547,6.364075660705566,4.956557750701904,2.226332902908325,5.961953639984131,87,87,,,,,,,,,,,,
,,,,,,,87,87,15.873618125915527,5.306880474090576,31.747234344482422,5.6344685554504395,3.5842602252960205,1.893214225769043,,,,,,
20.22433090209961,5.95788049697876,40.44866180419922,6.359926223754883,4.952325820922852,2.225382089614868,5.95788049697876,88,88,,,,,,,,,,,,
,,,,,,,88,88,15.854995727539062,5.303768634796143,31.709991455078125,5.631162643432617,3.5800318717956543,1.8920972347259521,,,,,,
20.19154930114746,5.953060626983643,40.38310241699219,6.354770183563232,4.944169998168945,2.2235488891601562,5.953060626983643,89,89,,,,,,,,,,,,
,,,,,,,89,89,15.8329496383667,5.300008773803711,31.6658992767334,5.627246379852295,3.5758039951324463,1.8909796476364136,,,,,,
20.15032386779785,5.947109222412109,40.3006477355957,6.348278999328613,4.932536602020264,2.2209315299987793,5.947109222412109,90,90,,,,,,,,,,,,
,,,,,,,90,90,15.808581352233887,5.295780658721924,31.617162704467773,5.6229143142700195,3.571866989135742,1.8899383544921875,,,,,,
20.102846145629883,5.940288543701172,40.2056884765625,6.340795516967773,4.918666839599609,2.217806816101074,5.940288543701172,91,91,,,,,,,,,,,,
,,,,,,,91,91,15.779509544372559,5.2907257080078125,31.55902099609375,5.617741584777832,3.5672428607940674,1.8887145519256592,,,,,,
20.051132202148438,5.932849407196045,40.10226058959961,6.332634449005127,4.903556823730469,2.214397668838501,5.932849407196045,92,92,,,,,,,,,,,,
,,,,,,,92,92,15.74715805053711,5.285055637359619,31.49431610107422,5.6119794845581055,3.5625038146972656,1.887459635734558,,,,,,
19.99860954284668,5.925213813781738,39.99721908569336,6.32433557510376,4.889059066772461,2.2111215591430664,5.925213813781738,93,93,,,,,,,,,,,,
,,,,,,,93,93,15.712427139282227,5.278886795043945,31.424854278564453,5.605787754058838,3.5582149028778076,1.886323094367981,,,,,,
19.93699836730957,5.9160380363464355,39.87399673461914,6.314586162567139,4.874495983123779,2.2078261375427246,5.9160380363464355,94,94,,,,,,,,,,,,
,,,,,,,94,94,15.676668167114258,5.272456645965576,31.353334426879883,5.599404811859131,3.5545337200164795,1.8853471279144287,,,,,,
19.8718318939209,5.906174182891846,39.74366760253906,6.304257869720459,4.860772132873535,2.2047159671783447,5.906174182891846,95,95,,,,,,,,,,,,
,,,,,,,95,95,15.63221263885498,5.2646026611328125,31.26442527770996,5.591460227966309,3.5483860969543457,1.8837159872055054,,,,,,
19.80078887939453,5.895357131958008,39.601585388183594,6.2929792404174805,4.846340179443359,2.2014405727386475,5.895357131958008,96,96,,,,,,,,,,,,
,,,,,,,96,96,15.582845687866211,5.2559123039245605,31.165685653686523,5.582623481750488,3.5410752296447754,1.8817745447158813,,,,,,
19.72998046875,5.884390830993652,39.4599609375,6.281716346740723,4.833903789520264,2.1986141204833984,5.884390830993652,97,97,,,,,,,,,,,,
,,,,,,,97,97,15.5267333984375,5.246060848236084,31.053466796875,5.572563648223877,3.5323095321655273,1.879443883895874,,,,,,
19.643630981445312,5.870815277099609,39.28725814819336,6.2679548263549805,4.82078742980957,2.195629119873047,5.870815277099609,98,98,,,,,,,,,,,,
,,,,,,,98,98,15.46808910369873,5.235800266265869,30.936176300048828,5.562029838562012,3.5225722789764404,1.8768516778945923,,,,,,
19.54929542541504,5.855806350708008,39.09858322143555,6.252885818481445,4.808122158050537,2.1927430629730225,5.855806350708008,99,99,,,,,,,,,,,,
,,,,,,,99,99,15.39428997039795,5.223025321960449,30.78858184814453,5.548746109008789,3.508586883544922,1.873122215270996,,,,,,
19.446807861328125,5.839581489562988,38.893611907958984,6.236474514007568,4.79289436340332,2.189268112182617,5.839581489562988,100,100,,,,,,,,,,,,
,,,,,,,100,100,15.312338829040527,5.208789348602295,30.624671936035156,5.533956050872803,3.49318790435791,1.8690072298049927,,,,,,
19.317203521728516,5.819294452667236,38.6344108581543,6.215658664703369,4.770223617553711,2.184084177017212,5.819294452667236,101,101,,,,,,,,,,,,
,,,,,,,101,101,15.224891662597656,5.19327974319458,30.449785232543945,5.518132209777832,3.4796271324157715,1.8653758764266968,,,,,,
19.164793014526367,5.795341491699219,38.32958984375,6.191089630126953,4.7436017990112305,2.17798113822937,5.795341491699219,102,102,,,,,,,,,,,,
,,,,,,,102,102,15.118876457214355,5.174134254455566,30.237747192382812,5.4988861083984375,3.466082811355591,1.8617419004440308,,,,,,
18.988468170166016,5.767348289489746,37.97694396972656,6.162543773651123,4.7146406173706055,2.1713223457336426,5.767348289489746,103,103,,,,,,,,,,,,
,,,,,,,103,103,14.996125221252441,5.151811599731445,29.992252349853516,5.476518154144287,3.451093912124634,1.8577120304107666,,,,,,
18.78783416748047,5.734928607940674,37.57566833496094,6.129899501800537,4.68626070022583,2.1647772789001465,5.734928607940674,104,104,,,,,,,,,,,,
,,,,,,,104,104,14.8538179397583,5.125812530517578,29.7076358795166,5.450470924377441,3.4336843490600586,1.8530203104019165,,,,,,
18.548490524291992,5.695418834686279,37.096981048583984,6.090729236602783,4.659186840057373,2.158514976501465,5.695418834686279,105,105,,,,,,,,,,,,
,,,,,,,105,105,14.69052791595459,5.095828533172607,29.381053924560547,5.420429229736328,3.4135868549346924,1.8475894927978516,,,,,,
18.2612247467041,5.647387504577637,36.52244567871094,6.043380260467529,4.629457950592041,2.1516175270080566,5.647387504577637,106,106,,,,,,,,,,,,
,,,,,,,106,106,14.493385314941406,5.059082508087158,28.986770629882812,5.383936405181885,3.392455577850342,1.8418619632720947,,,,,,
17.920114517211914,5.5900468826293945,35.84022903442383,5.986670970916748,4.591603755950928,2.1428027153015137,5.5900468826293945,107,107,,,,,,,,,,,,
,,,,,,,107,107,14.26015853881836,5.014598846435547,28.520320892333984,5.340442180633545,3.3741118907928467,1.836875557899475,,,,,,
17.50941276550293,5.520318984985352,35.018829345703125,5.917670726776123,4.5449018478393555,2.1318774223327637,5.520318984985352,108,108,,,,,,,,,,,,
,,,,,,,108,108,13.988115310668945,4.961429595947266,27.976232528686523,5.2892560958862305,3.360450267791748,1.8331531286239624,,,,,,
17.060100555419922,5.440064907073975,34.120201110839844,5.841249942779541,4.525892734527588,2.1274144649505615,5.440064907073975,109,109,,,,,,,,,,,,
,,,,,,,109,109,13.66830062866211,4.897209644317627,27.336599349975586,5.22844123840332,3.3539369106292725,1.8313757181167603,,,,,,
16.564983367919922,5.3477349281311035,33.129966735839844,5.755863666534424,4.531703948974609,2.128779888153076,5.3477349281311035,110,110,,,,,,,,,,,,
,,,,,,,110,110,13.317194938659668,4.823866844177246,26.634389877319336,5.16085147857666,3.3647027015686035,1.8343125581741333,,,,,,
16.04975700378418,5.2470879554748535,32.099510192871094,5.665642738342285,4.567575931549072,2.137188673019409,5.2470879554748535,111,111,,,,,,,,,,,,
,,,,,,,111,111,12.931990623474121,4.738992691040039,25.863981246948242,5.08566427230835,3.4059247970581055,1.8455147743225098,,,,,,
15.5784912109375,5.149991035461426,31.156980514526367,5.581843852996826,4.634578227996826,2.1528069972991943,5.149991035461426,112,112,,,,,,,,,,,,
,,,,,,,112,112,12.539213180541992,4.645987510681152,25.078426361083984,5.00783634185791,3.4932265281677246,1.869017481803894,,,,,,
15.20717716217041,5.066168785095215,30.41435432434082,5.514921188354492,4.748288631439209,2.1790568828582764,5.066168785095215,113,113,,,,,,,,,,,,
,,,,,,,113,113,12.1942138671875,4.555794715881348,24.388425827026367,4.9384636878967285,3.633159637451172,1.9060848951339722,,,,,,
14.927668571472168,5.015390872955322,29.855335235595703,5.464003562927246,4.701189994812012,2.168222665786743,5.015390872955322,114,114,,,,,,,,,,,,
,,,,,,,114,114,11.921401977539062,4.47280216217041,23.842803955078125,4.882909297943115,3.8368430137634277,1.958786129951477,,,,,,
14.820401191711426,4.973806381225586,29.64080238342285,5.444336891174316,4.902054786682129,2.2140583992004395,4.973806381225586,115,115,,,,,,,,,,,,
,,,,,,,115,115,11.731987953186035,4.427489757537842,23.46397590637207,4.843962669372559,3.861307144165039,1.9650208950042725,,,,,,
14.495803833007812,4.936463832855225,28.991607666015625,5.384385585784912,4.622937202453613,2.150101661682129,4.936463832855225,116,116,,,,,,,,,,,,
,,,,,,,116,116,11.638578414916992,4.372615337371826,23.277156829833984,4.82464075088501,4.157393455505371,2.038968801498413,,,,,,
14.094379425048828,4.850829601287842,28.18875503540039,5.3093085289001465,4.658212184906006,2.1582891941070557,4.850829601287842,117,117,,,,,,,,,,,,
,,,,,,,117,117,11.410979270935059,4.359469890594482,22.821958541870117,4.777233123779297,3.8169848918914795,1.9537105560302734,,,,,,
13.993675231933594,4.835507392883301,27.987350463867188,5.29030704498291,4.605215072631836,2.1459765434265137,4.835507392883301,118,118,,,,,,,,,,,,
,,,,,,,118,118,11.050918579101562,4.26527738571167,22.101837158203125,4.701259136199951,3.909245014190674,1.977181077003479,,,,,,
13.631721496582031,4.772980690002441,27.263439178466797,5.221440315246582,4.482096195220947,2.117096185684204,4.772980690002441,119,119,,,,,,,,,,,,
,,,,,,,119,119,10.979690551757812,4.254454135894775,21.959381103515625,4.686083793640137,3.8589999675750732,1.9644337892532349,,,,,,
13.365646362304688,4.719346523284912,26.731294631958008,5.170231819152832,4.459060192108154,2.1116487979888916,4.719346523284912,120,120,,,,,,,,,,,,
,,,,,,,120,120,10.689269065856934,4.207809925079346,21.378538131713867,4.623692989349365,3.6728768348693848,1.9164750576019287,,,,,,
13.205591201782227,4.692482948303223,26.411182403564453,5.139181137084961,4.391786575317383,2.095659017562866,4.692482948303223,121,121,,,,,,,,,,,,
,,,,,,,121,121,10.466705322265625,4.15779447555542,20.93341064453125,4.5753045082092285,3.6461589336395264,1.909491777420044,,,,,,
12.845582008361816,4.615083694458008,25.691162109375,5.068645000457764,4.392167091369629,2.095749855041504,4.615083694458008,122,122,,,,,,,,,,,,
,,,,,,,122,122,10.35483169555664,4.13348913192749,20.70966339111328,4.550786972045898,3.6239311695098877,1.9036625623703003,,,,,,
12.717294692993164,4.582691192626953,25.434589385986328,5.043271541595459,4.433528900146484,2.1055946350097656,4.582691192626953,123,123,,,,,,,,,,,,
,,,,,,,123,123,10.056822776794434,4.064647197723389,20.113645553588867,4.484823703765869,3.592287302017212,1.8953330516815186,,,,,,
12.398633003234863,4.520269870758057,24.797264099121094,4.979685306549072,4.364425182342529,2.089120626449585,4.520269870758057,124,124,,,,,,,,,,,,
,,,,,,,124,124,9.973875999450684,4.04472541809082,19.947751998901367,4.466290473937988,3.5879480838775635,1.8941879272460938,,,,,,
12.246718406677246,4.4906392097473145,24.49343490600586,4.949084281921387,4.3275933265686035,2.080286741256714,4.4906392097473145,125,125,,,,,,,,,,,,
,,,,,,,125,125,9.727977752685547,3.9867758750915527,19.45595359802246,4.410890102386475,3.5615744590759277,1.8872134685516357,,,,,,
12.042858123779297,4.438050746917725,24.08572006225586,4.907720565795898,4.3894243240356445,2.09509539604187,4.438050746917725,126,126,,,,,,,,,,,,
,,,,,,,126,126,9.637410163879395,3.9695441722869873,19.274822235107422,4.390309810638428,3.517540693283081,1.875510811805725,,,,,,
11.82254409790039,4.391268253326416,23.64508819580078,4.862621307373047,4.361855506896973,2.088505506515503,4.391268253326416,127,127,,,,,,,,,,,,
,,,,,,,127,127,9.457221031188965,3.9197444915771484,18.91444206237793,4.349073886871338,3.550046682357788,1.8841567039489746,,,,,,
11.704873085021973,4.3719964027404785,23.409746170043945,4.838361740112305,4.2953925132751465,2.072532892227173,4.3719964027404785,128,128,,,,,,,,,,,,
,,,,,,,128,128,9.292213439941406,3.880764961242676,18.584428787231445,4.3109660148620605,3.524092674255371,1.8772566318511963,,,,,,
11.517247200012207,4.3202619552612305,23.034496307373047,4.799426555633545,4.3698320388793945,2.09041428565979,4.3202619552612305,129,129,,,,,,,,,,,,
,,,,,,,129,129,9.231606483459473,3.8745245933532715,18.463212966918945,4.296884059906006,3.451270580291748,1.8577595949172974,,,,,,
11.362695693969727,4.2843546867370605,22.725391387939453,4.767115592956543,4.369698524475098,2.0903823375701904,4.2843546867370605,130,130,,,,,,,,,,,,
,,,,,,,130,130,9.060351371765137,3.825839042663574,18.120702743530273,4.256841659545898,3.4836597442626953,1.8664565086364746,,,,,,
11.264961242675781,4.270486831665039,22.529924392700195,4.746569633483887,4.292867183685303,2.0719234943389893,4.270486831665039,131,131,,,,,,,,,,,,
,,,,,,,131,131,8.929436683654785,3.793016195297241,17.85887336730957,4.22597599029541,3.4718992710113525,1.863303303718567,,,,,,
11.100812911987305,4.222495079040527,22.20162582397461,4.711860179901123,4.372157573699951,2.090970516204834,4.222495079040527,132,132,,,,,,,,,,,,
,,,,,,,132,132,8.876029968261719,3.784196615219116,17.752059936523438,4.213319301605225,3.4319167137145996,1.8525433540344238,,,,,,
10.889607429504395,4.185558319091797,21.779216766357422,4.666821002960205,4.26031494140625,2.0640530586242676,4.185558319091797,133,133,,,,,,,,,,,,
,,,,,,,133,133,8.767992973327637,3.7556071281433105,17.535985946655273,4.187599182128906,3.431403160095215,1.8524047136306763,,,,,,
10.695779800415039,4.135237693786621,21.391559600830078,4.625101089477539,4.291369915008545,2.0715622901916504,4.135237693786621,134,134,,,,,,,,,,,,
,,,,,,,134,134,8.59592056274414,3.7158191204071045,17.19183921813965,4.146304130554199,3.3845293521881104,1.8397090435028076,,,,,,
10.57762336730957,4.1039934158325195,21.15524673461914,4.599483489990234,4.31248664855957,2.076652765274048,4.1039934158325195,135,135,,,,,,,,,,,,
,,,,,,,135,135,8.435782432556152,3.6729724407196045,16.871564865112305,4.107501029968262,3.3808388710021973,1.8387057781219482,,,,,,
10.50308895111084,4.097028732299805,21.006175994873047,4.583249568939209,4.220534801483154,2.054394006729126,4.097028732299805,136,136,,,,,,,,,,,,
,,,,,,,136,136,8.318037986755371,3.640768527984619,16.63607406616211,4.078734397888184,3.380880355834961,1.838716983795166,,,,,,
10.500972747802734,4.096408843994141,21.00194549560547,4.582787990570068,4.221379280090332,2.0545995235443115,4.096408843994141,137,137,,,,,,,,,,,,
,,,,,,,137,137,8.252619743347168,3.6281256675720215,16.505239486694336,4.062664031982422,3.341942310333252,1.8280980587005615,,,,,,
10.902706146240234,4.214461803436279,21.80541229248047,4.669626712799072,4.043721675872803,2.0109007358551025,4.096408843994141,138,138,,,,,,,,,,,,
,,,,,,,138,138,8.431089401245117,3.687183141708374,16.862180709838867,4.106358528137207,3.2668590545654297,1.8074454069137573,,,,,,
9.965226173400879,3.978276252746582,19.930452346801758,4.464353561401367,4.103771209716797,2.0257766246795654,3.978276252746582,139,139,,,,,,,,,,,,
,,,,,,,139,139,8.721444129943848,3.773160696029663,17.44289207458496,4.176468849182129,3.206146717071533,1.7905715703964233,,,,,,
9.953714370727539,3.97898006439209,19.907428741455078,4.4617743492126465,4.075144290924072,2.0186986923217773,3.978276252746582,140,140,,,,,,,,,,,,
,,,,,,,140,140,7.927216053009033,3.5529980659484863,15.854433059692383,3.981762647628784,3.2306368350982666,1.797397255897522,,,,,,
10.26400089263916,4.052713394165039,20.528003692626953,4.5307841300964355,4.103514194488525,2.0257132053375244,3.978276252746582,141,141,,,,,,,,,,,,
,,,,,,,141,141,7.92897891998291,3.560603141784668,15.857958793640137,3.9822051525115967,3.1800625324249268,1.7832729816436768,,,,,,
9.326371192932129,3.8484463691711426,18.652742385864258,4.318881988525391,3.842202663421631,1.9601536989212036,3.8484463691711426,142,142,,,,,,,,,,,,
,,,,,,,142,142,8.06659984588623,3.6022770404815674,16.13319969177246,4.016615390777588,3.15679931640625,1.7767384052276611,,,,,,
9.331936836242676,3.847440719604492,18.663875579833984,4.320170879364014,3.861074686050415,1.9649617671966553,3.847440719604492,143,143,,,,,,,,,,,,
,,,,,,,143,143,7.372515678405762,3.419367790222168,14.745031356811523,3.83992600440979,3.0529534816741943,1.7472703456878662,,,,,,
9.618677139282227,3.8677868843078613,19.237354278564453,4.386040687561035,4.277576446533203,2.068230152130127,3.847440719604492,144,144,,,,,,,,,,,,
,,,,,,,144,144,7.41324520111084,3.438466787338257,14.826489448547363,3.850517988204956,3.0034360885620117,1.7330424785614014,,,,,,
8.685935974121094,3.7081379890441895,17.371871948242188,4.167957782745361,3.6215856075286865,1.9030463695526123,3.7081379890441895,145,145,,,,,,,,,,,,
,,,,,,,145,145,7.420026779174805,3.4208009243011475,14.840052604675293,3.8522789478302,3.1381735801696777,1.771489143371582,,,,,,
8.472543716430664,3.65649676322937,16.945087432861328,4.116441249847412,3.5751187801361084,1.8907984495162964,3.65649676322937,146,146,,,,,,,,,,,,
,,,,,,,146,146,6.835126876831055,3.2964932918548584,13.670255661010742,3.697330951690674,2.8033840656280518,1.6743309497833252,,,,,,
9.07148265838623,3.7311930656433105,18.14296531677246,4.259456157684326,4.221162796020508,2.05454683303833,3.65649676322937,147,147,,,,,,,,,,,,
,,,,,,,147,147,6.682764530181885,3.2544376850128174,13.365527153015137,3.6558892726898193,2.7741637229919434,1.6655820608139038,,,,,,
8.529353141784668,3.6834986209869385,17.058706283569336,4.130218505859375,3.4905459880828857,1.8683003187179565,3.65649676322937,148,148,,,,,,,,,,,,
,,,,,,,148,148,7.003032207489014,3.318091869354248,14.006065368652344,3.7424678802490234,2.9963295459747314,1.7309908866882324,,,,,,
7.685334205627441,3.4813952445983887,15.370668411254883,3.920544385910034,3.2505533695220947,1.802929162979126,3.4813952445983887,149,149,,,,,,,,,,,,
,,,,,,,149,149,6.902655124664307,3.3168511390686035,13.805312156677246,3.715549945831299,2.8038105964660645,1.6744582653045654,,,,,,
7.7453765869140625,3.4548330307006836,15.490755081176758,3.9358296394348145,3.554882049560547,1.8854395151138306,3.4548330307006836,150,150,,,,,,,,,,,,
,,,,,,,150,150,5.906908988952637,3.07222056388855,11.813817977905273,3.4371235370635986,2.375279188156128,1.5411940813064575,,,,,,
8.270520210266113,3.6367180347442627,16.541040420532227,4.067067623138428,3.315322160720825,1.8208025693893433,3.4548330307006836,151,151,,,,,,,,,,,,
,,,,,,,151,151,5.926727771759033,3.0598092079162598,11.853455543518066,3.442884683609009,2.4910242557525635,1.5782978534698486,,,,,,
7.199728012084961,3.3156380653381348,14.399456024169922,3.794661521911621,3.4060025215148926,1.8455358743667603,3.3156380653381348,152,152,,,,,,,,,,,,
,,,,,,,152,152,6.744884490966797,3.274127960205078,13.48976993560791,3.672842264175415,2.7698538303375244,1.664287805557251,,,,,,
6.565354347229004,3.1834869384765625,13.130708694458008,3.6236319541931152,2.9961190223693848,1.7309300899505615,3.1834869384765625,153,153,,,,,,,,,,,,
,,,,,,,153,153,5.484534740447998,2.9352827072143555,10.969069480895996,3.3119585514068604,2.353187322616577,1.5340101718902588,,,,,,
6.621666431427002,3.2110557556152344,13.24333381652832,3.639139175415039,2.932453155517578,1.7124407291412354,3.1834869384765625,154,154,,,,,,,,,,,,
,,,,,,,154,154,4.9447832107543945,2.79605770111084,9.889566421508789,3.144767999649048,2.0716283321380615,1.4393151998519897,,,,,,
7.751837253570557,3.394343614578247,15.503673553466797,3.9374704360961914,3.982106924057007,1.9955216646194458,3.1834869384765625,155,155,,,,,,,,,,,,
,,,,,,,155,155,5.089852333068848,2.8312435150146484,10.179704666137695,3.1905648708343506,2.163767099380493,1.4709749221801758,,,,,,
8.846604347229004,3.7449023723602295,17.69321060180664,4.206329822540283,3.668915033340454,1.9154411554336548,3.1834869384765625,156,156,,,,,,,,,,,,
,,,,,,,156,156,6.135505199432373,3.0564374923706055,12.271010398864746,3.503000259399414,2.9292004108428955,1.7114907503128052,,,,,,
6.201417922973633,3.1023879051208496,12.402835845947266,3.521765947341919,2.7780263423919678,1.6667412519454956,3.1023879051208496,157,157,,,,,,,,,,,,
,,,,,,,157,157,7.406147480010986,3.409677743911743,14.812294006347656,3.8486742973327637,3.1863908767700195,1.7850464582443237,,,,,,
9.256364822387695,3.7068257331848145,18.51272964477539,4.302642345428467,4.772171974182129,2.184530258178711,3.1023879051208496,158,158,,,,,,,,,,,,
,,,,,,,158,158,4.659468650817871,2.739933967590332,9.318937301635742,3.0526933670043945,1.8116999864578247,1.345993995666504,,,,,,
6.5844035148620605,3.224158763885498,13.168806076049805,3.62888503074646,2.773606777191162,1.6654149293899536,3.1023879051208496,159,159,,,,,,,,,,,,
,,,,,,,159,159,7.603507995605469,3.4107117652893066,15.207018852233887,3.8996176719665527,3.57405948638916,1.890518307685852,,,,,,
7.282698631286621,3.3776750564575195,14.565396308898926,3.8164639472961426,3.1567068099975586,1.776712417602539,3.1023879051208496,160,160,,,,,,,,,,,,
,,,,,,,160,160,5.238748550415039,2.86897611618042,10.477497100830078,3.236896276473999,2.246472120285034,1.4988235235214233,,,,,,
6.365920066833496,3.12669038772583,12.731840133666992,3.5681703090667725,2.9556472301483154,1.719199538230896,3.1023879051208496,161,161,,,,,,,,,,,,
,,,,,,,161,161,5.997204303741455,3.0318989753723145,11.994409561157227,3.463294506072998,2.8019981384277344,1.6739170551300049,,,,,,
7.287273406982422,3.31318736076355,14.57454776763916,3.8176627159118652,3.5973339080810547,1.8966639041900635,3.1023879051208496,162,162,,,,,,,,,,,,
,,,,,,,162,162,4.855370044708252,2.777432680130005,9.710740089416504,3.116205930709839,1.9966063499450684,1.413013219833374,,,,,,
5.685183525085449,2.9359402656555176,11.370367050170898,3.371997594833374,2.7506210803985596,1.6584995985031128,2.9359402656555176,163,163,,,,,,,,,,,,
,,,,,,,163,163,5.709872722625732,3.0031607151031494,11.419745445251465,3.3793113231658936,2.400773286819458,1.5494428873062134,,,,,,
6.473903179168701,3.163585662841797,12.947806358337402,3.5983059406280518,2.939532518386841,1.7145065069198608,2.9359402656555176,164,164,,,,,,,,,,,,
,,,,,,,164,164,4.29091739654541,2.5701346397399902,8.58183479309082,2.9294769763946533,1.9762415885925293,1.405788540840149,,,,,,
5.523943901062012,2.88415789604187,11.047889709472656,3.3238365650177,2.729522466659546,1.652126669883728,2.88415789604187,165,165,,,,,,,,,,,,
,,,,,,,165,165,5.1455254554748535,2.7918148040771484,10.29104995727539,3.2079665660858154,2.496821403503418,1.580133318901062,,,,,,
5.839545726776123,2.938319683074951,11.679091453552246,3.417468547821045,3.0453689098358154,1.74509859085083,2.88415789604187,166,166,,,,,,,,,,,,
,,,,,,,166,166,4.134879112243652,2.5105319023132324,8.269758224487305,2.875718832015991,1.9669878482818604,1.4024934768676758,,,,,,
6.0065460205078125,3.077122688293457,12.013092041015625,3.4659907817840576,2.544408082962036,1.5951200723648071,2.88415789604187,167,167,,,,,,,,,,,,
,,,,,,,167,167,4.395058631896973,2.57474684715271,8.790117263793945,2.964813232421875,2.1607961654663086,1.469964623451233,,,,,,
5.206906795501709,2.7835140228271484,10.413813591003418,3.227044105529785,2.665863037109375,1.6327470541000366,2.7835140228271484,168,168,,,,,,,,,,,,
,,,,,,,168,168,4.5153350830078125,2.7054405212402344,9.030670166015625,3.0051074028015137,1.7112627029418945,1.308152437210083,,,,,,
5.753540515899658,2.9192399978637695,11.507081985473633,3.392209053039551,2.985118865966797,1.7277497053146362,2.7835140228271484,169,169,,,,,,,,,,,,
,,,,,,,169,169,3.74407696723938,2.4092328548431396,7.48815393447876,2.7364492416381836,1.6837514638900757,1.2975945472717285,,,,,,
5.308017253875732,2.828125476837158,10.616034507751465,3.258225679397583,2.617741346359253,1.617943525314331,2.7835140228271484,170,170,,,,,,,,,,,,
,,,,,,,170,170,4.423909664154053,2.550070285797119,8.847818374633789,2.9745283126831055,2.3449599742889404,1.531326174736023,,,,,,
4.96805477142334,2.7249584197998047,9.93610954284668,3.1521594524383545,2.5107104778289795,1.5845221281051636,2.7249584197998047,171,171,,,,,,,,,,,,
,,,,,,,171,171,3.8706343173980713,2.4345335960388184,7.741269588470459,2.782313823699951,1.8143144845962524,1.346964955329895,,,,,,
5.412541389465332,2.828838586807251,10.825082778930664,3.290149450302124,2.8227555751800537,1.6801058053970337,2.7249584197998047,172,172,,,,,,,,,,,,
,,,,,,,172,172,3.531285524368286,2.3232274055480957,7.062570571899414,2.6575496196746826,1.6651860475540161,1.2904208898544312,,,,,,
4.9944610595703125,2.7350122928619385,9.988922119140625,3.1605255603790283,2.50862979888916,1.5838654041290283,2.7249584197998047,173,173,,,,,,,,,,,,
,,,,,,,173,173,4.139519691467285,2.492382049560547,8.27903938293457,2.8773319721221924,2.0670716762542725,1.437731385231018,,,,,,
4.714930057525635,2.637693166732788,9.429859161376953,3.070807456970215,2.472435235977173,1.5723979473114014,2.637693166732788,174,174,,,,,,,,,,,,
,,,,,,,174,174,3.550999641418457,2.3495333194732666,7.101999282836914,2.6649577617645264,1.5816926956176758,1.2576535940170288,,,,,,
5.012831211090088,2.7031984329223633,10.025662422180176,3.166332721710205,2.7183802127838135,1.648751139640808,2.637693166732788,175,175,,,,,,,,,,,,
,,,,,,,175,175,3.327516555786133,2.227539539337158,6.655033588409424,2.579735279083252,1.6931008100509644,1.301192045211792,,,,,,
4.927751541137695,2.7029612064361572,9.855502128601074,3.1393473148345947,2.5495028495788574,1.596716284751892,2.637693166732788,176,176,,,,,,,,,,,,
,,,,,,,176,176,3.818607807159424,2.3393759727478027,7.637215614318848,2.7635512351989746,2.1645352840423584,1.471235990524292,,,,,,
4.555443286895752,2.5760717391967773,9.110886573791504,3.0184245109558105,2.4747402667999268,1.57313072681427,2.5760717391967773,177,177,,,,,,,,,,,,
,,,,,,,177,177,3.4779810905456543,2.307812213897705,6.95596170425415,2.637415647506714,1.6299647092819214,1.276700735092163,,,,,,
4.578909873962402,2.563384532928467,9.157820701599121,3.026189088821411,2.5868804454803467,1.6083781719207764,2.563384532928467,178,178,,,,,,,,,,,,
,,,,,,,178,178,3.1551640033721924,2.168087959289551,6.310328006744385,2.5120365619659424,1.6097218990325928,1.268748164176941,,,,,,
4.87932014465332,2.686760902404785,9.75864028930664,3.123882293701172,2.539957284927368,1.5937243700027466,2.563384532928467,179,179,,,,,,,,,,,,
,,,,,,,179,179,3.252507209777832,2.170480489730835,6.505014419555664,2.550493001937866,1.794028639793396,1.3394135236740112,,,,,,
4.444843292236328,2.5341408252716064,8.889686584472656,2.981557846069336,2.467817544937134,1.570928931236267,2.5341408252716064,180,180,,,,,,,,,,,,
,,,,,,,180,180,3.4319889545440674,2.2775511741638184,6.863978385925293,2.619919538497925,1.6767388582229614,1.2948895692825317,,,,,,
4.277081489562988,2.4854326248168945,8.554163932800293,2.924750328063965,2.376789093017578,1.5416837930679321,2.4854326248168945,181,181,,,,,,,,,,,,
,,,,,,,181,181,3.199805736541748,2.1435136795043945,6.399610996246338,2.52974534034729,1.8049603700637817,1.343488097190857,,,,,,
4.415066719055176,2.5350236892700195,8.830133438110352,2.9715540409088135,2.403787612915039,1.550415277481079,2.4854326248168945,182,182,,,,,,,,,,,,
,,,,,,,182,182,2.9046263694763184,2.0607824325561523,5.809252738952637,2.4102392196655273,1.56242835521698,1.2499713897705078,,,,,,
4.380419731140137,2.484199047088623,8.760839462280273,2.959871530532837,2.589594841003418,1.6092218160629272,2.484199047088623,183,183,,,,,,,,,,,,
,,,,,,,183,183,2.998873472213745,2.1295485496520996,5.99774694442749,2.4490296840667725,1.4627695083618164,1.209450125694275,,,,,,
4.52740478515625,2.5725958347320557,9.054810523986816,3.0091211795806885,2.43656063079834,1.5609486103057861,2.484199047088623,184,184,,,,,,,,,,,,
,,,,,,,184,184,3.132720708847046,2.10018253326416,6.265441417694092,2.5030863285064697,1.8546741008758545,1.3618642091751099,,,,,,
4.224246025085449,2.443821430206299,8.448492050170898,2.9066290855407715,2.4762284755706787,1.573603630065918,2.443821430206299,185,185,,,,,,,,,,,,
,,,,,,,185,185,3.103717565536499,2.1694111824035645,6.207435131072998,2.4914724826812744,1.5010894536972046,1.2251895666122437,,,,,,
4.173590183258057,2.4529240131378174,8.347179412841797,2.889148473739624,2.3303446769714355,1.526546597480774,2.443821430206299,186,186,,,,,,,,,,,,
,,,,,,,186,186,2.963073968887329,2.0439445972442627,5.926148891448975,2.434368371963501,1.7484387159347534,1.3222854137420654,,,,,,
4.051612854003906,2.400728225708008,8.103225708007812,2.846616506576538,2.3397293090820312,1.529617428779602,2.400728225708008,187,187,,,,,,,,,,,,
,,,,,,,187,187,2.771392583847046,2.0362038612365723,5.542785167694092,2.354311943054199,1.3966593742370605,1.1818034648895264,,,,,,
3.9985921382904053,2.3860602378845215,7.997183799743652,2.8279292583465576,2.3038992881774902,1.5178600549697876,2.3860602378845215,188,188,,,,,,,,,,,,
,,,,,,,188,188,2.705904960632324,1.9844685792922974,5.411809921264648,2.3263297080993652,1.4736944437026978,1.2139581441879272,,,,,,
3.9973647594451904,2.384356737136841,7.994730472564697,2.8274953365325928,2.309572696685791,1.5197278261184692,2.384356737136841,189,189,,,,,,,,,,,,
,,,,,,,189,189,2.6244421005249023,1.955981969833374,5.248884201049805,2.291044235229492,1.4230190515518188,1.1929036378860474,,,,,,
3.9419093132019043,2.354334592819214,7.88381814956665,2.807813882827759,2.3409271240234375,1.5300089120864868,2.354334592819214,190,190,,,,,,,,,,,,
,,,,,,,190,190,2.610156536102295,1.9370397329330444,5.22031307220459,2.2848005294799805,1.4681894779205322,1.2116886377334595,,,,,,
4.334420680999756,2.4956116676330566,8.668841361999512,2.9442896842956543,2.440763473510742,1.5622942447662354,2.354334592819214,191,191,,,,,,,,,,,,
,,,,,,,191,191,2.6204161643981934,1.915770173072815,5.240832328796387,2.2892863750457764,1.5706567764282227,1.253258466720581,,,,,,
5.193005084991455,2.7136058807373047,10.386012077331543,3.222733736038208,3.022353172302246,1.7384916543960571,2.354334592819214,192,192,,,,,,,,,,,,
,,,,,,,192,192,2.8652970790863037,2.0839078426361084,5.730593204498291,2.3938658237457275,1.387922763824463,1.1781013011932373,,,,,,
7.81622314453125,3.474534273147583,15.632445335388184,3.9537887573242188,3.560058832168579,1.8868118524551392,2.354334592819214,193,193,,,,,,,,,,,,
,,,,,,,193,193,4.185874938964844,2.407212018966675,8.371749877929688,2.893397569656372,2.577078342437744,1.60532808303833,,,,,,
4.211277961730957,2.421813488006592,8.422554969787598,2.9021637439727783,2.557374954223633,1.5991795063018799,2.354334592819214,194,194,,,,,,,,,,,,
,,,,,,,194,194,6.745983600616455,3.2712085247039795,13.49197006225586,3.6731417179107666,2.7911643981933594,1.6706777811050415,,,,,,
5.498899459838867,2.8188767433166504,10.997798919677734,3.3162930011749268,3.0517337322235107,1.746921181678772,2.354334592819214,195,195,,,,,,,,,,,,
,,,,,,,195,195,2.8915553092956543,2.034723997116089,5.783110618591309,2.4048099517822266,1.6430087089538574,1.2817989587783813,,,,,,
5.293838024139404,2.8284904956817627,10.587677001953125,3.253870964050293,2.5873186588287354,1.608514428138733,2.354334592819214,196,196,,,,,,,,,,,,
,,,,,,,196,196,4.3660173416137695,2.4996821880340576,8.732034683227539,2.9550015926361084,2.4836227893829346,1.575951337814331,,,,,,
5.049534797668457,2.7580678462982178,10.099069595336914,3.177903413772583,2.492130756378174,1.5786484479904175,2.354334592819214,197,197,,,,,,,,,,,,
,,,,,,,197,197,4.06835412979126,2.4906904697418213,8.13670825958252,2.852491617202759,1.9331691265106201,1.390384554862976,,,,,,
5.123134613037109,2.7106971740722656,10.246270179748535,3.200979471206665,2.8983917236328125,1.702466368675232,2.354334592819214,198,198,,,,,,,,,,,,
,,,,,,,198,198,3.767549753189087,2.400707721710205,7.535099029541016,2.745013475418091,1.7717019319534302,1.3310528993606567,,,,,,
4.793625831604004,2.6199474334716797,9.587250709533691,3.0963284969329834,2.7231290340423584,1.6501905918121338,2.354334592819214,199,199,,,,,,,,,,,,
,,,,,,,199,199,3.7824645042419434,2.3692917823791504,7.564929008483887,2.750441551208496,1.951384425163269,1.39691960811615,,,,,,
4.86561393737793,2.706148862838745,9.731228828430176,3.1194918155670166,2.4079864025115967,1.5517687797546387,2.354334592819214,200,200,,,,,,,,,,,,
,,,,,,,200,200,3.4505791664123535,2.2775535583496094,6.901158332824707,2.6270055770874023,1.7139081954956055,1.309163212776184,,,,,,
4.558817386627197,2.6076653003692627,9.117634773254395,3.0195422172546387,2.317716360092163,1.5224047899246216,2.354334592819214,201,201,,,,,,,,,,,,
,,,,,,,201,201,3.523359775543213,2.33418607711792,7.046720027923584,2.6545658111572266,1.59829580783844,1.2642372846603394,,,,,,
4.619146823883057,2.530653476715088,9.238292694091797,3.0394558906555176,2.8340868949890137,1.6834746599197388,2.354334592819214,202,202,,,,,,,,,,,,
,,,,,,,202,202,3.198049545288086,2.2253503799438477,6.396099090576172,2.5290510654449463,1.443914771080017,1.2016299962997437,,,,,,
4.046588897705078,2.3804931640625,8.093177795410156,2.844851016998291,2.426431179046631,1.5577006340026855,2.354334592819214,203,203,,,,,,,,,,,,
,,,,,,,203,203,3.451927900314331,2.213290214538574,6.903855323791504,2.627518892288208,2.005202054977417,1.4160516262054443,,,,,,
4.814713954925537,2.6594161987304688,9.629426956176758,3.1031317710876465,2.5569334030151367,1.5990413427352905,2.354334592819214,204,204,,,,,,,,,,,,
,,,,,,,204,204,2.816192626953125,2.001591444015503,5.632385730743408,2.373264789581299,1.6260173320770264,1.2751538753509521,,,,,,
3.9739432334899902,2.373624324798584,7.947885990142822,2.819199562072754,2.3137929439544678,1.5211156606674194,2.354334592819214,205,205,,,,,,,,,,,,
,,,,,,,205,205,3.4539294242858887,2.2876367568969727,6.907858848571777,2.6282806396484375,1.6745768785476685,1.294054388999939,,,,,,
4.527834892272949,2.5114998817443848,9.055670738220215,3.0092642307281494,2.7480382919311523,1.6577208042144775,2.354334592819214,206,206,,,,,,,,,,,,
,,,,,,,206,206,2.5803468227386475,1.9323489665985107,5.160693645477295,2.2717161178588867,1.4267208576202393,1.1944541931152344,,,,,,
4.202652454376221,2.451671600341797,8.405304908752441,2.8991904258728027,2.3946125507354736,1.54745352268219,2.354334592819214,207,207,,,,,,,,,,,,
,,,,,,,207,207,3.3886303901672363,2.178335666656494,6.777260780334473,2.6033172607421875,2.0321145057678223,1.4255225658416748,,,,,,
4.4551005363464355,2.5232839584350586,8.910201072692871,2.9849960803985596,2.5432395935058594,1.5947537422180176,2.354334592819214,208,208,,,,,,,,,,,,
,,,,,,,208,208,2.6996984481811523,2.0007331371307373,5.399397850036621,2.323660373687744,1.3964643478393555,1.1817209720611572,,,,,,
4.228893756866455,2.420851945877075,8.457786560058594,2.9082274436950684,2.5972628593444824,1.611602544784546,2.354334592819214,209,209,,,,,,,,,,,,
,,,,,,,209,209,2.9033615589141846,2.0840206146240234,5.806723117828369,2.4097142219543457,1.4635816812515259,1.20978581905365,,,,,,
3.9841079711914062,2.3513355255126953,7.968216896057129,2.822803020477295,2.4394378662109375,1.5618699789047241,2.3513355255126953,210,210,,,,,,,,,,,,
,,,,,,,210,210,2.9608190059661865,2.0217018127441406,5.921637058258057,2.433441400527954,1.834359049797058,1.3543851375579834,,,,,,
4.519850730895996,2.557360887527466,9.039701461791992,3.0066096782684326,2.499608039855957,1.58101487159729,2.3513355255126953,211,211,,,,,,,,,,,,
,,,,,,,211,211,2.4934098720550537,1.8984808921813965,4.986819267272949,2.233118772506714,1.3825894594192505,1.1758356094360352,,,,,,
3.9443483352661133,2.3416924476623535,7.888697624206543,2.808682441711426,2.405172348022461,1.5508618354797363,2.3416924476623535,212,212,,,,,,,,,,,,
,,,,,,,212,212,2.915067672729492,2.1203463077545166,5.830134868621826,2.414567232131958,1.334267497062683,1.1551049947738647,,,,,,
4.018196105957031,2.365133762359619,8.036392211914062,2.834853172302246,2.4425337314605713,1.5628607273101807,2.3416924476623535,213,213,,,,,,,,,,,,
,,,,,,,213,213,2.4608755111694336,1.8938283920288086,4.921751022338867,2.2185020446777344,1.33516526222229,1.1554934978485107,,,,,,
4.159626483917236,2.435314178466797,8.319252967834473,2.8843114376068115,2.388497829437256,1.5454765558242798,2.3416924476623535,214,214,,,,,,,,,,,,
,,,,,,,214,214,2.653351068496704,1.9379645586013794,5.30670166015625,2.3036279678344727,1.5509954690933228,1.245389699935913,,,,,,
3.958935260772705,2.371896266937256,7.91787052154541,2.813871145248413,2.2919790744781494,1.5139284133911133,2.3416924476623535,215,215,,,,,,,,,,,,
,,,,,,,215,215,2.581589937210083,1.971082091331482,5.163179874420166,2.2722630500793457,1.27801513671875,1.1304932832717896,,,,,,
4.030999183654785,2.37239408493042,8.06199836730957,2.8393657207489014,2.433743715286255,1.5600460767745972,2.3416924476623535,216,216,,,,,,,,,,,,
,,,,,,,216,216,2.388680934906006,1.8856682777404785,4.777361869812012,2.1857175827026367,1.2216163873672485,1.1052675247192383,,,,,,
3.9386000633239746,2.368478775024414,7.877199172973633,2.8066349029541016,2.2675087451934814,1.5058249235153198,2.3416924476623535,217,217,,,,,,,,,,,,
,,,,,,,217,217,2.657679557800293,1.9297617673873901,5.315359115600586,2.3055062294006348,1.5913782119750977,1.2614984512329102,,,,,,
3.967564105987549,2.37648868560791,7.935127258300781,2.8169357776641846,2.2874293327331543,1.5124249458312988,2.3416924476623535,218,218,,,,,,,,,,,,
,,,,,,,218,218,2.3409740924835205,1.8722046613693237,4.681948184967041,2.163780927658081,1.1767975091934204,1.0848029851913452,,,,,,
3.914466619491577,2.3245062828063965,7.828932762145996,2.798022985458374,2.4256036281585693,1.5574349164962769,2.3245062828063965,219,219,,,,,,,,,,,,
,,,,,,,219,219,2.3538432121276855,1.8804906606674194,4.707686424255371,2.169720411300659,1.171441674232483,1.0823315382003784,,,,,,
3.862806797027588,2.3411779403686523,7.725613117218018,2.779498815536499,2.2444982528686523,1.4981650114059448,2.3245062828063965,220,220,,,,,,,,,,,,
,,,,,,,220,220,2.523242235183716,1.8686150312423706,5.046484470367432,2.2464382648468018,1.5547621250152588,1.246901035308838,,,,,,
3.9161787033081055,2.3623876571655273,7.832356929779053,2.7986347675323486,2.2514801025390625,1.5004932880401611,2.3245062828063965,221,221,,,,,,,,,,,,
,,,,,,,221,221,2.2533133029937744,1.8326016664505005,4.506626605987549,2.1228816509246826,1.1481980085372925,1.0715399980545044,,,,,,
3.873046875,2.3128232955932617,7.746093273162842,2.7831804752349854,2.3969409465789795,1.5482057332992554,2.3128232955932617,222,222,,,,,,,,,,,,
,,,,,,,222,222,2.280316114425659,1.8507272005081177,4.560632228851318,2.135563611984253,1.1354410648345947,1.0655707120895386,,,,,,
3.884148597717285,2.3448708057403564,7.768296718597412,2.7871663570404053,2.2698771953582764,1.5066111087799072,2.3128232955932617,223,223,,,,,,,,,,,,
,,,,,,,223,223,2.4189422130584717,1.8374940156936646,4.837884426116943,2.199519157409668,1.4615000486373901,1.2089251279830933,,,,,,
3.8579964637756348,2.331605911254883,7.715993404388428,2.7777676582336426,2.2796075344085693,1.5098369121551514,2.3128232955932617,224,224,,,,,,,,,,,,
,,,,,,,224,224,2.21199893951416,1.8131271600723267,4.42399787902832,2.103330135345459,1.1365673542022705,1.0660991668701172,,,,,,
3.852093458175659,2.3056061267852783,7.704187393188477,2.775641679763794,2.388366460800171,1.5454341173171997,2.3056061267852783,225,225,,,,,,,,,,,,
,,,,,,,225,225,2.170677900314331,1.792809247970581,4.341355323791504,2.083591938018799,1.1271909475326538,1.061692476272583,,,,,,
3.960153102874756,2.3632404804229736,7.920306205749512,2.8143038749694824,2.335399866104126,1.5282014608383179,2.3056061267852783,226,226,,,,,,,,,,,,
,,,,,,,226,226,2.31706166267395,1.8053830862045288,4.6341233253479,2.1527013778686523,1.374715805053711,1.1724827289581299,,,,,,
3.740927219390869,2.2858200073242188,7.481853485107422,2.735297679901123,2.256880760192871,1.5022917985916138,2.2858200073242188,227,227,,,,,,,,,,,,
,,,,,,,227,227,2.236783504486084,1.8414324522018433,4.47356653213501,2.1150808334350586,1.0826935768127441,1.0405256748199463,,,,,,
3.719480276107788,2.2691991329193115,7.438961029052734,2.7274458408355713,2.289696216583252,1.5131741762161255,2.2691991329193115,228,228,,,,,,,,,,,,
,,,,,,,228,228,2.0828163623809814,1.7499960660934448,4.165632724761963,2.0409882068634033,1.1031458377838135,1.0503075122833252,,,,,,
3.9792628288269043,2.3613195419311523,7.958525657653809,2.8210859298706055,2.382694959640503,1.5435980558395386,2.2691991329193115,229,229,,,,,,,,,,,,
,,,,,,,229,229,2.1487977504730225,1.7497228384017944,4.297595500946045,2.0730643272399902,1.2360656261444092,1.1117849349975586,,,,,,
3.707872152328491,2.2645158767700195,7.415743827819824,2.7231862545013428,2.2877116203308105,1.512518286705017,2.2645158767700195,230,230,,,,,,,,,,,,
,,,,,,,230,230,2.2636425495147705,1.8426942825317383,4.527284622192383,2.127741575241089,1.1317620277404785,1.063843011856079,,,,,,
3.706120491027832,2.2794458866119385,7.412241458892822,2.722543239593506,2.21636700630188,1.4887467622756958,2.2645158767700195,231,231,,,,,,,,,,,,
,,,,,,,231,231,2.1622331142425537,1.7394473552703857,4.324465751647949,2.0795350074768066,1.2987892627716064,1.1396443843841553,,,,,,
3.732567310333252,2.2898013591766357,7.465134143829346,2.7322397232055664,2.2219440937042236,1.4906187057495117,2.2645158767700195,232,232,,,,,,,,,,,,
,,,,,,,232,232,2.026744842529297,1.7176438570022583,4.053489685058594,2.0133280754089355,1.10318922996521,1.0503281354904175,,,,,,
3.69203782081604,2.2600274085998535,7.384076118469238,2.7173657417297363,2.2763524055480957,1.508758544921875,2.2600274085998535,233,233,,,,,,,,,,,,
,,,,,,,233,233,2.033911943435669,1.7249835729599,4.06782341003418,2.0168845653533936,1.0922554731369019,1.0451102256774902,,,,,,
3.8274002075195312,2.3205111026763916,7.654799938201904,2.766731023788452,2.270028591156006,1.5066614151000977,2.2600274085998535,234,234,,,,,,,,,,,,
,,,,,,,234,234,2.1143531799316406,1.7168097496032715,4.2287068367004395,2.056381940841675,1.2812711000442505,1.1319324970245361,,,,,,
3.641268491744995,2.2510452270507812,7.28253698348999,2.698617696762085,2.21533203125,1.4883991479873657,2.2510452270507812,235,235,,,,,,,,,,,,
,,,,,,,235,235,2.0998876094818115,1.7706290483474731,4.199775218963623,2.049335241317749,1.0646476745605469,1.0318176746368408,,,,,,
3.6322052478790283,2.2529489994049072,7.264410495758057,2.6952569484710693,2.188631057739258,1.4794023036956787,2.2510452270507812,236,236,,,,,,,,,,,,
,,,,,,,236,236,1.996614933013916,1.691011667251587,3.993230104446411,1.9983067512512207,1.13370943069458,1.0647579431533813,,,,,,
3.7317094802856445,2.28723406791687,7.463418006896973,2.7319257259368896,2.2319788932800293,1.493980884552002,2.2510452270507812,237,237,,,,,,,,,,,,
,,,,,,,237,237,1.9535255432128906,1.6841357946395874,3.9070510864257812,1.9766261577606201,1.0707377195358276,1.0347645282745361,,,,,,
3.640312433242798,2.2431933879852295,7.280625343322754,2.69826340675354,2.2487080097198486,1.499569296836853,2.2431933879852295,238,238,,,,,,,,,,,,
,,,,,,,238,238,2.0078117847442627,1.7244529724121094,4.015623092651367,2.003901958465576,1.0418851375579834,1.0207277536392212,,,,,,
3.7931439876556396,2.303555965423584,7.5862884521484375,2.754321813583374,2.2799179553985596,1.5099396705627441,2.2431933879852295,239,239,,,,,,,,,,,,
,,,,,,,239,239,2.067556381225586,1.7006622552871704,4.135112762451172,2.0334975719451904,1.242861032485962,1.1148368120193481,,,,,,
3.5927164554595947,2.2297756671905518,7.185432434082031,2.680565595626831,2.213533639907837,1.4877948760986328,2.2297756671905518,240,240,,,,,,,,,,,,
,,,,,,,240,240,2.060318946838379,1.7462596893310547,4.120637893676758,2.029935359954834,1.0712146759033203,1.0349949598312378,,,,,,
3.6029205322265625,2.243980884552002,7.205841064453125,2.6843698024749756,2.170391321182251,1.4732247591018677,2.2297756671905518,241,241,,,,,,,,,,,,
,,,,,,,241,241,1.9686733484268188,1.6581859588623047,3.9373464584350586,1.9842747449874878,1.1877657175064087,1.0898466110229492,,,,,,
3.609917163848877,2.2478740215301514,7.219834327697754,2.6869750022888184,2.1668975353240967,1.4720385074615479,2.2297756671905518,242,242,,,,,,,,,,,,
,,,,,,,242,242,1.8958977460861206,1.6536293029785156,3.791795492172241,1.9472533464431763,1.0573060512542725,1.0282539129257202,,,,,,
3.572476625442505,2.227144956588745,7.14495325088501,2.673004627227783,2.1847782135009766,1.4780995845794678,2.227144956588745,243,243,,,,,,,,,,,,
,,,,,,,243,243,1.8922622203826904,1.657572627067566,3.7845242023468018,1.9453853368759155,1.0369770526885986,1.0183206796646118,,,,,,
3.730393648147583,2.286306858062744,7.460787773132324,2.7314443588256836,2.233588695526123,1.494519591331482,2.227144956588745,244,244,,,,,,,,,,,,
,,,,,,,244,244,1.9325199127197266,1.656234860420227,3.865039825439453,1.9659703969955444,1.1219265460968018,1.0592103004455566,,,,,,
3.589517593383789,2.2286314964294434,7.179035186767578,2.6793720722198486,2.2122368812561035,1.4873590469360352,2.227144956588745,245,245,,,,,,,,,,,,
,,,,,,,245,245,1.970702052116394,1.7085752487182617,3.94140362739563,1.9852968454360962,1.0221742391586304,1.011026382446289,,,,,,
3.69242787361145,2.272580146789551,7.3848557472229,2.7175090312957764,2.2202348709106445,1.4900453090667725,2.227144956588745,246,246,,,,,,,,,,,,
,,,,,,,246,246,1.966991662979126,1.6637593507766724,3.933983564376831,1.9834272861480713,1.1658881902694702,1.0797630548477173,,,,,,
3.5320184230804443,2.2141036987304688,7.0640363693237305,2.657825469970703,2.1617822647094727,1.4703000783920288,2.2141036987304688,247,247,,,,,,,,,,,,
,,,,,,,247,247,1.9300744533538818,1.6844862699508667,3.8601489067077637,1.964726209640503,1.0226552486419678,1.0112642049789429,,,,,,
3.5440616607666016,2.2236557006835938,7.088123321533203,2.662353038787842,2.1434783935546875,1.4640623331069946,2.2141036987304688,248,248,,,,,,,,,,,,
,,,,,,,248,248,1.8650115728378296,1.6253780126571655,3.730023145675659,1.9313267469406128,1.088169813156128,1.0431537628173828,,,,,,
3.555065155029297,2.2279341220855713,7.110130310058594,2.66648268699646,2.14643931388855,1.4650731086730957,2.2141036987304688,249,249,,,,,,,,,,,,
,,,,,,,249,249,1.8189966678619385,1.6217037439346313,3.637993335723877,1.9073524475097656,1.0080702304840088,1.004027009010315,,,,,,
3.5152268409729004,2.2075352668762207,7.030453681945801,2.6515002250671387,2.1572413444519043,1.4687550067901611,2.2075352668762207,250,250,,,,,,,,,,,,
,,,,,,,250,250,1.8167991638183594,1.620901346206665,3.6335980892181396,1.9061999320983887,1.0062769651412964,1.0031335353851318,,,,,,
3.6788077354431152,2.2663955688476562,7.3576154708862305,2.7124924659729004,2.221066474914551,1.4903242588043213,2.2075352668762207,251,251,,,,,,,,,,,,
,,,,,,,251,251,1.851232647895813,1.6191326379776,3.702465057373047,1.9241790771484375,1.0808748006820679,1.0396512746810913,,,,,,
3.566774368286133,2.2182579040527344,7.133549213409424,2.670870542526245,2.212881088256836,1.4875755310058594,2.2075352668762207,252,252,,,,,,,,,,,,
,,,,,,,252,252,1.9076241254806519,1.6740728616714478,3.815248489379883,1.9532661437988281,1.0127286911010742,1.006344199180603,,,,,,
3.7701239585876465,2.2959113121032715,7.540247440338135,2.7459511756896973,2.2690389156341553,1.5063329935073853,2.2075352668762207,253,253,,,,,,,,,,,,
,,,,,,,253,253,1.950302004814148,1.65775728225708,3.9006035327911377,1.9749945402145386,1.152444839477539,1.0735198259353638,,,,,,
3.557835578918457,2.217137336730957,7.115670204162598,2.6675214767456055,2.199972629547119,1.483230471611023,2.2075352668762207,254,254,,,,,,,,,,,,
,,,,,,,254,254,2.011671781539917,1.7263416051864624,4.023343563079834,2.0058274269104004,1.0430880784988403,1.0213168859481812,,,,,,
3.6233768463134766,2.2567596435546875,7.246753692626953,2.69197940826416,2.1537890434265137,1.4675793647766113,2.2075352668762207,255,255,,,,,,,,,,,,
,,,,,,,255,255,1.978920817375183,1.6687320470809937,3.957841634750366,1.989432454109192,1.17317533493042,1.0831321477890015,,,,,,
3.4289212226867676,2.187950849533081,6.857842445373535,2.618748188018799,2.0707132816314697,1.4389972686767578,2.187950849533081,256,256,,,,,,,,,,,,
,,,,,,,256,256,1.8857780694961548,1.6657863855361938,3.7715561389923096,1.942049503326416,0.9967124462127686,0.9983548521995544,,,,,,
3.41371488571167,2.185436487197876,6.827429294586182,2.6129350662231445,2.051297187805176,1.4322350025177002,2.185436487197876,257,257,,,,,,,,,,,,
,,,,,,,257,257,1.7663047313690186,1.5855519771575928,3.532609701156616,1.879523754119873,1.0186349153518677,1.0092744827270508,,,,,,
3.5109496116638184,2.2186362743377686,7.021899223327637,2.6498866081237793,2.0995523929595947,1.4489831924438477,2.185436487197876,258,258,,,,,,,,,,,,
,,,,,,,258,258,1.7302919626235962,1.5744223594665527,3.460583448410034,1.8602643013000488,0.9817781448364258,0.9908471703529358,,,,,,
3.4616682529449463,2.1895508766174316,6.923337459564209,2.631223678588867,2.129204511642456,1.459179401397705,2.185436487197876,259,259,,,,,,,,,,,,
,,,,,,,259,259,1.7749898433685303,1.6095491647720337,3.5499792098999023,1.884138822555542,0.9593315124511719,0.9794546961784363,,,,,,
3.64646577835083,2.2642040252685547,7.29293155670166,2.70054292678833,2.166311740875244,1.4718395471572876,2.185436487197876,260,260,,,,,,,,,,,,
,,,,,,,260,260,1.8333778381347656,1.6107646226882935,3.6667556762695312,1.9148774147033691,1.0721925497055054,1.035467267036438,,,,,,
3.47627592086792,2.194171190261841,6.952552318572998,2.6367692947387695,2.1381642818450928,1.462246298789978,2.185436487197876,261,261,,,,,,,,,,,,
,,,,,,,261,261,1.8872867822647095,1.6693006753921509,3.774573802947998,1.942826271057129,0.9880089163780212,0.9939863681793213,,,,,,
3.5667104721069336,2.237915277481079,7.133420944213867,2.670846462249756,2.1251559257507324,1.4577914476394653,2.185436487197876,262,262,,,,,,,,,,,,
,,,,,,,262,262,1.864293098449707,1.6254708766937256,3.728586435317993,1.9309548139572144,1.0864307880401611,1.042319893836975,,,,,,
3.392540693283081,2.1750142574310303,6.78508186340332,2.6048190593719482,2.0543954372406006,1.4333162307739258,2.1750142574310303,263,263,,,,,,,,,,,,
,,,,,,,263,263,1.813693642616272,1.6238020658493042,3.627387046813965,1.9045699834823608,0.9906538128852844,0.9953159093856812,,,,,,
3.3922550678253174,2.1819748878479004,6.784510135650635,2.6047091484069824,2.023496389389038,1.4224965572357178,2.1750142574310303,264,264,,,,,,,,,,,,
,,,,,,,264,264,1.7219626903533936,1.5664156675338745,3.44392466545105,1.8557814359664917,0.9902671575546265,0.9951216578483582,,,,,,
3.410552501678467,2.18733286857605,6.821105480194092,2.611724615097046,2.0366806983947754,1.4271231889724731,2.1750142574310303,265,265,,,,,,,,,,,,
,,,,,,,265,265,1.6624042987823486,1.5468863248825073,3.324808359146118,1.8234057426452637,0.931951105594635,0.9653761386871338,,,,,,
3.3800153732299805,2.16890287399292,6.760030269622803,2.600005865097046,2.0558907985687256,1.4338377714157104,2.16890287399292,266,266,,,,,,,,,,,,
,,,,,,,266,266,1.670665979385376,1.5552579164505005,3.341331958770752,1.8279310464859009,0.9225053191184998,0.9604713916778564,,,,,,
3.5701420307159424,2.234123945236206,7.140283107757568,2.672130823135376,2.148972749710083,1.4659374952316284,2.16890287399292,267,267,,,,,,,,,,,,
,,,,,,,267,267,1.7275546789169312,1.5705167055130005,3.4551095962524414,1.8587925434112549,0.9885873198509216,0.99427729845047,,,,,,
3.5245118141174316,2.2061362266540527,7.04902458190918,2.6549999713897705,2.1819868087768555,1.4771549701690674,2.16890287399292,268,268,,,,,,,,,,,,
,,,,,,,268,268,1.8172072172164917,1.6315175294876099,3.6344144344329834,1.9064140319824219,0.9725645184516907,0.9861868619918823,,,,,,
3.7958827018737793,2.3028078079223633,7.5917649269104,2.7553157806396484,2.2888410091400146,1.5128916501998901,2.16890287399292,269,269,,,,,,,,,,,,
,,,,,,,269,269,1.9345135688781738,1.6586205959320068,3.8690271377563477,1.9669842720031738,1.118004560470581,1.0573573112487793,,,,,,
3.5384137630462646,2.212395191192627,7.076827049255371,2.6602306365966797,2.1821348667144775,1.4772050380706787,2.16890287399292,270,270,,,,,,,,,,,,
,,,,,,,270,270,2.0758910179138184,1.7592664957046509,4.1517815589904785,2.0375921726226807,1.0567625761032104,1.0279896259307861,,,,,,
3.4600534439086914,2.2083797454833984,6.920106887817383,2.6306095123291016,2.0431644916534424,1.4293930530548096,2.16890287399292,271,271,,,,,,,,,,,,
,,,,,,,271,271,1.9564740657806396,1.6718829870224,3.9129478931427,1.9781172275543213,1.11775541305542,1.0572395324707031,,,,,,
3.3125476837158203,2.1591386795043945,6.625096321105957,2.5739262104034424,1.9632171392440796,1.4011485576629639,2.1591386795043945,272,272,,,,,,,,,,,,
,,,,,,,272,272,1.7369223833084106,1.5930919647216797,3.4738452434539795,1.8638254404067993,0.9359031319618225,0.9674208760261536,,,,,,
3.3640780448913574,2.164546251296997,6.728156566619873,2.5938689708709717,2.0428965091705322,1.4292993545532227,2.1591386795043945,273,273,,,,,,,,,,,,
,,,,,,,273,273,1.6297991275787354,1.5368943214416504,3.2595982551574707,1.8054357767105103,0.8975538015365601,0.9473931789398193,,,,,,
3.5807442665100098,2.2493324279785156,7.1614885330200195,2.676095724105835,2.101992607116699,1.4498250484466553,2.1591386795043945,274,274,,,,,,,,,,,,
,,,,,,,274,274,1.7395167350769043,1.5823798179626465,3.4790332317352295,1.865216612815857,0.9751070141792297,0.9874750971794128,,,,,,
3.3833889961242676,2.1702306270599365,6.766777992248535,2.6013031005859375,2.0568766593933105,1.434181571006775,2.1591386795043945,275,275,,,,,,,,,,,,
,,,,,,,275,275,1.836459755897522,1.647620439529419,3.672919750213623,1.9164862632751465,0.9582660794258118,0.9789106845855713,,,,,,
3.3343780040740967,2.167970657348633,6.668756484985352,2.5823936462402344,1.9686596393585205,1.4030892848968506,2.1591386795043945,276,276,,,,,,,,,,,,
,,,,,,,276,276,1.7256641387939453,1.5699536800384521,3.4513280391693115,1.8577749729156494,0.9865734577178955,0.9932640194892883,,,,,,
3.3384008407592773,2.16764760017395,6.676801681518555,2.5839507579803467,1.9781060218811035,1.4064515829086304,2.1591386795043945,277,277,,,,,,,,,,,,
,,,,,,,277,277,1.6015517711639404,1.5222359895706177,3.2031033039093018,1.7897216081619263,0.8859000205993652,0.941222608089447,,,,,,
3.331087112426758,2.153895378112793,6.662174224853516,2.5811188220977783,2.022909641265869,1.422290325164795,2.153895378112793,278,278,,,,,,,,,,,,
,,,,,,,278,278,1.5983624458312988,1.5205421447753906,3.1967248916625977,1.7879387140274048,0.884676456451416,0.9405723810195923,,,,,,
3.5106043815612793,2.2094154357910156,7.021208763122559,2.64975643157959,2.139692544937134,1.462768793106079,2.153895378112793,279,279,,,,,,,,,,,,
,,,,,,,279,279,1.6872766017913818,1.560656189918518,3.3745532035827637,1.8369957208633423,0.9389054179191589,0.968971312046051,,,,,,
3.3566505908966064,2.158771514892578,6.713301658630371,2.591003894805908,2.0530073642730713,1.432831883430481,2.153895378112793,280,280,,,,,,,,,,,,
,,,,,,,280,280,1.7639055252075195,1.5980905294418335,3.527811050415039,1.878246784210205,0.9739173054695129,0.9868724942207336,,,,,,
3.391761064529419,2.180896043777466,6.783522129058838,2.6045196056365967,2.0272140502929688,1.4238026142120361,2.153895378112793,281,281,,,,,,,,,,,,
,,,,,,,281,281,1.7237399816513062,1.5803419351577759,3.4474799633026123,1.8567390441894531,0.9499989748001099,0.9746789336204529,,,,,,
3.2426350116729736,2.1281726360321045,6.485270023345947,2.546619415283203,1.956150770187378,1.3986246585845947,2.1281726360321045,282,282,,,,,,,,,,,,
,,,,,,,282,282,1.6405452489852905,1.5409698486328125,3.281090259552002,1.811378002166748,0.9065024256706238,0.9521042108535767,,,,,,
3.234708786010742,2.1237828731536865,6.469417572021484,2.5435049533843994,1.958964228630066,1.399630069732666,2.1237828731536865,283,283,,,,,,,,,,,,
,,,,,,,283,283,1.5490654706954956,1.4927111864089966,3.098130941390991,1.7601507902145386,0.869944155216217,0.9327079653739929,,,,,,
3.349510669708252,2.1610593795776367,6.69902229309082,2.588247060775757,2.0288443565368652,1.424375057220459,2.1237828731536865,284,284,,,,,,,,,,,,
,,,,,,,284,284,1.5409013032913208,1.4876680374145508,3.0818026065826416,1.7555063962936401,0.8686466217041016,0.932012140750885,,,,,,
3.3118398189544678,2.144911289215088,6.623680114746094,2.573651075363159,2.0230352878570557,1.4223344326019287,2.1237828731536865,285,285,,,,,,,,,,,,
,,,,,,,285,285,1.599382996559143,1.5197557210922241,3.1987662315368652,1.788509488105774,0.8891085982322693,0.9429255723953247,,,,,,
3.444525957107544,2.1933414936065674,6.889052867889404,2.6247005462646484,2.0783045291900635,1.441632628440857,2.1237828731536865,286,286,,,,,,,,,,,,
,,,,,,,286,286,1.6597387790679932,1.550854206085205,3.3194775581359863,1.8219434022903442,0.9143289923667908,0.9562055468559265,,,,,,
3.286569595336914,2.1378464698791504,6.573139667510986,2.5638134479522705,2.002751588821411,1.4151860475540161,2.1237828731536865,287,287,,,,,,,,,,,,
,,,,,,,287,287,1.7004127502441406,1.5652717351913452,3.4008255004882812,1.8441327810287476,0.9507497549057007,0.9750639796257019,,,,,,
3.303816556930542,2.1505722999572754,6.607633590698242,2.5705318450927734,1.9826724529266357,1.4080740213394165,2.1237828731536865,288,288,,,,,,,,,,,,
,,,,,,,288,288,1.6353716850280762,1.5417165756225586,3.2707433700561523,1.808519721031189,0.8938535451889038,0.9454382658004761,,,,,,
3.200827121734619,2.113111972808838,6.401655197143555,2.530149221420288,1.9364120960235596,1.3915503025054932,2.113111972808838,289,289,,,,,,,,,,,,
,,,,,,,289,289,1.5587258338928223,1.4976128339767456,3.1174521446228027,1.765630841255188,0.874607503414154,0.9352045059204102,,,,,,
3.2035326957702637,2.1115665435791016,6.407064914703369,2.5312180519104004,1.9483509063720703,1.3958333730697632,2.1115665435791016,290,290,,,,,,,,,,,,
,,,,,,,290,290,1.4835501909255981,1.4623231887817383,2.967100143432617,1.722527265548706,0.8287110924720764,0.9103357195854187,,,,,,
3.3447577953338623,2.154254913330078,6.689515113830566,2.5864098072052,2.048701286315918,1.431328535079956,2.1115665435791016,291,291,,,,,,,,,,,,
,,,,,,,291,291,1.4868172407150269,1.467399001121521,2.9736344814300537,1.7244229316711426,0.8203743696212769,0.9057452082633972,,,,,,
3.426193952560425,2.1813647747039795,6.852388858795166,2.617706775665283,2.094036102294922,1.4470784664154053,2.1115665435791016,292,292,,,,,,,,,,,,
,,,,,,,292,292,1.5737817287445068,1.506043791770935,3.1475632190704346,1.774137258529663,0.8793953061103821,0.9377607703208923,,,,,,
3.7988884449005127,2.277261972427368,7.597777366638184,2.756406545639038,2.411855459213257,1.5530149936676025,2.1115665435791016,293,293,,,,,,,,,,,,
,,,,,,,293,293,1.7908467054367065,1.6229110956192017,3.581693649291992,1.8925362825393677,0.9478529691696167,0.9735773801803589,,,,,,
3.5413198471069336,2.209622859954834,7.082640647888184,2.661323070526123,2.2002062797546387,1.483309268951416,2.1115665435791016,294,294,,,,,,,,,,,,
,,,,,,,294,294,2.12605357170105,1.7562803030014038,4.252106666564941,2.062063694000244,1.1675857305526733,1.0805487632751465,,,,,,
3.426276206970215,2.2001426219940186,6.852551460266113,2.6177377700805664,2.0119247436523438,1.4184232950210571,2.1115665435791016,295,295,,,,,,,,,,,,
,,,,,,,295,295,2.0162758827209473,1.731223225593567,4.032552242279053,2.0081214904785156,1.0354183912277222,1.0175551176071167,,,,,,
3.2228453159332275,2.1358776092529297,6.445690155029297,2.5388364791870117,1.8837168216705322,1.372485637664795,2.1115665435791016,296,296,,,,,,,,,,,,
,,,,,,,296,296,1.700308084487915,1.5693821907043457,3.400615930557251,1.8440759181976318,0.9376554489135742,0.9683260917663574,,,,,,
3.362269401550293,2.1656157970428467,6.724539756774902,2.5931718349456787,2.0346477031707764,1.4264107942581177,2.1115665435791016,297,297,,,,,,,,,,,,
,,,,,,,297,297,1.5156875848770142,1.4915118217468262,3.0313751697540283,1.7410844564437866,0.8067673444747925,0.8982023000717163,,,,,,
3.6054739952087402,2.2387959957122803,7.2109479904174805,2.6853208541870117,2.198740005493164,1.482814908027649,2.1115665435791016,298,298,,,,,,,,,,,,
,,,,,,,298,298,1.7679758071899414,1.6189152002334595,3.5359513759613037,1.8804125785827637,0.915065348148346,0.956590473651886,,,,,,
3.2883195877075195,2.1450748443603516,6.576639652252197,2.5644960403442383,1.975293755531311,1.4054514169692993,2.1115665435791016,299,299,,,,,,,,,,,,
,,,,,,,299,299,1.9130685329437256,1.6745030879974365,3.8261375427246094,1.9560514688491821,1.0221761465072632,1.011027216911316,,,,,,
3.2462804317474365,2.1246206760406494,6.492561340332031,2.5480504035949707,1.9785478115081787,1.4066085815429688,2.1115665435791016,300,300,,,,,,,,,,,,
,,,,,,,300,300,1.5743916034698486,1.5047060251235962,3.1487836837768555,1.7744812965393066,0.8846434950828552,0.9405548572540283,,,,,,
3.497213125228882,2.189953327178955,6.994426727294922,2.644697904586792,2.19853138923645,1.482744574546814,2.1115665435791016,301,301,,,,,,,,,,,,
,,,,,,,301,301,1.526538372039795,1.478292465209961,3.0530762672424316,1.7473053932189941,0.8677278161048889,0.931519091129303,,,,,,
3.3550684452056885,2.147430419921875,6.710137367248535,2.590393304824829,2.098679542541504,1.4486819505691528,2.1115665435791016,302,302,,,,,,,,,,,,
,,,,,,,302,302,1.7620742321014404,1.5907212495803833,3.524148464202881,1.8772715330123901,0.9937549829483032,0.99687260389328,,,,,,
3.3134827613830566,2.1577320098876953,6.626965522766113,2.574289321899414,1.9711573123931885,1.4039790630340576,2.1115665435791016,303,303,,,,,,,,,,,,
,,,,,,,303,303,1.731706142425537,1.5928363800048828,3.4634125232696533,1.8610246181488037,0.9262851476669312,0.962437093257904,,,,,,
3.2250783443450928,2.1306889057159424,6.450156211853027,2.5397157669067383,1.910321593284607,1.3821438550949097,2.1115665435791016,304,304,,,,,,,,,,,,
,,,,,,,304,304,1.5455776453018188,1.4835373163223267,3.0911552906036377,1.7581682205200195,0.8902719616889954,0.9435422420501709,,,,,,
3.2747228145599365,2.1305992603302,6.549446105957031,2.5591886043548584,2.009993314743042,1.417742371559143,2.1115665435791016,305,305,,,,,,,,,,,,
,,,,,,,305,305,1.455747365951538,1.4518516063690186,2.9114949703216553,1.7063103914260864,0.8036220073699951,0.8964496850967407,,,,,,
3.4054105281829834,2.1719796657562256,6.810820579528809,2.609754800796509,2.093324661254883,1.4468326568603516,2.1115665435791016,306,306,,,,,,,,,,,,
,,,,,,,306,306,1.5684833526611328,1.5272817611694336,3.1369667053222656,1.771148443222046,0.8043773770332336,0.8968708515167236,,,,,,
3.2340307235717773,2.1243557929992676,6.468061447143555,2.543238401412964,1.9551739692687988,1.398275375366211,2.1115665435791016,307,307,,,,,,,,,,,,
,,,,,,,307,307,1.656154990196228,1.5640008449554443,3.312309980392456,1.8199752569198608,0.8662108182907104,0.9307044744491577,,,,,,
3.166712522506714,2.106253147125244,6.333424091339111,2.516629457473755,1.8971225023269653,1.3773607015609741,2.106253147125244,308,308,,,,,,,,,,,,
,,,,,,,308,308,1.5128440856933594,1.488915205001831,3.0256881713867188,1.7394505739212036,0.8088199496269226,0.8993442058563232,,,,,,
3.257542371749878,2.122123956680298,6.515084743499756,2.55246639251709,2.011674165725708,1.4183349609375,2.106253147125244,309,309,,,,,,,,,,,,
,,,,,,,309,309,1.4159678220748901,1.4228495359420776,2.8319358825683594,1.6828356981277466,0.8074350357055664,0.8985738754272461,,,,,,
3.267974615097046,2.1166374683380127,6.535949230194092,2.5565502643585205,2.0557944774627686,1.4338041543960571,2.106253147125244,310,310,,,,,,,,,,,,
,,,,,,,310,310,1.5000956058502197,1.4596011638641357,3.0001912117004395,1.7321059703826904,0.8697558641433716,0.9326070547103882,,,,,,
3.3561620712280273,2.1565651893615723,6.712323188781738,2.5908150672912598,2.0615503787994385,1.4358099699020386,2.106253147125244,311,311,,,,,,,,,,,,
,,,,,,,311,311,1.5775245428085327,1.5222865343093872,3.1550498008728027,1.7762459516525269,0.8376932740211487,0.9152558445930481,,,,,,
3.2029480934143066,2.103886365890503,6.40589714050293,2.530987501144409,1.9795587062835693,1.4069678783416748,2.103886365890503,312,312,,,,,,,,,,,,
,,,,,,,312,312,1.587430715560913,1.5045645236968994,3.174861431121826,1.7818140983581543,0.9111469984054565,0.9545401930809021,,,,,,
3.1332473754882812,2.088627338409424,6.266495227813721,2.5032968521118164,1.904130220413208,1.3799022436141968,2.088627338409424,313,313,,,,,,,,,,,,
,,,,,,,313,313,1.4868621826171875,1.4747707843780518,2.973724365234375,1.7244490385055542,0.7987756729125977,0.8937425017356873,,,,,,
3.1115763187408447,2.079066753387451,6.223153114318848,2.4946248531341553,1.9006338119506836,1.3786348104476929,2.079066753387451,314,314,,,,,,,,,,,,
,,,,,,,314,314,1.3957535028457642,1.4185010194778442,2.7915070056915283,1.6707803010940552,0.7793617844581604,0.8828147053718567,,,,,,
3.1542208194732666,2.0880932807922363,6.308441162109375,2.5116610527038574,1.9483081102371216,1.3958181142807007,2.079066753387451,315,315,,,,,,,,,,,,
,,,,,,,315,315,1.3679940700531006,1.4053453207015991,2.7359883785247803,1.6540822982788086,0.760992705821991,0.872348964214325,,,,,,
3.2783586978912354,2.121870517730713,6.5567169189453125,2.5606086254119873,2.05438232421875,1.4333117008209229,2.079066753387451,316,316,,,,,,,,,,,,
,,,,,,,316,316,1.4324488639831543,1.4459697008132935,2.8648979663848877,1.692600965499878,0.7740695476531982,0.8798122406005859,,,,,,
3.2617347240448,2.107314109802246,6.5234694480896,2.5541083812713623,2.0826964378356934,1.44315505027771,2.079066753387451,317,317,,,,,,,,,,,,
,,,,,,,317,317,1.5109844207763672,1.4652056694030762,3.0219688415527344,1.7383811473846436,0.8751415014266968,0.9354899525642395,,,,,,
3.2862749099731445,2.1247751712799072,6.572549343109131,2.5636982917785645,2.0578811168670654,1.4345316886901855,2.079066753387451,318,318,,,,,,,,,,,,
,,,,,,,318,318,1.5646196603775024,1.5236698389053345,3.129239320755005,1.7689656019210815,0.8076699376106262,0.8987045884132385,,,,,,
3.139763116836548,2.0841565132141113,6.279526710510254,2.5058984756469727,1.9358172416687012,1.391336441040039,2.079066753387451,319,319,,,,,,,,,,,,
,,,,,,,319,319,1.5093944072723389,1.4723408222198486,3.0187888145446777,1.7374662160873413,0.8510013222694397,0.9224973320960999,,,,,,
3.078509569168091,2.0655155181884766,6.157019138336182,2.4813342094421387,1.8906642198562622,1.375014305114746,2.0655155181884766,320,320,,,,,,,,,,,,
,,,,,,,320,320,1.3857457637786865,1.4187721014022827,2.7714920043945312,1.6647799015045166,0.7585774064064026,0.8709635138511658,,,,,,
3.143331289291382,2.0830438137054443,6.286662578582764,2.507321834564209,1.9475911855697632,1.3955612182617188,2.0655155181884766,321,321,,,,,,,,,,,,
,,,,,,,321,321,1.3218867778778076,1.380644679069519,2.6437740325927734,1.6259686946868896,0.7375938892364502,0.858832836151123,,,,,,
3.198906898498535,2.104027509689331,6.39781379699707,2.5293900966644287,1.9708819389343262,1.4038810729980469,2.0655155181884766,322,322,,,,,,,,,,,,
,,,,,,,322,322,1.3817390203475952,1.4065088033676147,2.7634780406951904,1.6623711585998535,0.7852113842964172,0.8861215114593506,,,,,,
3.369563341140747,2.154972553253174,6.739126205444336,2.595982789993286,2.095219135284424,1.447487235069275,2.0655155181884766,323,323,,,,,,,,,,,,
,,,,,,,323,323,1.4619052410125732,1.4733089208602905,2.9238104820251465,1.7099153995513916,0.7531713247299194,0.8678544163703918,,,,,,
3.286388874053955,2.1229944229125977,6.572778224945068,2.5637431144714355,2.0656728744506836,1.4372448921203613,2.0655155181884766,324,324,,,,,,,,,,,,
,,,,,,,324,324,1.5748831033706665,1.5033131837844849,3.149766445159912,1.7747581005096436,0.8898152709007263,0.943300187587738,,,,,,
3.266875982284546,2.1272385120391846,6.53375244140625,2.5561206340789795,2.008607864379883,1.4172536134719849,2.0655155181884766,325,325,,,,,,,,,,,,
,,,,,,,325,325,1.57467520236969,1.5293902158737183,3.14935040473938,1.7746409177780151,0.8103163838386536,0.9001757502555847,,,,,,
3.0814833641052246,2.067598819732666,6.162966251373291,2.482532262802124,1.8880013227462769,1.3740456104278564,2.0655155181884766,326,326,,,,,,,,,,,,
,,,,,,,326,326,1.4616681337356567,1.4389413595199585,2.9233360290527344,1.7097766399383545,0.8527833819389343,0.9234626889228821,,,,,,
3.086282730102539,2.0632479190826416,6.172565460205078,2.4844648838043213,1.915574073791504,1.3840426206588745,2.0632479190826416,327,327,,,,,,,,,,,,
,,,,,,,327,327,1.3139325380325317,1.380967140197754,2.6278650760650635,1.621069073677063,0.7207948565483093,0.8489964008331299,,,,,,
3.2435660362243652,2.121893882751465,6.487132549285889,2.546984910964966,1.9846986532211304,1.408793330192566,2.0632479190826416,328,328,,,,,,,,,,,,
,,,,,,,328,328,1.3404171466827393,1.4074819087982178,2.6808342933654785,1.637325406074524,0.6998294591903687,0.8365581035614014,,,,,,
3.192303419113159,2.0988378524780273,6.384607315063477,2.526777982711792,1.9794857501983643,1.4069420099258423,2.0632479190826416,329,329,,,,,,,,,,,,
,,,,,,,329,329,1.4683715105056763,1.4587583541870117,2.9367430210113525,1.7136927843093872,0.8087673187255859,0.8993149399757385,,,,,,
3.2068521976470947,2.109527826309204,6.413704872131348,2.532529354095459,1.9635974168777466,1.4012842178344727,2.0632479190826416,330,330,,,,,,,,,,,,
,,,,,,,330,330,1.467088222503662,1.474057674407959,2.934176206588745,1.71294367313385,0.7613301277160645,0.8725423216819763,,,,,,
3.084717273712158,2.0642549991607666,6.169434547424316,2.483834743499756,1.9082863330841064,1.381407380104065,2.0632479190826416,331,331,,,,,,,,,,,,
,,,,,,,331,331,1.4007376432418823,1.4156877994537354,2.8014752864837646,1.6737607717514038,0.7973030805587769,0.8929182887077332,,,,,,
3.086422920227051,2.066289186477661,6.172845363616943,2.4845211505889893,1.9032937288284302,1.3795990943908691,2.0632479190826416,332,332,,,,,,,,,,,,
,,,,,,,332,332,1.2900949716567993,1.3770943880081177,2.5801897048950195,1.6062968969345093,0.6838012337684631,0.8269227743148804,,,,,,
3.1409504413604736,2.0853395462036133,6.2819013595581055,2.5063722133636475,1.9332611560821533,1.3904175758361816,2.0632479190826416,333,333,,,,,,,,,,,,
,,,,,,,333,333,1.2616329193115234,1.3537287712097168,2.523265838623047,1.5884790420532227,0.6906840801239014,0.831074059009552,,,,,,
3.1419119834899902,2.0757758617401123,6.2838239669799805,2.5067555904388428,1.9749784469604492,1.405339241027832,2.0632479190826416,334,334,,,,,,,,,,,,
,,,,,,,334,334,1.3058745861053467,1.3645634651184082,2.6117491722106934,1.6160906553268433,0.7497156262397766,0.865861177444458,,,,,,
3.183135509490967,2.101778984069824,6.366271495819092,2.5231471061706543,1.9487969875335693,1.3959932327270508,2.0632479190826416,335,335,,,,,,,,,,,,
,,,,,,,335,335,1.3482104539871216,1.4147857427597046,2.696420907974243,1.6420782804489136,0.6948018074035645,0.8335477113723755,,,,,,
3.1236913204193115,2.078477144241333,6.247382164001465,2.499476432800293,1.9273146390914917,1.388277530670166,2.0632479190826416,336,336,,,,,,,,,,,,
,,,,,,,336,336,1.380778193473816,1.406244158744812,2.761556386947632,1.6617931127548218,0.7840338349342346,0.8854568600654602,,,,,,
3.1080574989318848,2.078721284866333,6.2161149978637695,2.4932138919830322,1.8950328826904297,1.3766019344329834,2.0632479190826416,337,337,,,,,,,,,,,,
,,,,,,,337,337,1.3511712551116943,1.4169747829437256,2.7023425102233887,1.6438803672790527,0.6945248246192932,0.8333815336227417,,,,,,
3.0533218383789062,2.0526108741760254,6.106644153594971,2.4711625576019287,1.8934326171875,1.3760205507278442,2.0526108741760254,338,338,,,,,,,,,,,,
,,,,,,,338,338,1.3185442686080933,1.3665624856948853,2.6370887756347656,1.6239116191864014,0.7695959806442261,0.8772661685943604,,,,,,
3.0452277660369873,2.0597176551818848,6.090455532073975,2.4678847789764404,1.8480184078216553,1.3594183921813965,2.0526108741760254,339,339,,,,,,,,,,,,
,,,,,,,339,339,1.276067852973938,1.3647408485412598,2.552135944366455,1.5975406169891357,0.6896181702613831,0.8304325342178345,,,,,,
3.0051257610321045,2.038140058517456,6.010251998901367,2.4515814781188965,1.8562363386154175,1.3624376058578491,2.038140058517456,340,340,,,,,,,,,,,,
,,,,,,,340,340,1.236109972000122,1.3186392784118652,2.472219944000244,1.5723295211791992,0.733410120010376,0.8563936948776245,,,,,,
3.0118520259857178,2.039597749710083,6.0237040519714355,2.4543235301971436,1.8637452125549316,1.3651905059814453,2.038140058517456,341,341,,,,,,,,,,,,
,,,,,,,341,341,1.20614755153656,1.3209747076034546,2.41229510307312,1.5531564950942993,0.6673207879066467,0.8168970346450806,,,,,,
3.045530080795288,2.055896520614624,6.091060638427734,2.4680073261260986,1.864349126815796,1.3654117584228516,2.038140058517456,342,342,,,,,,,,,,,,
,,,,,,,342,342,1.199312448501587,1.3165709972381592,2.398624897003174,1.5487494468688965,0.6652655005455017,0.8156380653381348,,,,,,
3.0528454780578613,2.04801869392395,6.105690956115723,2.4709696769714355,1.9113101959228516,1.382501482963562,2.038140058517456,343,343,,,,,,,,,,,,
,,,,,,,343,343,1.2047842741012573,1.3059513568878174,2.4095683097839355,1.5522783994674683,0.704059362411499,0.8390824794769287,,,,,,
3.1277923583984375,2.0804290771484375,6.255585193634033,2.5011167526245117,1.92739999294281,1.3883082866668701,2.038140058517456,344,344,,,,,,,,,,,,
,,,,,,,344,344,1.2294061183929443,1.3444839715957642,2.4588122367858887,1.568060040473938,0.6511752009391785,0.8069542646408081,,,,,,
3.201122283935547,2.100937604904175,6.402243614196777,2.5302655696868896,1.9883055686950684,1.410072922706604,2.038140058517456,345,345,,,,,,,,,,,,
,,,,,,,345,345,1.2964069843292236,1.3582417964935303,2.5928139686584473,1.6102217435836792,0.747992992401123,0.8648658990859985,,,,,,
3.403942584991455,2.1693968772888184,6.80788516998291,2.609192371368408,2.1016018390655518,1.4496902227401733,2.038140058517456,346,346,,,,,,,,,,,,
,,,,,,,346,346,1.4047038555145264,1.4446007013320923,2.8094077110290527,1.6761287450790405,0.7225367426872253,0.8500216007232666,,,,,,
3.3807168006896973,2.1555678844451904,6.7614336013793945,2.600275754928589,2.1149604320526123,1.4542903900146484,2.038140058517456,347,347,,,,,,,,,,,,
,,,,,,,347,347,1.6110097169876099,1.5301084518432617,3.2220191955566406,1.7949984073638916,0.8807876110076904,0.938502848148346,,,,,,
3.369051456451416,2.166435956954956,6.738102912902832,2.595785617828369,2.0446579456329346,1.4299153089523315,2.038140058517456,348,348,,,,,,,,,,,,
,,,,,,,348,348,1.6620792150497437,1.5776691436767578,3.3241586685180664,1.8232275247573853,0.8351187109947205,0.9138482809066772,,,,,,
3.0312929153442383,2.0491716861724854,6.062585353851318,2.4622318744659424,1.8634815216064453,1.3650939464569092,2.038140058517456,349,349,,,,,,,,,,,,
,,,,,,,349,349,1.5969252586364746,1.5218403339385986,3.193850517272949,1.7871347665786743,0.877852737903595,0.9369379878044128,,,,,,
3.0182132720947266,2.037797689437866,6.036426544189453,2.456913948059082,1.883806586265564,1.3725183010101318,2.037797689437866,350,350,,,,,,,,,,,,
,,,,,,,350,350,1.2551811933517456,1.3537755012512207,2.510362148284912,1.5844122171401978,0.6776542067527771,0.8231975436210632,,,,,,
3.2131974697113037,2.1134612560272217,6.426395416259766,2.535033702850342,1.9596771001815796,1.3998847007751465,2.037797689437866,351,351,,,,,,,,,,,,
,,,,,,,351,351,1.235150933265686,1.3451961278915405,2.470302104949951,1.5717195272445679,0.6607494354248047,0.8128649592399597,,,,,,
3.2086970806121826,2.098294973373413,6.417394161224365,2.5332577228546143,2.0145516395568848,1.4193490743637085,2.037797689437866,352,352,,,,,,,,,,,,
,,,,,,,352,352,1.4361411333084106,1.4437329769134521,2.8722822666168213,1.694780945777893,0.7879174947738647,0.8876471519470215,,,,,,
3.100613594055176,2.0646231174468994,6.201227188110352,2.4902262687683105,1.93855881690979,1.3923213481903076,2.037797689437866,353,353,,,,,,,,,,,,
,,,,,,,353,353,1.4138381481170654,1.444920539855957,2.827676296234131,1.6815695762634277,0.7398813962936401,0.8601635694503784,,,,,,
3.00516414642334,2.0366830825805664,6.01032829284668,2.451596975326538,1.8622504472732544,1.3646429777145386,2.0366830825805664,354,354,,,,,,,,,,,,
,,,,,,,354,354,1.2867071628570557,1.3527295589447021,2.5734148025512695,1.6041866540908813,0.7435374855995178,0.8622862100601196,,,,,,
3.053579092025757,2.0472235679626465,6.107158184051514,2.471266508102417,1.9160338640213013,1.3842087984085083,2.0366830825805664,355,355,,,,,,,,,,,,
,,,,,,,355,355,1.171107530593872,1.2934402227401733,2.3422152996063232,1.530429720878601,0.6692277193069458,0.8180633783340454,,,,,,
3.2107224464416504,2.1105380058288574,6.421444416046143,2.5340569019317627,1.967075228691101,1.4025245904922485,2.0366830825805664,356,356,,,,,,,,,,,,
,,,,,,,356,356,1.2326550483703613,1.3508567810058594,2.4653103351593018,1.570130705833435,0.6404961943626404,0.8003100752830505,,,,,,
3.1507039070129395,2.0817081928253174,6.301408290863037,2.510260581970215,1.9678990840911865,1.4028183221817017,2.0366830825805664,357,357,,,,,,,,,,,,
,,,,,,,357,357,1.3897700309753418,1.424562931060791,2.7795400619506836,1.6671953201293945,0.7501604557037354,0.8661180138587952,,,,,,
3.0669054985046387,2.05574631690979,6.133810520172119,2.4766530990600586,1.9077179431915283,1.3812016248703003,2.0366830825805664,358,358,,,,,,,,,,,,
,,,,,,,358,358,1.349107265472412,1.4079394340515137,2.6982147693634033,1.6426243782043457,0.7159212827682495,0.8461213111877441,,,,,,
2.979154586791992,2.0270233154296875,5.958309650421143,2.440964937210083,1.8494863510131836,1.3599581718444824,2.0270233154296875,359,359,,,,,,,,,,,,
,,,,,,,359,359,1.258944034576416,1.3244768381118774,2.517888069152832,1.5867854356765747,0.7636487483978271,0.8738699555397034,,,,,,
3.0586838722229004,2.058399200439453,6.117367744445801,2.4733312129974365,1.8803611993789673,1.3712626695632935,2.0270233154296875,360,360,,,,,,,,,,,,
,,,,,,,360,360,1.1511646509170532,1.3005601167678833,2.3023295402526855,1.5173429250717163,0.6108724474906921,0.781583309173584,,,,,,
3.1017954349517822,2.0703492164611816,6.203591346740723,2.4907009601593018,1.9172457456588745,1.3846464157104492,2.0270233154296875,361,361,,,,,,,,,,,,
,,,,,,,361,361,1.171127438545227,1.3116748332977295,2.342255115509033,1.5304428339004517,0.621764063835144,0.7885201573371887,,,,,,
3.07171630859375,2.051968574523926,6.143432140350342,2.4785947799682617,1.9328569173812866,1.3902722597122192,2.0270233154296875,362,362,,,,,,,,,,,,
,,,,,,,362,362,1.2327191829681396,1.3333406448364258,2.4654383659362793,1.5701714754104614,0.6876412034034729,0.8292413353919983,,,,,,
3.073193311691284,2.0601117610931396,6.14638614654541,2.4791905879974365,1.9023268222808838,1.3792486190795898,2.0270233154296875,363,363,,,,,,,,,,,,
,,,,,,,363,363,1.2394030094146729,1.3609904050827026,2.4788060188293457,1.5744224786758423,0.6265112161636353,0.7915245890617371,,,,,,
2.9819393157958984,2.0175535678863525,5.963879108428955,2.442105531692505,1.8933566808700562,1.375993013381958,2.0175535678863525,364,364,,,,,,,,,,,,
,,,,,,,364,364,1.1942068338394165,1.2982240915298462,2.388413667678833,1.5454493761062622,0.7030276656150818,0.8384674787521362,,,,,,
2.9838199615478516,2.016925811767578,5.967639446258545,2.4428751468658447,1.8996498584747314,1.3782778978347778,2.016925811767578,365,365,,,,,,,,,,,,
,,,,,,,365,365,1.1047677993774414,1.2656813859939575,2.209535598754883,1.4864506721496582,0.6075862646102905,0.7794781923294067,,,,,,
3.0411224365234375,2.052809476852417,6.082245349884033,2.4662208557128906,1.868219256401062,1.366828203201294,2.016925811767578,366,366,,,,,,,,,,,,
,,,,,,,366,366,1.1060799360275269,1.2681405544281006,2.2121596336364746,1.487333059310913,0.6039790511131287,0.7771608829498291,,,,,,
2.9958057403564453,2.020663261413574,5.991612434387207,2.447777032852173,1.9085314273834229,1.3814960718154907,2.016925811767578,367,367,,,,,,,,,,,,
,,,,,,,367,367,1.1396918296813965,1.2771590948104858,2.279383897781372,1.5097628831863403,0.6482486724853516,0.805138885974884,,,,,,
3.0565409660339355,2.0449435710906982,6.113082408905029,2.4724647998809814,1.9312876462936401,1.3897078037261963,2.016925811767578,368,368,,,,,,,,,,,,
,,,,,,,368,368,1.1415849924087524,1.2965726852416992,2.283169984817505,1.5110162496566772,0.602069616317749,0.7759314775466919,,,,,,
3.165788173675537,2.1003904342651367,6.331576824188232,2.5162625312805176,1.9199353456497192,1.3856172561645508,2.016925811767578,369,369,,,,,,,,,,,,
,,,,,,,369,369,1.2153609991073608,1.3253439664840698,2.4307219982147217,1.559077262878418,0.6741852164268494,0.8210878372192383,,,,,,
3.154447078704834,2.084475040435791,6.30889368057251,2.511751174926758,1.9638581275939941,1.4013772010803223,2.016925811767578,370,370,,,,,,,,,,,,
,,,,,,,370,370,1.3082243204116821,1.3813625574111938,2.6164486408233643,1.6175440549850464,0.7082862854003906,0.8415974378585815,,,,,,
3.070901870727539,2.052781581878662,6.141803741455078,2.4782662391662598,1.9278901815414429,1.3884848356246948,2.016925811767578,371,371,,,,,,,,,,,,
,,,,,,,371,371,1.33699369430542,1.4103717803955078,2.673987627029419,1.6352331638336182,0.6848388910293579,0.827549934387207,,,,,,
3.055102586746216,2.0616612434387207,6.110205173492432,2.4718828201293945,1.8597583770751953,1.3637295961380005,2.016925811767578,372,372,,,,,,,,,,,,
,,,,,,,372,372,1.2428617477416992,1.354674220085144,2.4857237339019775,1.5766178369522095,0.650581419467926,0.8065862655639648,,,,,,
2.924499273300171,1.9952566623687744,5.848998546600342,2.4184703826904297,1.8679492473602295,1.3667293787002563,1.9952566623687744,373,373,,,,,,,,,,,,
,,,,,,,373,373,1.1895769834518433,1.3089126348495483,2.3791539669036865,1.5424506664276123,0.6659014225006104,0.816027820110321,,,,,,
2.935859203338623,2.0030345916748047,5.871718406677246,2.4231629371643066,1.8595706224441528,1.3636606931686401,1.9952566623687744,374,374,,,,,,,,,,,,
,,,,,,,374,374,1.095731258392334,1.2646950483322144,2.191462278366089,1.4803588390350342,0.5920090079307556,0.7694212198257446,,,,,,
3.009742259979248,2.037956476211548,6.019484519958496,2.4534637928009033,1.866217851638794,1.3660959005355835,1.9952566623687744,375,375,,,,,,,,,,,,
,,,,,,,375,375,1.0947602987289429,1.2522408962249756,2.189520835876465,1.4797029495239258,0.6214137077331543,0.7882980108261108,,,,,,
3.043881893157959,2.0301384925842285,6.08776330947876,2.467339277267456,1.9663007259368896,1.402248501777649,1.9952566623687744,376,376,,,,,,,,,,,,
,,,,,,,376,376,1.143314003944397,1.2769304513931274,2.286628007888794,1.512160062789917,0.6560766100883484,0.8099855780601501,,,,,,
3.043074607849121,2.040099859237671,6.0861496925354,2.467012405395508,1.9241414070129395,1.3871341943740845,1.9952566623687744,377,377,,,,,,,,,,,,
,,,,,,,377,377,1.192041277885437,1.3344075679779053,2.384082555770874,1.544047474861145,0.6034390926361084,0.7768134474754333,,,,,,
3.0105366706848145,2.0375916957855225,6.021072864532471,2.4537875652313232,1.8692935705184937,1.3672211170196533,1.9952566623687744,378,378,,,,,,,,,,,,
,,,,,,,378,378,1.1749517917633057,1.286394476890564,2.3499038219451904,1.5329395532608032,0.6950927972793579,0.8337222337722778,,,,,,
2.9893174171447754,2.021733045578003,5.978634834289551,2.445124626159668,1.8912303447723389,1.3752200603485107,1.9952566623687744,379,379,,,,,,,,,,,,
,,,,,,,379,379,1.1349525451660156,1.2962229251861572,2.2699050903320312,1.5066204071044922,0.5897109508514404,0.7679263949394226,,,,,,
2.9628400802612305,2.0280089378356934,5.925680637359619,2.434272050857544,1.8128606081008911,1.346425175666809,1.9952566623687744,380,380,,,,,,,,,,,,
,,,,,,,380,380,1.1346360445022583,1.3036590814590454,2.2692720890045166,1.5064103603363037,0.569744884967804,0.7548144459724426,,,,,,
2.8967647552490234,1.9895269870758057,5.793529510498047,2.406975269317627,1.8353122472763062,1.3547369241714478,1.9895269870758057,381,381,,,,,,,,,,,,
,,,,,,,381,381,1.08199942111969,1.2633633613586426,2.16399884223938,1.4710536003112793,0.5679119825363159,0.7535993456840515,,,,,,
2.909623384475708,1.9860291481018066,5.819246768951416,2.412311553955078,1.8749350309371948,1.3692827224731445,1.9860291481018066,382,382,,,,,,,,,,,,
,,,,,,,382,382,1.0285003185272217,1.207459807395935,2.0570006370544434,1.4342247247695923,0.5990414023399353,0.7739776372909546,,,,,,
2.969801902770996,2.0230085849761963,5.939603328704834,2.4371302127838135,1.8470388650894165,1.3590580224990845,1.9860291481018066,383,383,,,,,,,,,,,,
,,,,,,,383,383,1.0408427715301514,1.222216010093689,2.0816855430603027,1.4428046941757202,0.5878736972808838,0.7667292356491089,,,,,,
2.9148645401000977,1.998558521270752,5.829728603363037,2.414483070373535,1.8354921340942383,1.3548033237457275,1.9860291481018066,384,384,,,,,,,,,,,,
,,,,,,,384,384,1.0415241718292236,1.2222251892089844,2.0830483436584473,1.4432770013809204,0.5892136693000793,0.7676025629043579,,,,,,
2.9107730388641357,1.992000937461853,5.8215460777282715,2.412787914276123,1.8534783124923706,1.3614251613616943,1.9860291481018066,385,385,,,,,,,,,,,,
,,,,,,,385,385,1.0158451795578003,1.206899642944336,2.0316903591156006,1.4253737926483154,0.5750836730003357,0.7583427429199219,,,,,,
2.9723386764526367,2.0194249153137207,5.944676876068115,2.438170909881592,1.8666009902954102,1.3662360906600952,1.9860291481018066,386,386,,,,,,,,,,,,
,,,,,,,386,386,1.0093752145767212,1.2011843919754028,2.0187504291534424,1.4208273887634277,0.57590651512146,0.7588850259780884,,,,,,
2.953117609024048,1.9968279600143433,5.9062347412109375,2.430274724960327,1.9189122915267944,1.385248064994812,1.9860291481018066,387,387,,,,,,,,,,,,
,,,,,,,387,387,1.0253311395645142,1.210756778717041,2.0506622791290283,1.4320133924484253,0.5847305655479431,0.7646767497062683,,,,,,
3.013611316680908,2.0273184776306152,6.027222156524658,2.455040216445923,1.9172025918960571,1.384630799293518,1.9860291481018066,388,388,,,,,,,,,,,,
,,,,,,,388,388,1.040309190750122,1.238434910774231,2.0806186199188232,1.4424349069595337,0.5468977689743042,0.7395253777503967,,,,,,
3.1319713592529297,2.0760436058044434,6.263942718505859,2.502786874771118,1.953985333442688,1.3978502750396729,1.9860291481018066,389,389,,,,,,,,,,,,
,,,,,,,389,389,1.064745306968689,1.243308186531067,2.129490375518799,1.4592773914337158,0.5836751461029053,0.763986349105835,,,,,,
3.3732640743255615,2.1557581424713135,6.746528148651123,2.5974080562591553,2.0992343425750732,1.448873519897461,1.9860291481018066,390,390,,,,,,,,,,,,
,,,,,,,390,390,1.207603096961975,1.3206945657730103,2.4152064323425293,1.5540934801101685,0.6709718704223633,0.8191287517547607,,,,,,
3.499638557434082,2.2059848308563232,6.999277114868164,2.6456146240234375,2.1329081058502197,1.460447907447815,1.9860291481018066,391,391,,,,,,,,,,,,
,,,,,,,391,391,1.536746621131897,1.5111690759658813,3.073493480682373,1.7531381845474243,0.789861261844635,0.8887413740158081,,,,,,
3.4751813411712646,2.212512731552124,6.9503631591796875,2.6363542079925537,2.055150270462036,1.4335795640945435,1.9860291481018066,392,392,,,,,,,,,,,,
,,,,,,,392,392,1.7475619316101074,1.612259864807129,3.495124340057373,1.8695251941680908,0.8957415819168091,0.9464362263679504,,,,,,
2.9085898399353027,2.0206918716430664,5.817180156707764,2.4118831157684326,1.7339839935302734,1.3168082237243652,1.9860291481018066,393,393,,,,,,,,,,,,
,,,,,,,393,393,1.7151626348495483,1.601154088973999,3.4303247928619385,1.8521136045455933,0.8666307330131531,0.9309300184249878,,,,,,
3.006777763366699,2.0535616874694824,6.01355504989624,2.4522550106048584,1.7964404821395874,1.3403135538101196,1.9860291481018066,394,394,,,,,,,,,,,,
,,,,,,,394,394,1.150911808013916,1.3011224269866943,2.301823616027832,1.5171761512756348,0.608903706073761,0.7803228497505188,,,,,,
3.3003830909729004,2.1671178340911865,6.600766181945801,2.5691957473754883,1.904366135597229,1.3799877166748047,1.9860291481018066,395,395,,,,,,,,,,,,
,,,,,,,395,395,1.2340340614318848,1.344911813735962,2.4680678844451904,1.571008563041687,0.6592804193496704,0.8119608759880066,,,,,,
3.102959156036377,2.068324565887451,6.20591926574707,2.491168260574341,1.9279528856277466,1.3885074853897095,1.9860291481018066,396,396,,,,,,,,,,,,
,,,,,,,396,396,1.5582761764526367,1.5348432064056396,3.1165523529052734,1.7653759717941284,0.7608093023300171,0.8722438216209412,,,,,,
2.8696117401123047,1.9991836547851562,5.739223003387451,2.395667552947998,1.7424875497817993,1.3200331926345825,1.9860291481018066,397,397,,,,,,,,,,,,
,,,,,,,397,397,1.3424957990646362,1.4087424278259277,2.6849918365478516,1.6385945081710815,0.7004373073577881,0.8369213342666626,,,,,,
2.9919016361236572,2.0363824367523193,5.9838032722473145,2.446181297302246,1.8369500637054443,1.3553413152694702,1.9860291481018066,398,398,,,,,,,,,,,,
,,,,,,,398,398,1.079638123512268,1.240714430809021,2.159276247024536,1.4694476127624512,0.6199040412902832,0.7873398661613464,,,,,,
3.080963134765625,2.0663363933563232,6.16192626953125,2.4823226928710938,1.8921799659729004,1.3755652904510498,1.9860291481018066,399,399,,,,,,,,,,,,
,,,,,,,399,399,1.1965765953063965,1.2863655090332031,2.393153667449951,1.5469821691513062,0.738417387008667,0.8593121767044067,,,,,,
3.2614450454711914,2.1346213817596436,6.522890090942383,2.55399489402771,1.9662814140319824,1.402241587638855,1.9860291481018066,400,400,,,,,,,,,,,,
,,,,,,,400,400,1.322365641593933,1.3922483921051025,2.644731283187866,1.6262630224227905,0.7063755989074707,0.8404615521430969,,,,,,
3.0783448219299316,2.0766100883483887,6.156689167022705,2.4812676906585693,1.8443803787231445,1.3580796718597412,1.9860291481018066,401,401,,,,,,,,,,,,
,,,,,,,401,401,1.4225366115570068,1.457400918006897,2.8450732231140137,1.6867344379425049,0.7210558652877808,0.8491500616073608,,,,,,
2.8730721473693848,1.9907910823822021,5.7461442947387695,2.397111654281616,1.7828950881958008,1.335250973701477,1.9860291481018066,402,402,,,,,,,,,,,,
,,,,,,,402,402,1.230492353439331,1.34022855758667,2.460984945297241,1.568752646446228,0.6647725105285645,0.8153358101844788,,,,,,
,,,,,,,382,403,,,,,,,3.318575143814087,2.1489620208740234,6.637150287628174,2.5762667655944824,2.019111156463623,1.4209543466567993
